"BHID";"AT";"BRG";"DIP";"PROJECT"
GT13;0.0;330.0;62.0;
S7B;0.0;140.0;75.0;
BKF2Cis1;0.0;330.0;60.0;
S31;0.0;5.0;55.0;BNHS_0626
S45;0.0;15.0;0.0;BNHS_0626
BNF17;0.0;227.0;0.0;BNHS_0626
BNF33;0.0;358.0;40.0;BNHS_0626
GT-RC-21;96.0;331.27;73.87;
GT-RC-21;99.0;330.93;73.78;
GT-RC-21;100.64;331.03;73.58;
GT-RC-21;90.0;331.12;73.57;
GT-RC-21;84.0;330.89;73.48;
GT-RC-21;93.0;331.01;73.47;
GT-RC-21;66.0;331.59;73.44;
GT-RC-21;72.0;331.93;73.4;
GT-RC-21;78.0;331.32;73.39;
GT-RC-21;69.0;331.68;73.38;
GT-RC-21;87.0;331.2;73.37;
GT-RC-21;81.0;331.54;73.35;
GT-RC-21;75.0;332.16;73.22;
GT-RC-21;60.0;331.43;73.21;
GT-RC-21;63.0;331.17;73.08;
GT-RC-21;54.0;331.12;72.91;
GT-RC-21;48.0;330.74;72.88;
GT-RC-21;57.0;331.22;72.76;
GT-RC-21;42.0;330.78;72.74;
GT-RC-21;51.0;330.88;72.7;
GT-RC-21;45.0;330.68;72.62;
GT-RC-21;36.0;330.93;72.47;
GT-RC-21;39.0;330.77;72.38;
GT-RC-21;30.0;331.61;72.07;
GT-RC-21;33.0;331.14;72.07;
GT-RC-21;24.0;331.78;71.81;
GT-RC-21;27.0;331.71;71.72;
GT-RC-21;18.0;332.05;71.67;
GT-RC-21;12.0;331.43;71.49;
GT-RC-21;21.0;332.02;71.45;
GT-RC-21;15.0;332.2;71.35;
GT-RC-21;6.0;331.19;71.07;
GT-RC-21;9.0;331.36;70.93;
GT-RC-21;3.0;330.94;70.13;
GT5;0.0;330.0;70.0;
GT8;0.0;340.0;70.0;
GT9;0.0;340.0;70.0;
GTCis10;0.0;340.0;70.0;
GTCis12;0.0;340.0;70.0;
GTCis13;0.0;340.0;70.0;
GTCis28;0.0;330.0;70.0;
GTCis29;0.0;330.0;70.0;
GTCis31;0.0;330.0;70.0;
GTCis32;0.0;330.0;70.0;
GTCis33;0.0;330.0;70.0;
GTCis34;0.0;330.0;70.0;
GTCis35;0.0;330.0;70.0;
GTCis38;0.0;330.0;70.0;
GTCis39;0.0;330.0;70.0;
GTCis41;0.0;330.0;70.0;
GTCis42;0.0;330.0;70.0;
GTCis43;0.0;340.0;70.0;
GTCis44;0.0;330.0;70.0;
GTCis46;0.0;330.0;70.0;
GTCis47;0.0;340.0;70.0;
GTCis52;0.0;330.0;70.0;
GTCis53;0.0;330.0;70.0;
GTCis54;0.0;330.0;70.0;
GTCis55;0.0;330.0;70.0;
GT-RC-21;0.0;330.36;69.4;
GT4;0.0;330.0;69.0;
GT-RC-19;30.0;328.67;68.1;
GT-RC-19;42.0;328.63;68.1;
GT-RC-19;36.0;328.7;68.09;
GT-RC-19;24.0;328.37;68.07;
GT-RC-19;120.0;328.03;68.03;
GT-RC-19;48.0;328.67;67.96;
GT-RC-19;18.0;327.45;67.92;
GT-RC-19;33.0;328.64;67.92;
GT-RC-19;27.0;328.48;67.91;
GT-RC-19;39.0;328.79;67.88;
GT-RC-19;45.0;328.66;67.88;
GT-RC-19;123.0;328.09;67.86;
GT-RC-19;123.12;328.08;67.86;
GT-RC-19;114.0;328.2;67.83;
GT-RC-19;54.0;328.49;67.79;
GT-RC-19;21.0;327.5;67.78;
GT-RC-19;12.0;326.69;67.76;
GT-RC-19;51.0;328.49;67.74;
GT-RC-19;117.0;328.05;67.66;
GT-RC-19;15.0;326.57;67.58;
GT-RC-19;6.0;326.32;67.53;
GT-RC-19;60.0;328.25;67.52;
GT-RC-19;66.0;328.05;67.5;
GT-RC-19;78.0;328.39;67.48;
GT-RC-19;0.0;326.25;67.47;
GT-RC-19;72.0;328.0;67.47;
GT-RC-19;108.0;328.2;67.47;
GT-RC-19;111.0;328.24;67.37;
GT-RC-19;84.0;328.47;67.36;
GT-RC-19;9.0;326.21;67.34;
GT-RC-19;63.0;328.26;67.34;
GT-RC-19;69.0;328.07;67.34;
GT-RC-19;102.0;328.53;67.34;
GT-RC-19;3.0;326.39;67.24;
GT-RC-19;75.0;327.99;67.24;
GT-RC-19;81.0;328.36;67.24;
GT-RC-19;57.0;328.19;67.23;
GT-RC-19;90.0;328.68;67.17;
GT-RC-19;105.0;328.49;67.12;
GT-RC-19;87.0;328.28;67.07;
GT-RC-19;93.0;328.4;66.96;
GT-RC-19;96.0;328.58;66.91;
GT-RC-19;99.0;328.49;66.73;
GTCis49;0.0;330.0;66.0;
GT-RC-30;102.0;334.93;65.13;
GT-RC-30;108.0;334.96;65.06;
GT10;0.0;340.0;65.0;
GT12;0.0;340.0;65.0;
GT2Bis;0.0;340.0;65.0;
GT3;0.0;340.0;65.0;
GT6;0.0;340.0;65.0;
GT7;0.0;340.0;65.0;
GTCis22;0.0;340.0;65.0;
GTCis23;0.0;160.0;65.0;
GTCis24;0.0;340.0;65.0;
GTCis25;0.0;340.0;65.0;
GTCis26;0.0;330.0;65.0;
GTCis27;0.0;330.0;65.0;
GTCis30;0.0;340.0;65.0;
GT-RC-30;96.0;334.7;64.93;
GT-RC-30;114.0;335.15;64.88;
GT-RC-30;105.0;334.88;64.81;
GT-RC-30;111.0;334.86;64.8;
GT-RC-30;117.0;335.13;64.77;
GT-RC-30;99.0;334.56;64.72;
GT-RC-30;90.0;334.29;64.55;
GT-RC-30;120.0;335.12;64.54;
GT-RC-30;120.22;335.12;64.53;
GT-RC-30;93.0;334.43;64.4;
GT-RC-30;84.0;333.87;64.3;
GT-RC-30;87.0;333.87;64.17;
GT-RC-30;78.0;333.16;64.1;
GT1;0.0;340.0;64.0;
GT-RC-30;72.0;332.66;63.98;
GT-RC-30;66.0;332.2;63.94;
GT-RC-30;81.0;333.17;63.91;
GT-RC-30;60.0;332.17;63.75;
GT-RC-30;75.0;332.6;63.72;
GT-RC-30;69.0;332.15;63.68;
GT-RC-30;63.0;331.97;63.5;
GT-RC-05;0.0;331.53;63.22;
GT-RC-30;54.0;331.87;63.21;
GT-RC-30;57.0;331.91;63.08;
GT-RC-28;120.0;335.37;63.06;
GT-RC-05;3.0;331.54;62.81;
GT-RC-28;123.0;335.39;62.7;
GT-RC-05;36.0;333.6;62.64;
GT-RC-30;48.0;333.42;62.62;
GT-RC-28;124.34;335.4;62.57;
GT-RC-28;114.0;335.41;62.54;
GT-RC-05;6.0;331.28;62.5;
GT-RC-30;51.0;331.7;62.5;
GT-RC-05;54.0;333.75;62.48;
GT-RC-05;30.0;333.02;62.42;
GT-RC-05;39.0;333.79;62.41;
GT-RC-28;117.0;335.46;62.37;
GT-RC-05;18.0;331.48;62.35;
GT-RC-05;12.0;331.11;62.32;
GT-RC-05;57.0;333.49;62.31;
GT-RC-05;24.0;332.16;62.28;
GT-RC-05;9.0;331.49;62.27;
GT-RC-05;33.0;332.87;62.22;
GT-RC-05;42.0;333.85;62.22;
GT-RC-28;108.0;335.39;62.21;
GT-RC-05;48.0;333.85;62.13;
GT-RC-05;15.0;331.12;62.1;
GT-RC-05;21.0;331.28;62.09;
GT-RC-05;45.0;333.86;62.07;
GT-RC-05;27.0;332.1;62.05;
GT-RC-30;42.0;333.53;62.05;
GTCis1;0.0;325.0;62.0;
GTCis11;0.0;340.0;62.0;
GTCis14;0.0;330.0;62.0;
GTCis15;0.0;330.0;62.0;
GTCis16;0.0;325.0;62.0;
GTCis17;0.0;340.0;62.0;
GTCis2;0.0;325.0;62.0;
GTCis20;0.0;340.0;62.0;
GTCis21;0.0;340.0;62.0;
GTCis3;0.0;145.0;62.0;
GTCis4;0.0;325.0;62.0;
GTCis45;0.0;330.0;62.0;
GT-RC-28;102.0;334.99;61.99;
GT-RC-28;111.0;335.34;61.88;
GT-RC-05;51.0;333.78;61.87;
GT-RC-28;105.0;335.02;61.83;
GT-RC-28;96.0;334.69;61.81;
GT-RC-30;45.0;333.49;61.77;
GT-RC-28;90.0;334.37;61.67;
GT-RC-30;36.0;333.14;61.65;
GT-RC-03;54.0;331.28;61.64;
GT-RC-28;99.0;334.83;61.58;
GT-RC-03;57.0;331.43;61.5;
GT-RC-03;0.0;331.17;61.49;
GT-RC-30;39.0;333.11;61.43;
GT-RC-28;84.0;334.13;61.4;
GT-RC-28;93.0;334.34;61.3;
GT-RC-03;58.24;331.38;61.29;
GT-RC-35;96.0;330.26;61.18;
GT-RC-35;90.0;330.17;61.14;
GT-RC-28;78.0;333.98;61.13;
GT-RC-07;0.0;329.63;61.1;
GT-RC-03;6.0;331.46;61.08;
GT-RC-03;3.0;331.61;61.07;
GT-RC-28;87.0;334.19;61.07;
GT-RC-35;99.0;330.39;61.06;
GT-RC-30;30.0;332.97;60.96;
GT-RC-36;6.0;322.64;60.93;
GT-RC-03;48.0;331.53;60.92;
GT-RC-37;35.0;331.54;60.92;
GT-RC-28;81.0;334.06;60.91;
GT-RC-13;0.0;330.5;60.9;
GT-RC-35;100.13;330.36;60.85;
GT-RC-35;93.0;330.1;60.84;
GT-RC-07;3.0;330.32;60.82;
GT-RC-03;9.0;331.45;60.8;
GT-RC-37;30.0;332.73;60.79;
GT-RC-28;72.0;333.9;60.78;
GT-RC-37;45.0;329.21;60.78;
GT-RC-37;55.0;326.16;60.77;
GT-RC-03;51.0;331.53;60.76;
GT-RC-35;84.0;330.34;60.76;
GT-RC-36;3.0;322.5;60.76;
GT-RC-03;12.0;330.89;60.75;
GT-RC-30;33.0;333.02;60.75;
GT-RC-36;9.0;322.86;60.75;
GT-RC-35;87.0;330.18;60.72;
GT-RC-37;60.0;325.57;60.72;
GT-RC-15;0.0;327.12;60.67;
GT-RC-03;18.0;330.52;60.63;
GT-RC-36;12.0;323.36;60.61;
GT-RC-13;3.0;330.63;60.6;
GT-RC-37;25.0;334.65;60.6;
GT-RC-01;0.0;329.72;60.59;
GT-RC-07;6.0;330.37;60.56;
GT-RC-30;0.0;331.78;60.56;
GT-RC-28;75.0;333.8;60.55;
GT-RC-37;50.0;327.11;60.55;
GT-RC-35;78.0;330.41;60.54;
GT-RC-37;40.0;331.01;60.54;
GT-RC-07;36.0;332.91;60.53;
GT-RC-13;6.0;330.7;60.53;
GT-RC-01;6.0;329.91;60.52;
GT-RC-03;15.0;330.77;60.5;
GT-RC-36;0.0;322.25;60.49;
GT-RC-01;12.0;329.85;60.48;
GT-RC-15;6.0;327.65;60.48;
GT-RC-36;15.0;323.68;60.48;
GT-RC-15;3.0;327.25;60.43;
GT-RC-35;81.0;330.23;60.43;
GT-RC-01;24.0;329.66;60.4;
GT-RC-04;6.0;331.97;60.4;
GT-RC-30;24.0;332.96;60.4;
GT-RC-01;9.0;329.88;60.39;
GT-RC-37;20.0;335.28;60.39;
GT-RC-03;24.0;330.41;60.38;
GT-RC-28;66.0;333.64;60.35;
GT-RC-35;72.0;330.04;60.34;
GT-RC-01;3.0;330.08;60.32;
GT-RC-01;18.0;329.8;60.32;
GT-RC-04;0.0;332.49;60.32;
GT-RC-37;5.0;333.23;60.32;
GT-RC-01;15.0;329.86;60.31;
GT-RC-37;0.0;332.85;60.29;
GT-RC-03;30.0;330.7;60.28;
GT-RC-07;9.0;330.47;60.28;
GT-RC-07;30.0;332.79;60.27;
GT-RC-15;9.0;327.32;60.25;
GT-RC-36;18.0;324.07;60.24;
GT-RC-37;15.0;334.49;60.23;
GT-RC-03;27.0;330.36;60.22;
GT-RC-03;21.0;330.33;60.21;
GT-RC-03;42.0;331.47;60.21;
GT-RC-11;0.0;332.26;60.21;
GT-RC-36;21.0;324.11;60.21;
GT-RC-07;39.0;333.06;60.2;
GT-RC-04;12.0;332.47;60.17;
GT-RC-13;9.0;330.66;60.17;
GT-RC-01;27.0;329.47;60.16;
GT-RC-04;18.0;332.6;60.16;
GT-RC-36;27.0;323.74;60.16;
GT-RC-07;12.0;331.14;60.15;
GT-RC-28;69.0;333.7;60.14;
GT-RC-36;51.0;322.46;60.14;
GT-RC-36;33.0;323.43;60.11;
GT-RC-30;27.0;333.06;60.1;
GT-RC-01;21.0;329.78;60.09;
GT-RC-04;15.0;332.64;60.09;
GT-RC-07;42.0;333.16;60.08;
GT-RC-30;6.0;331.66;60.08;
GT-RC-36;45.0;322.94;60.08;
GT-RC-04;9.0;331.99;60.07;
GT-RC-04;24.0;332.67;60.07;
GT-RC-37;10.0;333.48;60.07;
GT-RC-03;33.0;330.73;60.06;
GT-RC-11;6.0;331.92;60.05;
GT-RC-35;75.0;330.05;60.05;
GT-RC-07;48.0;333.12;60.04;
GT-RC-13;12.0;331.35;60.03;
GT-RC-36;24.0;323.99;60.03;
GT-RC-03;45.0;331.45;60.02;
GT-RC-36;39.0;323.08;60.02;
GT-RC-04;3.0;332.49;60.0;
GT-RC-07;45.0;333.3;60.0;
GT-RC-07;54.0;332.74;60.0;
GT-RC-36;57.0;322.45;60.0;
GT-RC-07;24.0;332.16;59.99;
GT-RC-36;30.0;323.66;59.99;
GT-RC-07;18.0;331.62;59.98;
GT-RC-11;3.0;332.36;59.98;
GT-RC-01;28.01;329.48;59.97;
GT-RC-28;60.0;333.42;59.97;
GT-RC-11;12.0;331.87;59.96;
GT-RC-07;33.0;332.47;59.95;
GT-RC-11;18.0;331.99;59.95;
GT-RC-35;66.0;329.93;59.95;
GT-RC-36;63.0;322.22;59.95;
GT-RC-30;3.0;331.89;59.94;
GT-RC-03;36.0;331.25;59.93;
GT-RC-07;15.0;331.06;59.93;
GT-RC-37;65.0;325.25;59.93;
GT-RC-36;36.0;323.33;59.92;
GT-RC-04;21.0;332.59;59.91;
GT-RC-13;18.0;331.85;59.91;
GT-RC-36;54.0;322.44;59.89;
GT-RC-30;18.0;332.62;59.87;
GT-RC-11;9.0;331.73;59.85;
GT-RC-36;48.0;322.66;59.85;
GT-RC-36;99.0;320.96;59.85;
GT-RC-35;0.0;329.72;59.84;
GT-RC-07;51.0;333.13;59.83;
GT-RC-30;9.0;331.84;59.83;
GT-RC-11;24.0;332.76;59.81;
GT-RC-36;42.0;323.03;59.81;
GT-RC-07;57.0;332.83;59.8;
GT-RC-13;66.0;331.21;59.8;
GT-RC-15;12.0;327.37;59.8;
GT-RC-35;60.0;330.05;59.8;
GT-RC-30;12.0;332.23;59.79;
GT-RC-35;69.0;330.07;59.78;
GT-RC-36;60.0;322.46;59.78;
GT-RC-04;28.03;332.57;59.76;
GT-RC-04;27.0;332.57;59.75;
GT-RC-13;15.0;331.03;59.74;
GT-RC-36;69.0;322.03;59.73;
GT-RC-35;6.0;330.0;59.71;
GT-RC-11;15.0;331.78;59.69;
GT-RC-36;100.17;321.07;59.69;
GT-RC-07;21.0;331.74;59.68;
GT-RC-13;42.0;332.21;59.66;
GT-RC-07;57.95;332.79;59.65;
GT-RC-03;39.0;331.41;59.64;
GT-RC-07;27.0;332.19;59.64;
GT-RC-28;63.0;333.56;59.64;
GT-RC-13;21.0;331.83;59.61;
GT-RC-13;48.0;331.84;59.61;
GT-RC-11;21.0;332.14;59.6;
GT-RC-30;21.0;332.71;59.6;
GT-RC-36;81.0;321.78;59.6;
GT-RC-11;27.0;332.82;59.59;
GT-RC-35;3.0;329.74;59.58;
GT-RC-13;24.0;332.18;59.57;
GT-RC-13;36.0;332.8;59.57;
GT-RC-36;75.0;322.01;59.53;
GT-RC-13;30.0;332.25;59.52;
GT-RC-36;66.0;322.3;59.52;
GT-RC-11;30.0;333.33;59.51;
GT-RC-35;30.0;331.16;59.51;
GT-RC-35;63.0;329.91;59.51;
GT-RC-13;69.0;331.41;59.5;
GT-RC-30;15.0;332.29;59.5;
GT-RC-35;42.0;330.19;59.5;
GT-RC-35;36.0;330.69;59.49;
GT-RC-35;9.0;329.89;59.48;
GT-RC-35;54.0;329.95;59.47;
GT-RC-15;15.0;327.42;59.44;
GT-RC-35;12.0;330.46;59.42;
GT-RC-13;27.0;332.27;59.37;
GT-RC-13;45.0;332.28;59.37;
GT-RC-28;54.0;333.04;59.36;
GT-RC-35;48.0;330.04;59.36;
GT-RC-28;57.0;333.14;59.35;
GT-RC-36;72.0;322.0;59.34;
GT-RC-11;60.0;336.36;59.32;
GT-RC-36;93.0;321.45;59.32;
GT-RC-13;51.0;331.8;59.31;
GT-RC-13;54.0;331.45;59.31;
GT-RC-11;36.0;333.72;59.29;
GT-RC-13;60.0;331.45;59.29;
GT-RC-13;70.1;331.39;59.29;
GT-RC-36;87.0;321.6;59.29;
GT-RC-37;70.0;324.89;59.29;
GT-RC-13;33.0;332.45;59.28;
GT-RC-36;84.0;321.75;59.28;
GT-RC-11;33.0;333.33;59.27;
GT-RC-13;39.0;332.97;59.26;
GT-RC-35;39.0;330.74;59.25;
GT-RC-15;18.0;326.88;59.23;
GT-RC-35;33.0;331.08;59.23;
GT-RC-36;78.0;322.24;59.21;
GT-RC-15;60.0;327.81;59.18;
GT-RC-35;57.0;330.04;59.18;
GT-RC-35;24.0;331.32;59.17;
GT-RC-35;45.0;330.25;59.17;
GT-RC-13;63.0;331.54;59.16;
GT-RC-13;57.0;331.62;59.15;
GT-RC-15;63.0;327.9;59.14;
GT-RC-36;96.0;321.56;59.12;
GT-RC-35;15.0;330.45;59.09;
GT-RC-36;90.0;321.7;59.08;
GT-RC-11;39.0;333.67;59.07;
GT-RC-35;18.0;330.94;59.07;
GT-RC-11;63.0;336.13;59.04;
GT-RC-15;64.01;327.95;59.04;
GT-RC-35;51.0;330.17;59.03;
GT-RC-11;42.0;334.95;58.94;
GT-RC-11;63.97;336.12;58.9;
GT-RC-35;27.0;331.23;58.9;
GT-RC-15;21.0;326.78;58.86;
GT-RC-35;21.0;331.1;58.85;
GT-RC-11;54.0;336.52;58.84;
GT-RC-28;48.0;332.49;58.84;
GT-RC-37;75.0;323.95;58.7;
GT-RC-11;45.0;334.86;58.67;
GT-RC-15;54.0;328.14;58.66;
GT-RC-28;51.0;332.61;58.64;
GT-RC-11;48.0;336.01;58.63;
GT-RC-11;57.0;336.48;58.59;
GT-RC-15;24.0;326.22;58.58;
GT-RC-15;57.0;328.21;58.54;
GT-RC-15;48.0;327.63;58.45;
GT-RC-11;51.0;336.07;58.44;
GT-RC-28;42.0;332.49;58.38;
GT-RC-15;51.0;327.78;58.26;
GT-RC-15;27.0;326.04;58.22;
GT-RC-28;45.0;332.56;58.08;
GT-RC-37;80.0;323.99;58.07;
GT-RC-28;36.0;332.3;58.04;
GT-RC-15;30.0;326.35;57.94;
GT-RC-28;0.0;330.2;57.79;
GT-RC-15;42.0;327.2;57.73;
GT-RC-28;39.0;332.39;57.69;
GT-RC-15;33.0;326.28;57.66;
GT-RC-15;45.0;327.28;57.64;
GT-RC-37;85.0;323.88;57.64;
GT-RC-15;36.0;326.6;57.59;
GT-RC-28;30.0;331.59;57.59;
GT-RC-28;3.0;330.3;57.52;
GT-RC-28;33.0;331.65;57.39;
GT-RC-15;39.0;326.75;57.3;
GT-RC-37;90.0;323.9;57.29;
GT-RC-28;24.0;331.18;57.26;
GT-RC-28;6.0;330.33;57.25;
GT-RC-37;95.0;324.11;57.25;
GT-RC-37;99.23;323.72;57.16;
GT-RC-28;27.0;331.2;56.93;
GT-RC-28;9.0;330.36;56.92;
GT-RC-28;18.0;330.93;56.71;
GT-RC-28;12.0;330.38;56.6;
GT-RC-28;21.0;330.91;56.55;
GT-RC-28;15.0;330.58;56.33;
GT-RC-10;0.0;332.77;56.19;
GT-RC-10;42.0;332.71;55.99;
GT-RC-10;6.0;333.21;55.91;
GT-RC-10;3.0;332.82;55.89;
GT-RC-06;0.0;331.65;55.83;
GT-RC-10;45.0;332.72;55.75;
GT-RC-10;45.17;332.72;55.74;
GT-RC-10;9.0;333.11;55.6;
GT-RC-09;0.0;332.95;55.5;
GT-RC-10;12.0;333.46;55.5;
GT-RC-06;3.0;331.76;55.49;
GT-RC-06;6.0;332.13;55.46;
GT-RC-10;36.0;333.2;55.45;
GT-RC-09;6.0;332.67;55.39;
GT-RC-09;12.0;332.72;55.25;
GT-RC-06;12.0;332.16;55.2;
GT-RC-10;39.0;333.12;55.2;
GT-RC-10;15.0;333.43;55.17;
GT-RC-09;24.0;333.25;55.16;
GT-RC-09;3.0;333.06;55.14;
GT-RC-06;9.0;332.03;55.13;
GT-RC-09;9.0;332.78;55.1;
GT-RC-09;18.0;332.64;55.09;
GT-RC-09;15.0;332.65;55.02;
GT-RC-10;18.0;333.37;55.0;
GT11;0.0;340.0;55.0;
GTCis19;0.0;340.0;55.0;
GT-RC-10;30.0;333.43;54.95;
GT-RC-06;30.0;332.21;54.94;
GT-RC-06;24.0;332.14;54.91;
GT-RC-06;15.0;332.32;54.89;
GT-RC-10;24.0;333.43;54.89;
GT-RC-06;18.0;332.07;54.88;
GT-RC-09;30.0;334.09;54.87;
GT-RC-09;21.0;332.71;54.8;
GT-RC-06;27.0;332.2;54.77;
GT-RC-10;33.0;333.38;54.72;
GT-RC-06;21.0;332.22;54.71;
GT-RC-10;21.0;333.47;54.7;
GT-RC-09;36.0;334.98;54.66;
GT-RC-09;27.0;333.46;54.64;
GT-RC-09;33.0;334.28;54.54;
GT-RC-06;33.0;332.09;54.53;
GT-RC-10;27.0;333.4;54.5;
GT-RC-09;42.0;335.33;54.48;
GT-RC-08;0.0;334.78;54.37;
GT-RC-09;39.0;334.93;54.36;
GT-RC-06;33.93;332.06;54.3;
GT-RC-08;6.0;335.26;54.11;
GT-RC-09;45.0;335.27;54.11;
GT-RC-08;3.0;334.92;53.99;
GT-RC-08;12.0;335.86;53.81;
GT-RC-08;9.0;335.36;53.77;
GT-RC-09;60.0;335.56;53.77;
GT-RC-09;48.0;335.37;53.76;
GT-RC-08;18.0;336.46;53.64;
GT-RC-09;63.0;335.44;53.55;
GT-RC-09;63.12;335.44;53.53;
GT-RC-08;24.0;336.52;53.52;
GT-RC-09;51.0;335.43;53.52;
GT-RC-08;42.0;336.27;53.46;
GT-RC-08;15.0;335.78;53.43;
GT-RC-09;54.0;335.54;53.39;
GT-RC-08;21.0;336.4;53.35;
GT-RC-08;27.0;336.66;53.24;
GT-RC-09;57.0;335.61;53.24;
GT-RC-08;30.0;336.48;53.23;
GT-RC-08;45.0;336.13;53.18;
GT-RC-08;45.64;336.08;53.04;
GT-RC-08;33.0;336.41;53.03;
GT-RC-08;36.0;336.33;52.93;
GT-RC-08;39.0;336.23;52.71;
GT-FARW-ZE-R1;0.0;339.0;45.0;
GT-FARW-ZE-R2;0.0;339.0;45.0;
GT-FARW-ZE-R3;0.0;339.0;45.0;
GT-FARW-ZE-R4;0.0;339.0;45.0;
GT-FARW-ZE-R5;0.0;339.0;45.0;
GT-FARW-ZE-R6;0.0;339.0;45.0;
GT-FARW-ZE-R7;0.0;339.0;45.0;
GT-FARW-ZE-R8;0.0;339.0;45.0;
GT-FARW-ZE-R9;0.0;339.0;45.0;
GT-FARW-ZE-R10;0.0;339.0;45.0;
GT-FARW-ZE-R11;0.0;339.0;45.0;
GT-FARW-ZE-R12;0.0;339.0;45.0;
GT-FARW-ZE-R13;0.0;339.0;45.0;
GT-FARW-ZE-R14;0.0;339.0;45.0;
GT-FARW-ZE-R15;0.0;339.0;45.0;
GT-FARW-ZE-R16;0.0;339.0;45.0;
GT-FARW-ZE-R17;0.0;339.0;45.0;
GT-FARW-ZE-R18;0.0;339.0;45.0;
GT-FARW-ZE-R19;0.0;339.0;45.0;
GT-FARW-ZE-R20;0.0;339.0;45.0;
GT-FARW-ZE-R21;0.0;339.0;45.0;
GT-FARW-ZE-R22;0.0;339.0;45.0;
GT-FARW-ZE-R23;0.0;339.0;45.0;
GT-FARW-ZE-R24;0.0;339.0;45.0;
GT-FARW-ZE-R25;0.0;339.0;45.0;
GT-FARW-ZE-R26;0.0;339.0;45.0;
GT-FARW-ZE-R27;0.0;339.0;45.0;
GT-FARW-ZE-R28;0.0;339.0;45.0;
GT-FARW-ZE-R29;0.0;339.0;45.0;
GT-FARW-ZE-R30;0.0;339.0;45.0;
GT-FARW-ZE-R31;0.0;339.0;45.0;
GT-FARW-ZE-R32;0.0;339.0;45.0;
GT-FARW-ZE-R33;0.0;339.0;45.0;
GT-FARW-ZE-R34;0.0;339.0;45.0;
GT-FARW-ZE-R35;0.0;339.0;45.0;
GT-FARW-ZE-R36;0.0;339.0;45.0;
GT-FARW-ZE-R37;0.0;339.0;45.0;
GT-FARW-ZE-R38;0.0;339.0;45.0;
GT-FARW-ZE-R39;0.0;339.0;45.0;
GT-FARW-ZE-R40;0.0;339.0;45.0;
GT-FARW-ZE-R41;0.0;339.0;45.0;
GT-FARW-ZE-R42;0.0;339.0;45.0;
GT-FARW-ZE-R43;0.0;339.0;45.0;
GT-FARW-ZE-R44;0.0;339.0;45.0;
GT-FARW-ZE-R45;0.0;339.0;45.0;
GT-40taille4TRE25;0.0;340.0;42.0;
GT-40taille4TRE26;0.0;340.0;42.0;
GT-40taille4TRE27;0.0;340.0;42.0;
GT-40taille4TRE28;0.0;340.0;42.0;
GT-40taille4TRE29;0.0;340.0;42.0;
GT-40taille4TRE30;0.0;340.0;42.0;
GT-40taille4TRE31;0.0;340.0;42.0;
GT-40taille4TRE32;0.0;340.0;42.0;
GT-40taille4TRE33;0.0;340.0;42.0;
GT-40taille4TRE34;0.0;340.0;42.0;
GT-40taille4TRE35;0.0;340.0;42.0;
GT-40taille4TRE36;0.0;340.0;42.0;
GT-40taille4TRE37;0.0;340.0;42.0;
GT-40taille4TRE38;0.0;340.0;42.0;
GT-40taille4TRE39;0.0;340.0;42.0;
GT-40taille4TRE40;0.0;340.0;42.0;
GT-40taille4TRE41;0.0;340.0;42.0;
GT-40taille4TRE42;0.0;340.0;42.0;
GT-40taille4TRE43;0.0;340.0;42.0;
GT-40taille4TRE44;0.0;340.0;42.0;
GT-40taille4TRE45;0.0;340.0;42.0;
GT-40taille4TRE46;0.0;340.0;42.0;
GT-40taille4TRE47;0.0;340.0;42.0;
GT-40taille4TRE48;0.0;340.0;42.0;
GT-40taille4TRE49;0.0;340.0;42.0;
GT-40taille4TRE50;0.0;340.0;42.0;
GT-40taille4TRE51;0.0;340.0;42.0;
GT-40taille4TRE52;0.0;340.0;42.0;
GT-40taille4TRE53;0.0;340.0;42.0;
GT-40taille4TRE54;0.0;340.0;42.0;
GT-40taille4TRE55;0.0;340.0;42.0;
GT-40taille4TRE56;0.0;340.0;42.0;
GT-40taille4TRE20;0.0;340.0;40.0;
GT-40taille4TRE21;0.0;340.0;40.0;
GT-40taille4TRE22;0.0;340.0;40.0;
GT-40taille4TRE23;0.0;340.0;40.0;
GT-40taille4TRE24;0.0;340.0;40.0;
GT-ZE-TRE-FR13;0.0;339.0;32.0;
GT-ZE-TRE-FR14;0.0;339.0;32.0;
GT-ZE-TRE-FR15;0.0;339.0;32.0;
GT-ZE-TRE-FR16;0.0;339.0;32.0;
GT-ZE-TRE-FR17;0.0;339.0;32.0;
GT-ZE-TRE-FR18;0.0;339.0;32.0;
GT-ZE-TRE-FR19;0.0;339.0;32.0;
GT-ZE-TRE-FR1;0.0;339.0;30.0;
GT-ZE-TRE-FR2;0.0;339.0;30.0;
GT-ZE-TRE-FR3;0.0;339.0;30.0;
GT-ZE-TRE-FR4;0.0;339.0;30.0;
GT-ZE-TRE-FR5;0.0;339.0;30.0;
GT-ZE-TRE-FR6;0.0;339.0;30.0;
GT-ZE-TRE-FR7;0.0;339.0;30.0;
GT-ZE-TRE-FR8;0.0;339.0;30.0;
GT-ZE-TRE-FR9;0.0;339.0;30.0;
GT-ZE-TRE-FR10;0.0;339.0;30.0;
GT-ZE-TRE-FR11;0.0;339.0;30.0;
GT-ZE-TRE-FR12;0.0;339.0;30.0;
GT-ZE-TRE-FR25;0.0;339.0;30.0;
GT-ZE-TRE-FR26;0.0;339.0;30.0;
GT-ZE-TRE-FR27;0.0;339.0;30.0;
GT-ZE-TRE-FR49;0.0;336.0;30.0;
GT-ZE-TRE-FR50;0.0;336.0;30.0;
GT-ZE-TRE-FR51;0.0;336.0;30.0;
GT-ZE-TRE-FR52;0.0;336.0;30.0;
GT-ZE-TRE-FR53;0.0;336.0;30.0;
GT-ZE-TRE-FR54;0.0;336.0;30.0;
GT-ZE-TRE-FR56;0.0;336.0;30.0;
GT-ZE-TRE-FR57;0.0;336.0;30.0;
GT-ZE-TRE-FR58;0.0;336.0;30.0;
GT-ZE-TRE-FR59;0.0;336.0;30.0;
GT-ZE-TRW-FR1;0.0;340.0;30.0;
GT-ZE-TRW-FR2;0.0;340.0;30.0;
GT-ZE-TRW-FR3;0.0;340.0;30.0;
GT-ZE-TRW-FR4;0.0;340.0;30.0;
GT-ZE-TRW-FR5;0.0;340.0;30.0;
GT-ZE-TRW-FR6;0.0;340.0;30.0;
GT-ZE-TRW-FR7;0.0;340.0;30.0;
GT-ZE-TRW-FR8;0.0;340.0;30.0;
GT-ZE-TRW-FR9;0.0;340.0;30.0;
GT-ZE-TRW-FR10;0.0;340.0;30.0;
GT-ZE-TRW-FR11;0.0;340.0;30.0;
GT-ZE-TRW-FR12;0.0;340.0;30.0;
GT-ZE-TRW-FR13;0.0;340.0;30.0;
GT-ZE-TRW-FR14;0.0;340.0;30.0;
GT-ZE-TRW-FR15;0.0;340.0;30.0;
GT-ZE-TRW-FR16;0.0;340.0;30.0;
GT-ZE-TRW-FR17;0.0;340.0;30.0;
GT-ZE-TRW-FR18;0.0;340.0;30.0;
GT-ZE-TRW-FR19;0.0;340.0;30.0;
GT-ZE-TRW-FR20;0.0;340.0;30.0;
GT-ZE-TRW-FR21;0.0;340.0;30.0;
GT-ZE-TRW-FR22;0.0;340.0;30.0;
GT-ZE-TRW-FR23;0.0;340.0;30.0;
GT-ZE-TRW-FR24;0.0;340.0;30.0;
GT-ZE-TRW-FR25;0.0;340.0;30.0;
GT-ZE-TRW-FR26;0.0;340.0;30.0;
GT-ZE-TRW-FR27;0.0;340.0;30.0;
GT-ZE-TRW-FR28;0.0;340.0;30.0;
GT-ZE-TRW-FR29;0.0;340.0;30.0;
GT-ZE-TRW-FR30;0.0;340.0;30.0;
GT-ZE-TRW-FR31;0.0;340.0;30.0;
GT-ZE-TRW-FR32;0.0;340.0;30.0;
GT-ZE-TRW-FR33;0.0;337.0;30.0;
GT-ZE-TRW-FR34;0.0;337.0;30.0;
GT-ZE-TRW-FR35;0.0;337.0;30.0;
GT-ZE-TRW-FR36;0.0;337.0;30.0;
GT-ZE-TRW-FR37;0.0;337.0;30.0;
GT-ZE-TRW-FR38;0.0;337.0;30.0;
GT-ZE-TRW-FR39;0.0;337.0;30.0;
GT-ZE-TRW-FR40;0.0;337.0;30.0;
GT-ZE-TRW-FR41;0.0;337.0;30.0;
GT-ZE-TRW-FR42;0.0;337.0;30.0;
GT-ZE-TRW-FR43;0.0;337.0;30.0;
GT-ZE-TRW-FR44;0.0;337.0;30.0;
GT-ZE-TRW-FR45;0.0;337.0;30.0;
GT-ZE-TRW-FR46;0.0;337.0;30.0;
GT-ZE-TRW-FR47;0.0;337.0;30.0;
GT-ZE-TRW-FR48;0.0;337.0;30.0;
GT-ZE-TRW-FR49;0.0;337.0;30.0;
GT-ZE-TRW-FR50;0.0;337.0;30.0;
GT-ZE-TRW-FR51;0.0;337.0;30.0;
GT-ZE-TRW-FR52;0.0;337.0;30.0;
GT-ZE-TRW-FR53;0.0;337.0;30.0;
GT-ZE-TRW-FR55;0.0;337.0;30.0;
GT-ZE-TRW-FR56;0.0;337.0;30.0;
GT-ZE-TRW-FR57;0.0;337.0;30.0;
GT-ZE-TRW-FR58;0.0;337.0;30.0;
GT-ZE-TRW-FR59;0.0;337.0;30.0;
GT-ZE-TRW-FR60;0.0;337.0;30.0;
GT-ZE-TRW-FR61;0.0;337.0;30.0;
GT-ZE-TRW-FR62;0.0;337.0;30.0;
GT-ZE-TRW-FR63;0.0;337.0;30.0;
GT-ZE-TRW-FR64;0.0;337.0;30.0;
GT-ZE-TRW-FR65;0.0;337.0;30.0;
GT-ZE-TRW-FR66;0.0;337.0;30.0;
GT-ZE-TRW-FR67;0.0;337.0;30.0;
GT-ZE-TRW-FR68;0.0;337.0;30.0;
GT-ZE-TRW-FR70;0.0;337.0;30.0;
GT-ZE-TRW-FR71;0.0;337.0;30.0;
GT-ZE-TRW-FR72;0.0;337.0;30.0;
GT-ZE-TRW-FR73;0.0;337.0;30.0;
GT-ZE-TRW-FR74;0.0;337.0;30.0;
GT-ZE-TRW-FR75;0.0;337.0;30.0;
GT-ZE-TRW-FR77;0.0;337.0;30.0;
GT-ZE-TRW-FR78;0.0;337.0;30.0;
GT-ZE-TRW-FR79;0.0;337.0;30.0;
GT-ZE-TRW-FR80;0.0;337.0;30.0;
GT-ZE-TRW-FR81;0.0;337.0;30.0;
GT-ZE-TRW-FR82;0.0;337.0;30.0;
GT-ZE-TRW-FR83;0.0;337.0;30.0;
GT-ZE-TRW-FR84;0.0;337.0;30.0;
GT-ZE-TRW-FR85;0.0;337.0;30.0;
GT-ZE-TRW-FR86;0.0;337.0;30.0;
GT-ZE-TRW-FR87;0.0;337.0;30.0;
GT-ZE-TRW-FR88;0.0;337.0;30.0;
GT-ZE-TRW-FR89;0.0;337.0;30.0;
GT-ZE-TRW-FR90;0.0;337.0;30.0;
GT-ZE-TRW-FR91;0.0;337.0;30.0;
GT-ZE-TRW-FR92;0.0;337.0;30.0;
GT-ZE-TRW-FR93;0.0;337.0;30.0;
GT-ZE-TRW-FR94;0.0;337.0;30.0;
GT-ZE-TRW-FR95;0.0;337.0;30.0;
GT-ZE-TRW-FR96;0.0;337.0;30.0;
GT-ZE-TRW-FR97;0.0;337.0;30.0;
GT-ZE-TRW-FR98;0.0;337.0;30.0;
GT-ZE-TRW-FR99;0.0;337.0;30.0;
GT-ZE-TRW-FR100;0.0;337.0;30.0;
GT-ZE-TRW-FR101;0.0;337.0;30.0;
GT-ZE-TRW-FR102;0.0;337.0;30.0;
GT-ZE-TRW-FR103;0.0;337.0;30.0;
GT-ZE-TRW-FR104;0.0;337.0;30.0;
GT-ZE-TRW-FR105;0.0;337.0;30.0;
GT-ZE-TRW-FR106;0.0;337.0;30.0;
GT-ZE-TRW-FR107;0.0;337.0;30.0;
GT-ZE-TRW-FR108;0.0;337.0;30.0;
GT-ZE-TRW-FR109;0.0;337.0;30.0;
GT-ZE-TRW-FR110;0.0;337.0;30.0;
GT-ZE-TRW-FR111;0.0;337.0;30.0;
GT-ZE-TRW-FR112;0.0;337.0;30.0;
GT-ZE-TRW-FR113;0.0;337.0;30.0;
GT-ZW-TRW-FR0;0.0;340.0;30.0;
GT-ZW-TRW-FR1;0.0;340.0;30.0;
GT-ZW-TRW-FR2;0.0;340.0;30.0;
GT-ZW-TRW-FR3;0.0;340.0;30.0;
GT-ZW-TRW-FR4;0.0;340.0;30.0;
GT-ZW-TRW-FR5;0.0;340.0;30.0;
GT-ZW-TRW-FR6;0.0;340.0;30.0;
GT-ZW-TRW-FR7;0.0;340.0;30.0;
GT-ZW-TRW-FR8;0.0;340.0;30.0;
GT-ZW-TRW-FR9;0.0;340.0;30.0;
GT-ZW-TRW-FR10;0.0;340.0;30.0;
GT-ZW-TRW-FR11;0.0;340.0;30.0;
GT-ZW-TRW-FR12;0.0;340.0;30.0;
GT-ZW-TRW-FR13;0.0;340.0;30.0;
GT-ZW-TRW-FR14;0.0;340.0;30.0;
GT-ZW-TRW-FR15;0.0;340.0;30.0;
GT-ZW-TRW-FR16;0.0;340.0;30.0;
GT-ZW-TRW-FR17;0.0;340.0;30.0;
GT-ZW-TRW-FR18;0.0;340.0;30.0;
GT-ZW-TRW-FR19;0.0;340.0;30.0;
GT-ZW-TRW-FR21;0.0;340.0;30.0;
GT-ZW-TRW-FR22;0.0;340.0;30.0;
GT-ZW-TRW-FR23;0.0;340.0;30.0;
GT-ZW-TRW-FR26;0.0;340.0;30.0;
GT-ZW-TRW-FR27;0.0;340.0;30.0;
GT-ZW-TRW-FR28;0.0;340.0;30.0;
GT-ZW-TRW-FR29;0.0;340.0;30.0;
GT-ZW-TRW-FR30;0.0;340.0;30.0;
GT-ZW-TRW-FR32;0.0;340.0;30.0;
GT-ZW-TRW-FR33;0.0;340.0;30.0;
GT-ZC-TRE-FR1;0.0;340.0;30.0;
GT-ZC-TRE-FR2;0.0;340.0;30.0;
GT-ZC-TRE-FR3;0.0;340.0;30.0;
GT-ZC-TRE-FR4;0.0;340.0;30.0;
GT-ZC-TRE-FR5;0.0;340.0;30.0;
GT-ZC-TRE-FR6;0.0;340.0;30.0;
GT-ZC-TRE-FR7;0.0;340.0;30.0;
GT-ZC-TRE-FR8;0.0;340.0;30.0;
GT-ZC-TRE-FR9;0.0;340.0;30.0;
GT-ZC-TRE-FR10;0.0;340.0;30.0;
GT-ZC-TRE-FR11;0.0;340.0;30.0;
GT-ZC-TRE-FR12;0.0;340.0;30.0;
GT-ZC-TRE-FR13;0.0;340.0;30.0;
GT-ZC-TRE-FR14;0.0;340.0;30.0;
GT-ZC-TRE-FR15;0.0;340.0;30.0;
GT-ZC-TRE-FR16;0.0;340.0;30.0;
GT-ZC-TRE-FR17;0.0;340.0;30.0;
GT-ZC-TRE-FR18;0.0;340.0;30.0;
GT-ZC-TRE-FR19;0.0;340.0;30.0;
GT-ZC-TRE-FR20;0.0;340.0;30.0;
GT-ZC-TRE-FR21;0.0;340.0;30.0;
GT-ZC-TRE-FR22;0.0;340.0;30.0;
GT-ZC-TRE-FR24;0.0;340.0;30.0;
GT-ZC-TRE-FR25;0.0;340.0;30.0;
GT-ZC-TRE-FR26;0.0;340.0;30.0;
GT-ZC-TRE-FR27;0.0;340.0;30.0;
GT-ZC-TRE-FR28;0.0;340.0;30.0;
GT-ZC-TRE-FR29;0.0;340.0;30.0;
GT-ZC-TRE-FR30;0.0;340.0;30.0;
GT-ZC-TRE-FR31;0.0;340.0;30.0;
GT-ZC-TRE-FR32;0.0;340.0;30.0;
GT-ZC-TRE-FR33;0.0;340.0;30.0;
GT-ZC-TRE-FR34;0.0;340.0;30.0;
GT-ZC-TRE-FR35;0.0;340.0;30.0;
GT-ZC-TRE-FR36;0.0;340.0;30.0;
GT-ZC-TRE-FR37;0.0;340.0;30.0;
GT-ZC-TRE-FR38;0.0;340.0;30.0;
GT-ZC-TRE-FR39;0.0;340.0;30.0;
GT-40taille4TRE1;0.0;340.0;30.0;
GT-40taille4TRE2;0.0;340.0;30.0;
GT-40taille4TRE3;0.0;340.0;30.0;
GT-40taille4TRE4;0.0;340.0;30.0;
GT-40taille4TRE5;0.0;340.0;30.0;
GT-40taille4TRE6;0.0;340.0;30.0;
GT-40taille4TRE7;0.0;340.0;30.0;
GT-40taille4TRE8;0.0;340.0;30.0;
GT-40taille4TRE9;0.0;340.0;30.0;
GT-40taille4TRE10;0.0;340.0;30.0;
GT-40taille4TRE11;0.0;340.0;30.0;
GT-40taille4TRE12;0.0;340.0;30.0;
GT-40taille4TRE13;0.0;340.0;30.0;
GT-40taille4TRE14;0.0;340.0;30.0;
GT-40taille4TRE15;0.0;340.0;30.0;
GT-40taille4TRE16;0.0;340.0;30.0;
GT-40taille4TRE17;0.0;340.0;30.0;
GT-40taille4TRE18;0.0;340.0;30.0;
GT-40taille4TRW1;0.0;340.0;30.0;
GT-40taille4TRW2;0.0;340.0;30.0;
GT-40taille4TRW3;0.0;340.0;30.0;
GT-40taille4TRW4;0.0;340.0;30.0;
GT-40taille4TRW5;0.0;340.0;30.0;
GT-40taille4TRW6;0.0;340.0;30.0;
GT-40taille4TRW7;0.0;340.0;30.0;
GT-40taille4TRW8;0.0;340.0;30.0;
GT-40taille4TRW9;0.0;340.0;30.0;
GT-40taille4TRW10;0.0;340.0;30.0;
GT-40taille4TRW11;0.0;340.0;30.0;
GT-40taille4TRW12;0.0;340.0;30.0;
GT-40taille4TRW13;0.0;340.0;30.0;
GT-40taille4TRW14;0.0;340.0;30.0;
GT-40taille4TRW15;0.0;340.0;30.0;
GT-40taille4TRW16;0.0;340.0;30.0;
GT-40taille4TRW17;0.0;340.0;30.0;
GT-40taille4TRW18;0.0;340.0;30.0;
GT-40taille4TRW19;0.0;340.0;30.0;
GT-40taille4TRW20;0.0;340.0;30.0;
GT-40taille4TRW21;0.0;340.0;30.0;
GT-40taille4TRW22;0.0;340.0;30.0;
GT-40taille4TRW23;0.0;340.0;30.0;
GT-40taille4TRW24;0.0;340.0;30.0;
GT-40taille4TRW25;0.0;340.0;30.0;
GT-40taille4TRW26;0.0;340.0;30.0;
GT-40taille4TRW27;0.0;340.0;30.0;
GT-40taille4TRW28;0.0;340.0;30.0;
GT-40taille4TRW29;0.0;340.0;30.0;
GT-40taille4TRW30;0.0;340.0;30.0;
GT-40taille4TRW31;0.0;340.0;30.0;
GT-40taille4TRW32;0.0;340.0;30.0;
GT-40taille4TRW33;0.0;340.0;30.0;
GT-40taille4TRW35;0.0;340.0;30.0;
GT-40taille4TRW36;0.0;340.0;30.0;
GT-40taille4TRW37;0.0;340.0;30.0;
GT-40taille4TRW38;0.0;340.0;30.0;
GT-40taille4TRW39;0.0;340.0;30.0;
GT-40taille4TRW40;0.0;340.0;30.0;
GT-40taille4TRW41;0.0;340.0;30.0;
GT-40taille4TRW42;0.0;340.0;30.0;
GT-40taille4TRW43;0.0;340.0;30.0;
GT-40taille4TRW44;0.0;340.0;30.0;
GT-40taille4TRW45;0.0;340.0;30.0;
GT-40taille4TRW46;0.0;340.0;30.0;
GT-40taille4TRW47;0.0;340.0;30.0;
GT-40taille4TRW48;0.0;340.0;30.0;
GT-40taille4TRW49;0.0;340.0;30.0;
GT-40taille4TRW50;0.0;340.0;30.0;
GT-40taille4TRW51;0.0;340.0;30.0;
GT-40taille4TRW52;0.0;340.0;30.0;
GT-40taille4TRW53;0.0;340.0;30.0;
GT-40taille4TRW54;0.0;340.0;30.0;
GT-40taille4TRW55;0.0;340.0;30.0;
GT-40taille4TRW56;0.0;340.0;30.0;
GT-40taille4TRW57;0.0;340.0;30.0;
GT-40taille4TRW58;0.0;340.0;30.0;
GT-40taille4TRW59;0.0;340.0;30.0;
GT-40taille4TRW61;0.0;340.0;30.0;
GT-40taille4TRW62;0.0;340.0;30.0;
GT-40taille4TRW63;0.0;340.0;30.0;
GT-40taille4TRW64;0.0;340.0;30.0;
GT-40taille4TRW65;0.0;340.0;30.0;
GT-40taille4TRW66;0.0;340.0;30.0;
GT-50taille4TRE0;0.0;340.0;30.0;
GT-50taille4TRE1;0.0;340.0;30.0;
GT-50taille4TRE2;0.0;340.0;30.0;
GT-50taille4TRE3;0.0;340.0;30.0;
GT-50taille4TRE4;0.0;340.0;30.0;
GT-50taille4TRE5;0.0;340.0;30.0;
GT-50taille4TRE6;0.0;340.0;30.0;
GT-50taille4TRE7;0.0;340.0;30.0;
GT-50taille4TRE8;0.0;340.0;30.0;
GT-50taille4TRE9;0.0;340.0;30.0;
GT-50taille4TRE10;0.0;340.0;30.0;
GT-50taille4TRE11;0.0;340.0;30.0;
GT-50taille4TRE12;0.0;340.0;30.0;
GT-50taille4TRE13;0.0;340.0;30.0;
GT-50taille4TRE14;0.0;340.0;30.0;
GT-50taille4TRE15;0.0;340.0;30.0;
GT-50taille4TRE16;0.0;340.0;30.0;
GT-50taille4TRE17;0.0;340.0;30.0;
GT-50taille4TRE18;0.0;340.0;30.0;
GT-50taille4TRE19;0.0;340.0;30.0;
GT-50taille4TRE20;0.0;340.0;30.0;
GT-50taille4TRE21;0.0;340.0;30.0;
GT-50taille4TRE22;0.0;340.0;30.0;
GT-50taille4TRE23;0.0;340.0;30.0;
GT-50taille4TRE24;0.0;340.0;30.0;
GT-50taille4TRE25;0.0;340.0;30.0;
GT-50taille4TRE26;0.0;340.0;30.0;
GT-50taille4TRE27;0.0;340.0;30.0;
GT-50taille4TRE28;0.0;340.0;30.0;
GT-50taille4TRE29;0.0;340.0;30.0;
GT-50taille4TRE30;0.0;340.0;30.0;
GT-50taille4TRE31;0.0;340.0;30.0;
GT-50taille4TRE32;0.0;340.0;30.0;
GT-50taille4TRE33;0.0;340.0;30.0;
GT-50taille4TRE34;0.0;340.0;30.0;
GT-50taille4TRE35;0.0;340.0;30.0;
GT-50taille4TRE36;0.0;340.0;30.0;
GT-50taille4TRE37;0.0;340.0;30.0;
GT-50taille4TRE38;0.0;340.0;30.0;
GT-50taille4TRE39;0.0;340.0;30.0;
GT-50taille4TRE40;0.0;340.0;30.0;
GT-50taille4TRE41;0.0;340.0;30.0;
GT-50taille4TRE42;0.0;340.0;30.0;
GT-50taille4TRE43;0.0;340.0;30.0;
GT-50taille4TRE44;0.0;340.0;30.0;
GT-50taille4TRE45;0.0;340.0;30.0;
GT-50taille4TRE46;0.0;340.0;30.0;
GT-50taille4TRE47;0.0;340.0;30.0;
GT-50taille4TRE48;0.0;340.0;30.0;
GT-50taille4TRE49;0.0;340.0;30.0;
GT-50taille4TRE50;0.0;340.0;30.0;
GT-50taille4TRE51;0.0;340.0;30.0;
GT-50taille4TRE52;0.0;340.0;30.0;
GT-50taille4TRE53;0.0;340.0;30.0;
GT-50taille4TRE54;0.0;340.0;30.0;
GT-50taille4TRE55;0.0;340.0;30.0;
GT-50taille4TRE57;0.0;340.0;30.0;
GT-50taille4TRE58;0.0;340.0;30.0;
GT-50taille4TRE59;0.0;340.0;30.0;
GT-50taille4TRE60;0.0;340.0;30.0;
GT-50taille4TRE61;0.0;340.0;30.0;
GT-50taille4TRE62;0.0;340.0;30.0;
GT-50taille4TRE63;0.0;340.0;30.0;
GT-50taille4TRW0;0.0;340.0;30.0;
GT-50taille4TRW1;0.0;340.0;30.0;
GT-50taille4TRW2;0.0;340.0;30.0;
GT-50taille4TRW3;0.0;340.0;30.0;
GT-50taille4TRW4;0.0;340.0;30.0;
GT-50taille4TRW6;0.0;340.0;30.0;
GT-50taille4TRW7;0.0;340.0;30.0;
GT-50taille4TRW8;0.0;340.0;30.0;
GT-50taille4TRW9;0.0;340.0;30.0;
GT-50taille4TRW11;0.0;340.0;30.0;
GT-50taille4TRW12;0.0;340.0;30.0;
GT-50taille4TRW13;0.0;340.0;30.0;
GT-50taille4TRW14;0.0;340.0;30.0;
GT-50taille4TRW15;0.0;340.0;30.0;
GT-50taille4TRW16;0.0;340.0;30.0;
GT-50taille4TRW17;0.0;340.0;30.0;
GT-50taille4TRW18;0.0;340.0;30.0;
GT-50taille4TRW19;0.0;340.0;30.0;
GT-50taille4TRW20;0.0;340.0;30.0;
GT-50taille4TRW21;0.0;340.0;30.0;
GT-50taille4TRW22;0.0;340.0;30.0;
GT-50taille4TRW23;0.0;340.0;30.0;
GT-50taille4TRW24;0.0;340.0;30.0;
GT-50taille4TRW25;0.0;340.0;30.0;
GT-50taille4TRW26;0.0;340.0;30.0;
GT-50taille4TRW27;0.0;340.0;30.0;
GT-50taille4TRW28;0.0;340.0;30.0;
GT-50taille4TRW29;0.0;340.0;30.0;
GT-50taille4TRW30;0.0;340.0;30.0;
GT-50taille4TRW31;0.0;340.0;30.0;
GT-50taille4TRW32;0.0;340.0;30.0;
GT-50taille4TRW33;0.0;340.0;30.0;
GT-50taille4TRW34;0.0;340.0;30.0;
GT-50taille4TRW35;0.0;340.0;30.0;
GT-50taille4TRW36;0.0;340.0;30.0;
GT-50taille4TRW37;0.0;340.0;30.0;
GT-50taille4TRW38;0.0;340.0;30.0;
GT-50taille4TRW39;0.0;340.0;30.0;
GT-50taille4TRW41;0.0;340.0;30.0;
GT-50taille4TRW42;0.0;340.0;30.0;
GT-50taille4TRW43;0.0;340.0;30.0;
GT-50taille4TRW44;0.0;340.0;30.0;
GT-50taille4TRW45;0.0;340.0;30.0;
GT-50taille4TRW46;0.0;340.0;30.0;
GT-50taille4TRW47;0.0;340.0;30.0;
GT-50taille4TRW48;0.0;340.0;30.0;
GT-50taille4TRW49;0.0;340.0;30.0;
GT-50taille4TRW50;0.0;340.0;30.0;
GT-50taille4TRW51;0.0;340.0;30.0;
GT-50taille4TRW52;0.0;340.0;30.0;
GT-50taille4TRW53;0.0;340.0;30.0;
GT-50taille4TRW54;0.0;340.0;30.0;
GT-50taille4TRW55;0.0;340.0;30.0;
GT-50taille4TRW56;0.0;340.0;30.0;
GT-50taille4TRW57;0.0;340.0;30.0;
GT-50taille4TRW58;0.0;340.0;30.0;
GT-50taille4TRW59;0.0;340.0;30.0;
GT-50taille4TRW60;0.0;340.0;30.0;
GT-50taille4TRW61;0.0;340.0;30.0;
GT-50taille4TRW62;0.0;340.0;30.0;
GT-50taille4TRW63;0.0;340.0;30.0;
GT-50taille4TRW64;0.0;340.0;30.0;
GT-50taille4TRW65;0.0;340.0;30.0;
GT-50taille4TRW66;0.0;340.0;30.0;
GT-50taille4TRW67;0.0;340.0;30.0;
GT-50taille4TRW68;0.0;340.0;30.0;
GT-50taille4TRW69;0.0;340.0;30.0;
GT-50taille4TRW70;0.0;340.0;30.0;
GT-50taille4TRW71;0.0;340.0;30.0;
GT-50taille4TRW72;0.0;340.0;30.0;
GT-50taille4TRW73;0.0;340.0;30.0;
GT-50taille4TRW74;0.0;340.0;30.0;
GT-60taille4TRE0;0.0;340.0;30.0;
GT-60taille4TRE1;0.0;340.0;30.0;
GT-60taille4TRE2;0.0;340.0;30.0;
GT-60taille4TRE3;0.0;340.0;30.0;
GT-60taille4TRE4;0.0;340.0;30.0;
GT-60taille4TRE5;0.0;340.0;30.0;
GT-60taille4TRE6;0.0;340.0;30.0;
GT-60taille4TRE7;0.0;340.0;30.0;
GT-60taille4TRE8;0.0;340.0;30.0;
GT-60taille4TRE9;0.0;340.0;30.0;
GT-60taille4TRE10;0.0;340.0;30.0;
GT-60taille4TRE11;0.0;340.0;30.0;
GT-60taille4TRE12;0.0;340.0;30.0;
GT-60taille4TRE13;0.0;340.0;30.0;
GT-60taille4TRE14;0.0;340.0;30.0;
GT-60taille4TRE15;0.0;340.0;30.0;
GT-60taille4TRE16;0.0;340.0;30.0;
GT-60taille4TRE17;0.0;340.0;30.0;
GT-60taille4TRE18;0.0;340.0;30.0;
GT-60taille4TRE19;0.0;340.0;30.0;
GT-60taille4TRE20;0.0;340.0;30.0;
GT-60taille4TRE21;0.0;340.0;30.0;
GT-60taille4TRE22;0.0;340.0;30.0;
GT-60taille4TRE23;0.0;340.0;30.0;
GT-60taille4TRE24;0.0;340.0;30.0;
GT-60taille4TRE25;0.0;340.0;30.0;
GT-60taille4TRE26;0.0;340.0;30.0;
GT-60taille4TRE27;0.0;340.0;30.0;
GT-60taille4TRE28;0.0;340.0;30.0;
GT-60taille4TRE29;0.0;340.0;30.0;
GT-60taille4TRE30;0.0;340.0;30.0;
GT-60taille4TRE31;0.0;340.0;30.0;
GT-60taille4TRE32;0.0;340.0;30.0;
GT-60taille4TRE33;0.0;340.0;30.0;
GT-60taille4TRE34;0.0;340.0;30.0;
GT-60taille4TRE35;0.0;340.0;30.0;
GT-60taille4TRE36;0.0;340.0;30.0;
GT-60taille4TRE37;0.0;340.0;30.0;
GT-60taille4TRE38;0.0;340.0;30.0;
GT-60taille4TRE39;0.0;340.0;30.0;
GT-60taille4TRE46;0.0;340.0;30.0;
GT-60taille4TRE47;0.0;340.0;30.0;
GT-60taille4TRE48;0.0;340.0;30.0;
GT-60taille4TRW0;0.0;340.0;30.0;
GT-60taille4TRW1;0.0;340.0;30.0;
GT-60taille4TRW2;0.0;340.0;30.0;
GT-60taille4TRW3;0.0;340.0;30.0;
GT-60taille4TRW4;0.0;340.0;30.0;
GT-60taille4TRW5;0.0;340.0;30.0;
GT-60taille4TRW6;0.0;340.0;30.0;
GT-60taille4TRW7;0.0;340.0;30.0;
GT-60taille4TRW8;0.0;340.0;30.0;
GT-60taille4TRW9;0.0;340.0;30.0;
GT-60taille4TRW10;0.0;340.0;30.0;
GT-60taille4TRW11;0.0;340.0;30.0;
GT-60taille4TRW12;0.0;340.0;30.0;
GT-60taille4TRW13;0.0;340.0;30.0;
GT-60taille4TRW14;0.0;340.0;30.0;
GT-60taille4TRW15;0.0;340.0;30.0;
GT-60taille4TRW16;0.0;340.0;30.0;
GT-60taille4TRW17;0.0;340.0;30.0;
GT-60taille4TRW18;0.0;340.0;30.0;
GT-60taille4TRW19;0.0;340.0;30.0;
GT-60taille4TRW20;0.0;340.0;30.0;
GT-60taille4TRW21;0.0;340.0;30.0;
GT-60taille4TRW22;0.0;340.0;30.0;
GT-60taille4TRW23;0.0;340.0;30.0;
GT-60taille4TRW24;0.0;340.0;30.0;
GT-60taille4TRW25;0.0;340.0;30.0;
GT-60taille4TRW26;0.0;340.0;30.0;
GT-60taille4TRW27;0.0;340.0;30.0;
GT-60taille4TRW28;0.0;340.0;30.0;
GT-60taille4TRW29;0.0;340.0;30.0;
GT-60taille4TRW30;0.0;340.0;30.0;
GT-60taille4TRW31;0.0;340.0;30.0;
GT-60taille4TRW32;0.0;340.0;30.0;
GT-60taille4TRW33;0.0;340.0;30.0;
GT-60taille4TRW34;0.0;340.0;30.0;
GT-60taille4TRW35;0.0;340.0;30.0;
GT-60taille4TRW36;0.0;340.0;30.0;
GT-60taille4TRW37;0.0;340.0;30.0;
GT-60taille4TRW38;0.0;340.0;30.0;
GT-60taille4TRW43;0.0;340.0;30.0;
GT-60taille4TRW44;0.0;340.0;30.0;
GT-60taille4TRW45;0.0;340.0;30.0;
GT-60taille4TRW46;0.0;340.0;30.0;
GT-60taille4TRW47;0.0;340.0;30.0;
GT-50taille4TRW76;0.0;340.0;30.0;
GT-50taille4TRW77;0.0;340.0;30.0;
GT-50taille4TRW78;0.0;340.0;30.0;
GT-50taille4TRW79;0.0;340.0;30.0;
GT-50taille4TRW80;0.0;340.0;30.0;
GT-50taille4TRW81;0.0;340.0;30.0;
GT-50taille4TRW82;0.0;340.0;30.0;
GT-50taille4TRW83;0.0;340.0;30.0;
GT-50taille4TRW84;0.0;340.0;30.0;
GT-50taille4TRW85;0.0;340.0;30.0;
GT-50taille4TRW86;0.0;340.0;30.0;
GT-50taille4TRW87;0.0;340.0;30.0;
GT-50taille4TRW88;0.0;340.0;30.0;
GT-50taille4TRW89;0.0;340.0;30.0;
GT-50taille4TRW90;0.0;340.0;30.0;
GT-50taille4TRW91;0.0;340.0;30.0;
GT-50taille4TRW98;0.0;340.0;30.0;
GT-50taille4TRW99;0.0;340.0;30.0;
GT-50taille4TRW100;0.0;340.0;30.0;
GT-50taille4TRW101;0.0;340.0;30.0;
GT-50taille4TRW102;0.0;340.0;30.0;
GT-50taille4TRW103;0.0;340.0;30.0;
GT-50taille4TRW104;0.0;340.0;30.0;
GT-50taille4TRW105;0.0;340.0;30.0;
GT-50taille4TRW106;0.0;340.0;30.0;
GT-50taille4TRW107;0.0;340.0;30.0;
GT-50taille4TRW108;0.0;340.0;30.0;
GT-ZE-TRE-FR20;0.0;339.0;29.0;
GT-ZE-TRE-FR21;0.0;339.0;29.0;
GT-ZE-TRE-FR22;0.0;339.0;29.0;
GT-ZE-TRE-FR23;0.0;339.0;29.0;
GT-ZE-TRE-FR24;0.0;339.0;29.0;
GT-ZE-TRE-FR34;0.0;339.0;28.0;
GT-ZE-TRE-FR35;0.0;339.0;28.0;
GT-ZE-TRE-FR36;0.0;339.0;28.0;
GT-ZE-TRE-FR37;0.0;339.0;28.0;
GT-ZE-TRE-FR38;0.0;339.0;28.0;
GT-ZE-TRE-FR39;0.0;339.0;28.0;
GT-ZE-TRE-FR40;0.0;339.0;28.0;
GT-ZE-TRE-FR41;0.0;339.0;28.0;
GT-ZE-TRE-FR42;0.0;339.0;28.0;
GT-ZE-TRE-FR43;0.0;339.0;28.0;
GT-ZE-TRE-FR44;0.0;339.0;28.0;
GT-ZE-TRE-FR45;0.0;339.0;28.0;
GT-ZE-TRE-FR46;0.0;339.0;28.0;
GT-ZE-TRE-FR47;0.0;339.0;28.0;
GT-ZE-TRE-FR48;0.0;339.0;28.0;
GT-ZE-TRE-FR29;0.0;339.0;26.0;
GT-ZE-TRE-FR30;0.0;339.0;26.0;
GT-ZE-TRE-FR31;0.0;339.0;26.0;
GT-ZE-TRE-FR32;0.0;339.0;26.0;
GT-ZE-TRE-FR33;0.0;339.0;26.0;
TRE_FR0_80;0.0;140.0;10.0;
TRE_FR1_80;0.0;140.0;10.0;
TRE_FR2_80;0.0;140.0;10.0;
TRE_FR3_80;0.0;140.0;10.0;
TRE_FR4_80;0.0;140.0;10.0;
TRE_FR5_80;0.0;140.0;10.0;
TRE_FR6_80;0.0;140.0;10.0;
TRE_FR7_80;0.0;140.0;10.0;
TRE_FR8_80;0.0;140.0;10.0;
TRE_FR9_80;0.0;140.0;10.0;
TRE_FR10_80;0.0;140.0;10.0;
TRE_FR11_80;0.0;140.0;10.0;
TRE_FR12_80;0.0;140.0;10.0;
TRE_FR13_80;0.0;140.0;10.0;
TRE_FR14_80;0.0;140.0;10.0;
TRE_FR15_80;0.0;140.0;10.0;
TRE_FR16_80;0.0;140.0;10.0;
TRE_FR17_80;0.0;140.0;10.0;
TRE_FR18_80;0.0;140.0;10.0;
TRE_FR19_80;0.0;140.0;10.0;
TRE_FR20_80;0.0;140.0;10.0;
TRE_FR21_80;0.0;140.0;10.0;
TRE_FR22_80;0.0;140.0;10.0;
TRE_FR23_80;0.0;140.0;10.0;
TRE_FR24_80;0.0;140.0;10.0;
TRE_FR25_80;0.0;140.0;10.0;
TRE_FR26_80;0.0;140.0;10.0;
TRE_FR27_80;0.0;140.0;10.0;
TRE_FR28_80;0.0;140.0;10.0;
TRE_FR30_80;0.0;140.0;10.0;
TRE_FR31_80;0.0;140.0;10.0;
TRE_FR32_80;0.0;140.0;10.0;
TRE_FR33_80;0.0;140.0;10.0;
TRE_FR34_80;0.0;140.0;10.0;
TRE_FR35_80;0.0;140.0;10.0;
TRE_FR36_80;0.0;140.0;10.0;
TRE_FR37_80;0.0;140.0;10.0;
TRE_FR38_80;0.0;140.0;10.0;
TRE_FR39_80;0.0;140.0;10.0;
TRE_FR40_80;0.0;140.0;10.0;
TRE_FR41_80;0.0;140.0;10.0;
TRE_FR42_80;0.0;140.0;10.0;
TRE_FR43_80;0.0;140.0;10.0;
TRE_FR44_80;0.0;140.0;10.0;
TRE_FR45_80;0.0;140.0;10.0;
TRE_FR46_80;0.0;140.0;10.0;
TRE_FR47_80;0.0;140.0;10.0;
TRE_FR48_80;0.0;140.0;10.0;
TRE_FR49_80;0.0;140.0;10.0;
TRW_FR0_80;0.0;140.0;10.0;
TRW_FR1_80;0.0;140.0;10.0;
TRW_FR2_80;0.0;140.0;10.0;
TRW_FR3_80;0.0;140.0;10.0;
TRW_FR4_80;0.0;140.0;10.0;
TRW_FR5_80;0.0;140.0;10.0;
TRW_FR6_80;0.0;140.0;10.0;
TRW_FR7_80;0.0;140.0;10.0;
TRW_FR8_80;0.0;140.0;10.0;
TRW_FR9_80;0.0;140.0;10.0;
TRW_FR10_80;0.0;140.0;10.0;
TRW_FR11_80;0.0;140.0;10.0;
TRW_FR12_80;0.0;140.0;10.0;
TRW_FR13_80;0.0;140.0;10.0;
TRW_FR14_80;0.0;140.0;10.0;
TRW_FR15_80;0.0;140.0;10.0;
TRW_FR16_80;0.0;140.0;10.0;
TRW_FR17_80;0.0;140.0;10.0;
TRW_FR18_80;0.0;140.0;10.0;
TRW_FR19_80;0.0;140.0;10.0;
TRW_FR20_80;0.0;140.0;10.0;
TRW_FR21_80;0.0;140.0;10.0;
TRW_FR22_80;0.0;140.0;10.0;
TRW_FR23_80;0.0;140.0;10.0;
TRW_FR24_80;0.0;140.0;10.0;
TRW_FR25_80;0.0;140.0;10.0;
TRW_FR26_80;0.0;140.0;10.0;
TRW_FR27_80;0.0;140.0;10.0;
TRW_FR28_80;0.0;140.0;10.0;
TRW_FR29_80;0.0;140.0;10.0;
TRW_FR30_80;0.0;140.0;10.0;
TRW_FR31_80;0.0;140.0;10.0;
TRW_FR32_80;0.0;140.0;10.0;
TRW_FR33_80;0.0;140.0;10.0;
TRW_FR34_80;0.0;140.0;10.0;
TRW_FR35_80;0.0;140.0;10.0;
TRW_FR36_80;0.0;140.0;10.0;
TRW_FR37_80;0.0;140.0;10.0;
TRW_FR38_80;0.0;140.0;10.0;
TRW_FR39_80;0.0;140.0;10.0;
TRW_FR40_80;0.0;140.0;10.0;
TRW_FR41_80;0.0;140.0;10.0;
TRW_FR42_80;0.0;140.0;10.0;
TRW_FR43_80;0.0;140.0;10.0;
TRW_FR44_80;0.0;140.0;10.0;
TRW_FR45_80;0.0;140.0;10.0;
TRW_FR46_80;0.0;140.0;10.0;
TRW_FR47_80;0.0;140.0;10.0;
TRW_FR48_80;0.0;140.0;10.0;
TRW_FR49_80;0.0;140.0;10.0;
TRW_FR50_80;0.0;140.0;10.0;
TRW_FR51_80;0.0;140.0;10.0;
TRW_FR52_80;0.0;140.0;10.0;
TRW_FR53_80;0.0;140.0;10.0;
TRW_FR54_80;0.0;140.0;10.0;
TRW_FR55_80;0.0;140.0;10.0;
TRW_FR56_80;0.0;140.0;10.0;
TRW_FR57_80;0.0;140.0;10.0;
TRW_FR1_65;0.0;140.0;10.0;
TRW_FR2_65;0.0;140.0;10.0;
TRW_FR3_65;0.0;140.0;10.0;
TRW_FR4_65;0.0;140.0;10.0;
TRW_FR5_65;0.0;140.0;10.0;
TRW_FR6_65;0.0;140.0;10.0;
TRW_FR7_65;0.0;140.0;10.0;
TRW_FR8_65;0.0;140.0;10.0;
TRW_FR9_65;0.0;140.0;10.0;
TRW_FR10_65;0.0;140.0;10.0;
TRW_FR11_65;0.0;140.0;10.0;
TRW_FR13_65;0.0;140.0;10.0;
TRW_FR14_65;0.0;140.0;10.0;
TRW_FR15_65;0.0;140.0;10.0;
TRW_FR16_65;0.0;140.0;10.0;
TRW_FR17_65;0.0;140.0;10.0;
TRW_FR18_65;0.0;140.0;10.0;
TRW_FR19_65;0.0;140.0;10.0;
TRW_FR20_65;0.0;140.0;10.0;
TRW_FR21_65;0.0;140.0;10.0;
TRW_FR22_65;0.0;140.0;10.0;
TRW_FR23_65;0.0;140.0;10.0;
TRW_FR24_65;0.0;140.0;10.0;
TRW_FR25_65;0.0;140.0;10.0;
TRW_FR26_65;0.0;140.0;10.0;
TRW_FR27_65;0.0;140.0;10.0;
TRW_FR28_65;0.0;140.0;10.0;
TRW_FR29_65;0.0;140.0;10.0;
TRW_FR30_65;0.0;140.0;10.0;
TRW_FR31_65;0.0;140.0;10.0;
TRW_FR35_65;0.0;140.0;10.0;
TRW_FR36_65;0.0;140.0;10.0;
TRW_FR37_65;0.0;140.0;10.0;
TRW_FR38_65;0.0;140.0;10.0;
TRW_FR39_65;0.0;140.0;10.0;
TRW_FR40_65;0.0;140.0;10.0;
TRW_FR41_65;0.0;140.0;10.0;
TRW_FR42_65;0.0;140.0;10.0;
TRW_FR43_65;0.0;140.0;10.0;
TRW_FR44_65;0.0;140.0;10.0;
TRW_FR45_65;0.0;140.0;10.0;
TRW_FR46_65;0.0;140.0;10.0;
TRW_FR47_65;0.0;140.0;10.0;
TRW_FR48_65;0.0;140.0;10.0;
TRW_FR49_65;0.0;140.0;10.0;
TRW_FR51_65;0.0;140.0;10.0;
TRW_FR52_65;0.0;140.0;10.0;
TRW_FR53_65;0.0;140.0;10.0;
TRW_FR54_65;0.0;140.0;10.0;
TRE_FR50_80;0.0;140.0;10.0;
TRE_FR51_80;0.0;140.0;10.0;
TRE_FR52_80;0.0;140.0;10.0;
TRW_FR58_80;0.0;140.0;10.0;
TRW_FR59_80;0.0;140.0;10.0;
TRW_FR60_80;0.0;140.0;10.0;
GT-80MARR53;0.0;140.0;10.0;
GT-80MARR54;0.0;140.0;10.0;
GT-80MARR55;0.0;140.0;10.0;
GT-80MARR56;0.0;140.0;10.0;
GT-80MARR57;0.0;140.0;10.0;
GT-80MARR58;0.0;140.0;10.0;
GT-80MARR59;0.0;140.0;10.0;
GT-80MARR60;0.0;140.0;10.0;
GT-80MARR61;0.0;140.0;10.0;
GT-80MARR62;0.0;140.0;10.0;
GT-80MARR63;0.0;140.0;10.0;
GT-80MARR64;0.0;140.0;10.0;
GT-80MARR65;0.0;140.0;10.0;
GT-80MARR66;0.0;140.0;10.0;
GT-80MARR67;0.0;140.0;10.0;
GT-80MARR68;0.0;140.0;10.0;
GT-80MARR69;0.0;140.0;10.0;
GT-80MARR70;0.0;140.0;10.0;
GT-80MARR71;0.0;140.0;10.0;
GT-80MARR72;0.0;140.0;10.0;
GT-80MARR73;0.0;140.0;10.0;
GT-80MARR74;0.0;140.0;10.0;
GT-80MARR75;0.0;140.0;10.0;
GT-80MARR76;0.0;140.0;10.0;
GT-80MARR77;0.0;140.0;10.0;
GT-80MARR78;0.0;140.0;10.0;
GT-80MARR79;0.0;140.0;10.0;
GT-80MARR80;0.0;140.0;10.0;
GT-80MARR81;0.0;140.0;10.0;
GT-80MARR82;0.0;140.0;10.0;
GT-80MARR83;0.0;140.0;10.0;
GT-80MARR84;0.0;140.0;10.0;
GT-80MARR85;0.0;140.0;10.0;
GT-80MARR86;0.0;140.0;10.0;
GT-80MARR87;0.0;140.0;10.0;
GT-80MARR88;0.0;140.0;10.0;
GT-80MARR89;0.0;140.0;10.0;
GT-80MARR90;0.0;140.0;10.0;
GT-80-TRW-R14;0.0;140.0;10.0;
GT-80-TRW-R15;0.0;140.0;10.0;
GT-80-TRW-R16;0.0;140.0;10.0;
GT-80-TRW-R17;0.0;140.0;10.0;
GT-80-TRW-R18;0.0;140.0;10.0;
GT-80-TRW-R19;0.0;140.0;10.0;
GT-80-TRW-R20;0.0;140.0;10.0;
GT-80-TRW-R21;0.0;140.0;10.0;
GT-80-TRW-R22;0.0;140.0;10.0;
GT-80-TRW-R23;0.0;140.0;10.0;
GT-80-TRW-R24;0.0;140.0;10.0;
GT-80-TRW-R25;0.0;140.0;10.0;
GT-80-TRW-R26;0.0;140.0;10.0;
GT-80-TRW-R27;0.0;140.0;10.0;
GT-80-TRW-R28;0.0;140.0;10.0;
GT-80-TRW-R29;0.0;140.0;10.0;
GT-80-TRW-R30;0.0;140.0;10.0;
GT-80-TRW-R31;0.0;140.0;10.0;
GT-80-TRW-R32;0.0;140.0;10.0;
GT-80-TRW-R33;0.0;140.0;10.0;
GT-80-TRW-R34;0.0;140.0;10.0;
GT-80-TRE-R1;0.0;140.0;10.0;
GT-80-TRE-R2;0.0;140.0;10.0;
GT-80-TRE-R3;0.0;140.0;10.0;
GT-80-TRE-R4;0.0;140.0;10.0;
GT-80-TRE-R5;0.0;140.0;10.0;
GT-80-TRE-R6;0.0;140.0;10.0;
GT-80-TRE-R7;0.0;140.0;10.0;
GT-80-TRE-R8;0.0;140.0;10.0;
GT-80-TRE-R9;0.0;140.0;10.0;
GT-80-TRE-R10;0.0;140.0;10.0;
GT-80-TRE-R11;0.0;140.0;10.0;
GT-80-TRE-R12;0.0;140.0;10.0;
GT-80-TRE-R13;0.0;140.0;10.0;
GT-80-TRE-R14;0.0;140.0;10.0;
GT-80-TRE-R15;0.0;140.0;10.0;
GT-80-TRW-R35;0.0;140.0;10.0;
GT-80-TRW-R36;0.0;140.0;10.0;
GT-80-TRW-R37;0.0;140.0;10.0;
GT-80-TRW-R38;0.0;140.0;10.0;
GT-80-TRW-R39;0.0;140.0;10.0;
GT-80-TRW-R40;0.0;140.0;10.0;
GT-80-TRE-R16;0.0;140.0;10.0;
GT-80-TRE-R17;0.0;140.0;10.0;
GT-80-TRE-R18;0.0;140.0;10.0;
GT-80-TRE-R19;0.0;140.0;10.0;
GT-80-TRE-R20;0.0;140.0;10.0;
GT-80-TRE-R21;0.0;140.0;10.0;
GT-80-TRE-R22;0.0;140.0;10.0;
GT-80-TRE-R23;0.0;140.0;10.0;
GT-80-TRE-R24;0.0;140.0;10.0;
GT-80-TRE-R25;0.0;140.0;10.0;
GT-80-TRE-R26;0.0;140.0;10.0;
GT-80-TRE-R27;0.0;140.0;10.0;
GT-80-TRE-R28;0.0;140.0;10.0;
GT-80-TRE-R29;0.0;140.0;10.0;
GT-80-TRE-R30;0.0;140.0;10.0;
GT-80-TRE-R31;0.0;140.0;10.0;
GT-80-TRE-R32;0.0;140.0;10.0;
GT-80-TRE-R33;0.0;140.0;10.0;
GT-80-TRE-R34;0.0;140.0;10.0;
GT-80-TRE-R35;0.0;140.0;10.0;
GT-80-TRE-R36;0.0;140.0;10.0;
GT-80-TRE-R37;0.0;140.0;10.0;
GT-80-TRE-R38;0.0;140.0;10.0;
GT-80-TRE-R39;0.0;140.0;10.0;
GT-80-TRE-R40;0.0;140.0;10.0;
GT-80-TRE-R41;0.0;140.0;10.0;
GT-80-TRW-R1;0.0;140.0;10.0;
GT-80-TRW-R2;0.0;140.0;10.0;
GT-80-TRW-R3;0.0;140.0;10.0;
GT-80-TRW-R4;0.0;140.0;10.0;
GT-80-TRW-R5;0.0;140.0;10.0;
GT-80-TRW-R6;0.0;140.0;10.0;
GT-80-TRW-R7;0.0;140.0;10.0;
GT-80-TRW-R8;0.0;140.0;10.0;
GT-80-TRW-R9;0.0;140.0;10.0;
GT-80-TRW-R10;0.0;140.0;10.0;
GT-80-TRW-R11;0.0;140.0;10.0;
GT-80-TRW-R12;0.0;140.0;10.0;
GT-80-TRW-R13;0.0;140.0;10.0;
GT-RN-ZW-R1;0.0;349.0;0.0;
GT-RN-ZW-R2;0.0;349.0;0.0;
GT-RN-ZW-R3;0.0;349.0;0.0;
GT-RN-ZW-R4;0.0;349.0;0.0;
GT-RN-ZW-R5;0.0;349.0;0.0;
GT-RN-ZW-R6;0.0;349.0;0.0;
GT-RN-ZW-R7;0.0;349.0;0.0;
GT-RN-ZW-R8;0.0;349.0;0.0;
GT-FARW-R1;0.0;333.0;0.0;
GT-FARW-R2;0.0;333.0;0.0;
GT-FARW-R3;0.0;333.0;0.0;
GT-FARW-R4;0.0;333.0;0.0;
GT-FARW-R5;0.0;333.0;0.0;
GT-FARW-R6;0.0;333.0;0.0;
GT-FARW-R7;0.0;333.0;0.0;
GT-FARW-R8;0.0;333.0;0.0;
GT-FARW-R9;0.0;333.0;0.0;
GT-FARW-R10;0.0;333.0;0.0;
GT-FARW-R11;0.0;333.0;0.0;
GT-FARW-R12;0.0;333.0;0.0;
GT-FARW-R13;0.0;333.0;0.0;
GT-FARW-R14;0.0;333.0;0.0;
GT-FARW-R15;0.0;333.0;0.0;
GT-FARW-R16;0.0;333.0;0.0;
GT-80-TRE-Juin-R41;0.0;140.0;0.0;
GT-80-TRE-Juin-R42;0.0;140.0;0.0;
GT-80-TRE-Juin-R43;0.0;140.0;0.0;
GT-80-TRE-Juin-R44;0.0;140.0;0.0;
GT-80-TRE-Juin-R45-S;0.0;140.0;0.0;
GT-80-TRE-Juin-R45-W;0.0;140.0;0.0;
GT-80-TRE-Juin-R45-F;0.0;140.0;0.0;
GT-80-TRE-Juin-R46-S;0.0;140.0;0.0;
GT-80-TRE-Juin-R46-W;0.0;140.0;0.0;
GT-80-TRE-Juin-R46-F;0.0;140.0;0.0;
GT-80-TRE-Juin-R47-S;0.0;140.0;0.0;
GT-80-TRE-Juin-R47-W;0.0;140.0;0.0;
GT-80-TRE-Juin-R47-F;0.0;140.0;0.0;
GT-80-TRE-Juin-R48-S;0.0;140.0;0.0;
GT-80-TRE-Juin-R48-W;0.0;140.0;0.0;
GT-80-TRE-Juin-R48-F;0.0;140.0;0.0;
GT-80-TRW-R41-S;0.0;140.0;0.0;
GT-80-TRW-R41-W;0.0;140.0;0.0;
GT-80-TRW-R41-F;0.0;140.0;0.0;
GT-80-TRW-R42-S;0.0;140.0;0.0;
GT-80-TRW-R42-W;0.0;140.0;0.0;
GT-80-TRW-R42-F;0.0;140.0;0.0;
GT-80-TRW-R43-S;0.0;140.0;0.0;
GT-80-TRW-R43-W;0.0;140.0;0.0;
GT-80-TRW-R43-F;0.0;140.0;0.0;
GT-80-TRW-R44-S;0.0;140.0;0.0;
GT-80-TRW-R44-W;0.0;140.0;0.0;
GT-80-TRW-R44-F;0.0;140.0;0.0;
GT-80-TRW-R45-S;0.0;140.0;0.0;
GT-80-TRW-R45-W;0.0;140.0;0.0;
GT-80-TRW-R45-F;0.0;140.0;0.0;
GT-80-TRW-R46-S;0.0;140.0;0.0;
GT-80-TRW-R46-W;0.0;140.0;0.0;
GT-80-TRW-R46-F;0.0;140.0;0.0;
GT-80-TRW-R47-S;0.0;140.0;0.0;
GT-80-TRW-R47-W;0.0;140.0;0.0;
GT-80-TRW-R47-F;0.0;140.0;0.0;
GT-80-TRW-R48-S;0.0;140.0;0.0;
GT-80-TRW-R48-W;0.0;140.0;0.0;
GT-80-TRW-R48-F;0.0;140.0;0.0;
GT-80-TRW-R49-S;0.0;140.0;0.0;
GT-80-TRW-R49-W;0.0;140.0;0.0;
GT-80-TRW-R49-F;0.0;140.0;0.0;
GT-80-TRW-R50-S;0.0;140.0;0.0;
GT-80-TRW-R50-W;0.0;140.0;0.0;
GT-80-TRW-R50-F;0.0;140.0;0.0;
GT-80-TRW-R51-S;0.0;140.0;0.0;
GT-80-TRW-R51-W;0.0;140.0;0.0;
GT-80-TRW-R51-F;0.0;140.0;0.0;
BKS3;0.0;140.0;82.0;
BF2-26-RC-03;145.0;315.55;81.09;
BF2-26-RC-03;148.06;315.82;80.95;
BF2-26-RC-09;145.0;311.63;80.91;
BF2-26-RC-09;148.23;311.27;80.8;
BF2-26-RC-03;140.0;314.9;80.47;
BF2-26-RC-09;140.0;311.85;80.47;
BF2-26-RC-09;135.0;312.55;79.69;
BF2-26-RC-03;135.0;315.2;79.61;
BF2-26-RC-03;125.0;314.35;78.9;
BF2-26-RC-09;125.0;314.27;78.85;
BF2-26-RC-03;130.0;314.11;78.84;
BF2-26-RC-09;130.0;313.99;78.73;
BF1-RC-60;138.0;139.81;78.18;
BF2-26-RC-09;120.0;316.18;78.15;
BF1-RC-60;141.0;139.28;78.0;
BF2-26-RC-03;120.0;313.57;77.93;
BF1-RC-60;132.0;143.99;77.81;
BF1-RC-60;135.0;143.5;77.81;
BF2-26-RC-09;115.0;317.05;77.32;
BF1-RC-60;144.0;135.81;77.11;
BF2-26-RC-03;115.0;314.26;76.85;
BF1-RC-60;129.0;146.08;76.76;
BF1-RC-60;147.0;134.78;76.7;
BF2-26-RC-09;110.0;318.24;76.66;
BF1-RC-60;126.0;146.81;76.55;
BF2-26-RC-09;105.0;318.49;75.91;
BF2-26-RC-03;110.0;315.14;75.65;
BF1-RC-39BIS;150.0;132.61;75.63;
BF1-RC-39BIS;161.57;134.59;75.59;
BF1-RC-39BIS;145.0;134.09;75.53;
BF1-RC-39BIS;155.0;132.73;75.48;
BF1-RC-39BIS;160.0;132.35;75.34;
BF1-RC-60;150.0;130.84;75.3;
BF2-26-RC-09;100.0;319.58;75.22;
BF2-26-RC-09;95.0;319.26;75.2;
BF1-RC-60;123.0;148.44;75.13;
BKS2;0.0;320.0;75.0;
BF1-RC-60;153.0;129.98;74.95;
BF1-RC-60;120.0;148.5;74.82;
BF1-RC-39BIS;140.0;136.05;74.66;
BF2-26-RC-09;90.0;319.65;74.53;
BF2-26-RC-03;105.0;314.9;74.38;
BF1-RC-60;156.0;128.79;74.25;
BF1-RC-60;159.0;128.16;74.1;
BF1-RC-60;162.0;128.19;74.05;
BF1-RC-60;164.52;128.17;74.05;
BF2-26-RC-09;85.0;319.56;73.78;
BF1-RC-39BIS;135.0;136.49;73.73;
BF1-RC-60;117.0;149.75;73.51;
BF1-RC-60;114.0;149.69;73.43;
BF2-26-RC-07;95.0;311.02;73.34;
BF2-26-RC-07;100.07;311.11;73.33;
BF2-26-RC-07;100.0;310.78;73.16;
BF2-26-RC-09;80.0;319.39;73.11;
BF2-26-RC-07;90.0;312.28;73.1;
BF1-RC-42;120.0;131.7;72.97;
BF2-26-RC-03;95.0;315.09;72.96;
BF1-RC-42;125.0;128.33;72.94;
BF1-RC-39BIS;125.0;136.59;72.88;
BF1-RC-39BIS;130.0;136.59;72.88;
BF2-26-RC-03;100.0;315.2;72.84;
BF1-RC-26;95.0;140.0;72.72;
BF1-RC-42;130.0;126.26;72.6;
BF1-RC-26;93.0;140.0;72.52;
BF1-RC-60;111.0;150.03;72.31;
BF1-RC-60;108.0;149.83;72.29;
BF2-26-RC-09;75.0;319.22;72.25;
BF1-RC-26;78.0;140.0;72.18;
BF1-RC-26;90.0;140.0;72.15;
BF2-26-RC-07;85.0;313.36;72.14;
BF1-RC-42;115.0;135.21;72.12;
BF1-RC-26;75.0;140.0;72.06;
BF1-RC-39BIS;120.0;136.91;72.04;
BF1-RC-42;135.0;123.35;71.92;
BF1-RC-26;87.0;140.0;71.9;
BF2-26-RC-03;90.0;316.12;71.84;
BF1-RC-26;81.0;140.0;71.82;
BF1-RC-26;66.0;140.0;71.72;
BF1-RC-26;84.0;140.0;71.68;
BF1-RC-26;69.0;140.0;71.64;
BF1-RC-26;72.0;140.0;71.64;
BF1-RC-26;30.0;140.0;71.51;
BF1-RC-26;39.0;140.0;71.49;
BF1-RC-26;57.0;140.0;71.49;
BF1-RC-26;42.0;140.0;71.46;
BF1-RC-26;51.0;140.0;71.45;
BF1-RC-26;27.0;140.0;71.43;
BF1-RC-26;33.0;140.0;71.42;
BF1-RC-26;36.0;140.0;71.41;
BF1-RC-26;48.0;140.0;71.4;
BF1-RC-49;0.0;140.0;71.4;
BF1-RC-26;54.0;140.0;71.39;
BF1-RC-49;3.0;138.34;71.36;
BF1-RC-26;45.0;140.0;71.31;
BF1-RC-39BIS;115.0;137.32;71.3;
BF2-26-RC-09;70.0;318.96;71.29;
BF1-RC-26;24.0;140.0;71.26;
BF1-RC-49;6.0;137.97;71.22;
BF1-RC-26;21.0;140.0;71.21;
BF1-RC-26;63.0;140.0;71.21;
BF1-RC-60;102.0;149.74;71.21;
BF1-RC-26;18.0;140.0;71.2;
BF2-26-RC-09;65.0;319.62;71.2;
BF1-RC-26;60.0;140.0;71.16;
BF1-RC-60;105.0;149.77;71.16;
BF1-RC-49;48.0;134.92;71.1;
BF1-RC-49;51.0;134.17;71.1;
BF1-RC-26;15.0;140.0;71.09;
BF1-RC-42;140.0;122.32;71.09;
BF2-26-RC-07;80.0;313.58;71.05;
BF1-RC-26;12.0;140.0;71.01;
BF1-RC-42;110.0;137.44;70.96;
BF1-RC-42;145.0;122.11;70.96;
BF1-RC-49;54.0;133.54;70.95;
BF1-RC-42;150.0;122.7;70.91;
BF1-RC-26;9.0;140.0;70.9;
BF1-RC-49;60.0;134.47;70.89;
BF1-RC-49;9.0;138.48;70.88;
BF1-RC-49;24.0;135.86;70.86;
BF1-RC-49;57.0;132.09;70.86;
BF1-RC-49;18.0;136.33;70.83;
BF1-RC-49;21.0;136.43;70.83;
BF1-RC-49;45.0;134.3;70.82;
BF1-RC-26;6.0;140.0;70.79;
BF1-RC-26;3.0;140.0;70.77;
BF1-RC-26;0.0;140.0;70.76;
BF1-RC-49;15.0;136.9;70.76;
BF2-26-RC-03;85.0;316.88;70.73;
BF1-RC-49;27.0;136.23;70.71;
BF1-RC-49;12.0;138.16;70.67;
BF1-RC-49;42.0;133.49;70.59;
BF1-RC-49;36.0;134.25;70.58;
BF1-RC-49;39.0;134.77;70.58;
BF1-RC-49;30.0;134.59;70.48;
BF1-RC-49;33.0;134.46;70.46;
BF1-RC-39BIS;110.0;137.89;70.39;
BF1-RC-42;155.0;122.52;70.39;
BF1-RC-42;155.01;122.52;70.39;
BF2-26-RC-09;60.0;319.54;70.28;
BF2-26-RC-05;95.0;322.8;70.07;
BF2-26-RC-07;75.0;314.13;70.04;
BKS14;0.0;140.0;70.0;
BKS15;0.0;140.0;70.0;
BKS17;0.0;140.0;70.0;
S3;0.0;304.0;70.0;
BF2-26-RC-05;100.0;322.68;69.95;
BF1-RC-60;99.0;149.94;69.94;
BF2-26-RC-05;100.14;322.69;69.93;
BF1-RC-60;96.0;150.0;69.91;
BF1-RC-42;105.0;139.27;69.75;
BF2-26-RC-03;80.0;317.63;69.6;
BF1-RC-53;0.0;141.46;69.54;
BF2-26-RC-04;90.0;313.62;69.46;
BF2-26-RC-05;90.0;323.04;69.32;
BF1-RC-45;135.0;141.42;69.25;
BF1-RC-45;135.18;141.41;69.24;
BF2-26-RC-07;65.0;314.73;69.23;
BF1-RC-39BIS;105.0;138.82;69.2;
BF2-26-RC-04;95.0;313.79;69.2;
BF2-26-RC-04;96.14;313.79;69.2;
BF1-RC-45;125.0;142.25;69.13;
BF2-26-RC-07;70.0;314.47;69.12;
BF2-26-RC-09;55.0;319.65;69.12;
BF1-RC-53;5.0;141.72;69.1;
BF1-RC-60;90.0;149.85;69.06;
BF1-RC-45;130.0;142.13;69.0;
BF1-RC-60;93.0;149.81;68.99;
BF1-RC-42;95.0;140.11;68.9;
BF1-RC-45;120.0;143.19;68.82;
BF1-RC-42;100.0;140.01;68.81;
BF2-26-RC-04;85.0;313.8;68.63;
BF1-RC-53;10.0;141.69;68.59;
BF2-26-RC-03;75.0;318.29;68.5;
BF1-RC-60;84.0;149.21;68.43;
BF2-26-RC-07;60.0;315.17;68.4;
BF2-26-RC-05;85.0;323.42;68.33;
BF1-RC-53;20.0;141.69;68.23;
BF1-RC-60;87.0;149.31;68.22;
BF1-RC-53;15.0;141.78;68.16;
BF1-RC-53;25.0;141.86;68.15;
BF1-RC-42;90.0;140.7;68.13;
BF1-RC-53;30.0;142.08;68.08;
BF1-RC-53;35.0;142.26;67.94;
BF1-RC-53;45.0;142.52;67.85;
BF1-26-RC-63;141.0;143.45;67.83;
BF1-RC-53;40.0;142.37;67.78;
BF1-RC-60;78.0;148.89;67.78;
BF1-RC-45;115.0;144.52;67.74;
BF2-26-RC-04;80.0;314.01;67.7;
BF1-26-RC-63;138.0;145.91;67.68;
BF1-RC-60;81.0;148.9;67.64;
BF1-RC-53;50.0;142.24;67.62;
BF2-26-RC-09;50.0;319.63;67.59;
BF1-RC-42;85.0;140.91;67.58;
BF1-RC-25;10.0;140.94;67.57;
BF1-RC-25;0.0;140.43;67.54;
BF1-26-RC-63;135.0;146.97;67.54;
BF1-26-RC-63;126.0;145.18;67.53;
BF1-RC-25;15.0;140.88;67.5;
BF1-RC-25;5.0;140.59;67.49;
BF2-26-RC-03;65.0;318.7;67.47;
BF2-26-RC-03;70.0;318.5;67.45;
BF2-26-RC-05;80.0;324.31;67.33;
BF1-26-RC-63;144.0;143.59;67.25;
BF1-26-RC-63;147.0;144.36;67.25;
BF1-26-RC-63;150.0;139.68;67.23;
BF1-RC-60;72.0;148.66;67.22;
BF1-RC-53;55.0;141.64;67.19;
BF1-RC-39BIS;100.0;140.09;67.18;
BF2-26-RC-07;55.0;316.1;67.17;
BF1-26-RC-63;129.0;145.82;67.14;
BF1-RC-25;20.0;141.03;67.11;
BF1-RC-39BIS;95.0;140.22;67.11;
BF1-RC-60;75.0;148.61;67.08;
BF1-RC-53;60.0;141.28;67.07;
BF1-RC-25;25.0;141.04;66.95;
BF1-RC-42;80.0;141.11;66.94;
BF1-26-RC-63;120.0;145.23;66.9;
BF1-RC-53;65.0;140.75;66.85;
BF1-26-RC-63;123.0;145.19;66.79;
BF1-RC-45;110.0;145.58;66.76;
BF1-RC-33;135.0;141.14;66.7;
BF2-26-RC-04;75.0;314.19;66.66;
BF1-RC-33;135.11;141.58;66.61;
BF1-RC-53;70.0;140.82;66.6;
BF2-26-RC-03;60.0;318.84;66.6;
BF1-RC-33;125.0;140.59;66.57;
BF1-26-RC-63;132.0;146.95;66.57;
BF1-RC-25;30.0;141.13;66.54;
BF1-RC-53;85.0;141.34;66.54;
BF1-RC-53;90.0;141.36;66.52;
BF1-RC-39BIS;90.0;140.4;66.5;
BF1-RC-53;75.0;140.64;66.48;
BF1-RC-53;95.0;141.64;66.47;
BF1-RC-33;130.0;140.86;66.45;
BF1-RC-53;104.05;141.65;66.45;
BF1-RC-53;80.0;140.73;66.43;
BF1-26-RC-63;117.0;145.75;66.41;
BF1-26-RC-63;114.0;145.88;66.35;
BF2-26-RC-01;90.0;316.49;66.32;
BF2-26-RC-05;75.0;325.09;66.32;
S10A;0.0;134.0;66.3;
BF2-26-RC-01;94.34;313.95;66.3;
BF1-RC-53;100.0;141.76;66.24;
BF1-RC-60;69.0;148.75;66.23;
BF1-RC-42;75.0;141.96;66.22;
BF1-RC-33;120.0;140.49;66.18;
BF1-RC-25;35.0;141.15;66.16;
BF1-RC-60;66.0;148.68;66.12;
BF1-26-RC-63;111.0;146.52;66.1;
BF2-26-RC-07;50.0;316.85;66.01;
BKS13;0.0;140.0;66.0;
BF2-26-RC-09;45.0;319.67;65.99;
BF1-26-RC-66;96.0;141.92;65.96;
BF1-RC-39BIS;85.0;140.59;65.93;
BF1-26-RC-66;99.0;141.9;65.89;
BF1-26-RC-66;93.0;142.0;65.83;
BF1-RC-25;40.0;141.12;65.82;
BF1-RC-45;105.0;145.94;65.82;
BF1-26-RC-66;100.0;141.93;65.76;
BF1-26-RC-66;81.0;141.97;65.69;
BF2-26-RC-04;70.0;313.98;65.69;
BF1-26-RC-66;84.0;141.93;65.65;
BF1-RC-25;45.0;140.94;65.63;
BF1-RC-33;115.0;140.6;65.6;
BF1-26-RC-66;87.0;141.9;65.6;
BF1-RC-42;65.0;142.86;65.54;
BF1-26-RC-66;90.0;141.79;65.53;
BF2-26-RC-04;65.0;314.05;65.46;
BF1-26-RC-66;69.0;141.96;65.45;
BF1-26-RC-66;78.0;141.98;65.43;
BF2-26-RC-03;55.0;319.43;65.42;
BF1-RC-42;70.0;142.75;65.38;
BF1-26-RC-66;66.0;142.0;65.35;
BF1-RC-39BIS;80.0;140.56;65.32;
BF2-26-RC-05;70.0;325.39;65.32;
BF1-RC-60;60.0;148.29;65.3;
BF1-26-RC-66;72.0;141.99;65.29;
BF1-26-RC-66;75.0;141.93;65.26;
BF2-26-RC-05;65.0;325.38;65.25;
BF1-26-RC-66;63.0;142.01;65.24;
BF1-RC-25;50.0;140.76;65.23;
BF1-RC-25;50.11;140.76;65.22;
BF1-RC-42;60.0;143.35;65.21;
BF1-26-RC-63;96.0;145.5;65.19;
BF1-26-RC-66;57.0;142.01;65.18;
BF1-26-RC-66;60.0;141.96;65.17;
BF1-26-RC-66;45.0;141.96;65.14;
BF1-26-RC-66;48.0;141.92;65.14;
BF1-RC-42;55.0;143.59;65.11;
BF1-26-RC-66;54.0;141.95;65.11;
BF1-RC-60;63.0;148.3;65.09;
BF1-26-RC-63;93.0;143.88;65.06;
BF1-26-RC-66;51.0;141.96;65.04;
BF1-RC-45;95.0;146.74;65.01;
BKCis13;0.0;150.0;65.0;
BKCis14;0.0;140.0;65.0;
BKN2;0.0;145.0;65.0;
BKS18;0.0;140.0;65.0;
BKS20;0.0;140.0;65.0;
S16;0.0;140.0;65.0;
S4;0.0;320.0;65.0;
S7A;0.0;140.0;65.0;
BF1-26-RC-66;42.0;141.75;64.99;
BF1-26-RC-66;36.0;141.92;64.95;
BF1-26-RC-63;90.0;143.32;64.94;
BF1-26-RC-66;33.0;142.04;64.94;
BF2-26-RC-01;85.0;317.87;64.94;
BF1-RC-33;110.0;140.64;64.93;
BF1-26-RC-66;39.0;141.73;64.91;
BF1-26-RC-63;99.0;145.37;64.9;
BF2-26-RC-07;45.0;317.48;64.88;
BF1-RC-33;95.0;140.79;64.87;
BF1-26-RC-66;30.0;142.11;64.82;
BF2-26-RC-04;60.0;313.94;64.82;
BF1-RC-39BIS;75.0;140.39;64.79;
BF1-RC-60;54.0;148.37;64.78;
BF1-RC-45;100.0;145.89;64.77;
BF1-RC-33;105.0;140.91;64.74;
BF1-26-RC-66;21.0;142.1;64.71;
BF1-RC-33;90.0;140.43;64.7;
BF1-26-RC-63;102.0;145.44;64.69;
BF1-26-RC-66;24.0;142.03;64.69;
BF1-26-RC-66;27.0;142.0;64.68;
BF1-26-RC-66;18.0;142.26;64.66;
BF1-RC-45;90.0;146.59;64.64;
BF1-26-RC-66;6.0;142.26;64.64;
BF1-RC-33;100.0;141.0;64.58;
BF1-26-RC-66;9.0;141.96;64.58;
BF1-RC-60;57.0;148.42;64.57;
BF1-26-RC-66;3.0;141.97;64.56;
BF1-26-RC-66;0.0;142.0;64.54;
BF1-RC-42;50.0;143.91;64.53;
BF2-26-RC-09;40.0;319.67;64.47;
BF1-RC-45;85.0;146.78;64.42;
BF1-26-RC-63;84.0;141.47;64.42;
BF1-26-RC-66;12.0;141.86;64.41;
BF1-26-RC-66;15.0;141.98;64.39;
BF1-RC-60;48.0;147.78;64.37;
BF1-26-RC-63;105.0;146.15;64.35;
BF2-26-RC-11;50.0;317.06;64.34;
BF2-26-RC-03;50.0;320.02;64.33;
BF2-26-RC-11;50.11;317.05;64.33;
BF2-26-RC-05;60.0;325.77;64.3;
BF1-26-RC-63;87.0;142.66;64.28;
BF2-26-RC-09;35.0;319.82;64.27;
BF1-RC-39BIS;65.0;140.29;64.23;
BF1-26-RC-63;81.0;141.9;64.23;
BF1-RC-60;36.0;146.47;64.21;
BF1-RC-60;42.0;147.07;64.21;
BF1-RC-60;51.0;147.77;64.18;
BF1-RC-33;85.0;141.0;64.17;
BF2-26-RC-11;45.0;317.27;64.13;
BF1-RC-45;80.0;146.89;64.06;
BF1-RC-39BIS;70.0;140.38;64.05;
BF1-RC-60;30.0;146.66;64.0;
BF1-RC-60;39.0;146.51;64.0;
BKS10;0.0;140.0;64.0;
BF1-26-RC-63;78.0;140.66;64.0;
BF1-RC-42;45.0;144.11;63.96;
BF1-RC-60;33.0;146.3;63.94;
BF1-RC-60;45.0;147.25;63.93;
BF2-26-RC-04;55.0;314.4;63.86;
BF1-26-RC-63;66.0;138.11;63.75;
BF1-26-RC-63;63.0;138.98;63.67;
BF1-26-RC-63;108.0;147.02;63.65;
BF1-RC-45;75.0;146.84;63.63;
BF1-RC-30;25.0;131.7;63.61;
BF1-RC-33;80.0;141.29;63.57;
BF1-26-RC-63;72.0;137.48;63.57;
BF2-26-RC-07;35.0;318.19;63.56;
BF1-26-RC-63;75.0;139.3;63.54;
BF1-RC-45;65.0;146.74;63.52;
BF2-26-RC-01;80.0;318.82;63.5;
BF1-RC-30;30.0;131.87;63.47;
BF1-26-RC-63;69.0;136.72;63.47;
BF2-26-RC-07;40.0;318.07;63.47;
BF1-RC-39BIS;60.0;139.94;63.39;
BF1-RC-60;24.0;146.08;63.37;
BF1-RC-30;20.0;131.57;63.32;
BF2-26-RC-09;30.0;319.81;63.32;
BF1-RC-45;70.0;146.64;63.31;
BF1-RC-45;60.0;146.59;63.26;
BF1-26-RC-63;60.0;139.87;63.26;
BF1-RC-33;75.0;141.29;63.2;
BF1-RC-44;100.0;153.12;63.2;
BF1-RC-44;100.04;153.12;63.2;
BF1-RC-60;27.0;146.1;63.2;
BF2-26-RC-05;55.0;326.42;63.19;
BF2-26-RC-11;35.0;317.41;63.19;
BF2-26-RC-11;40.0;317.28;63.18;
BF1-RC-30;35.0;132.21;63.13;
BF1-RC-33;65.0;141.44;63.11;
BF1-RC-44;95.0;152.87;63.11;
BF1-RC-42;35.0;144.51;63.08;
BF1-RC-33;70.0;141.65;63.06;
BF1-RC-42;40.0;144.37;63.02;
BKS12;0.0;140.0;63.0;
BF1-RC-33;60.0;141.45;62.97;
BF2-26-RC-03;45.0;320.58;62.96;
BF1-26-RC-63;57.0;140.38;62.92;
BF1-RC-39BIS;55.0;139.84;62.88;
BF1-RC-30;15.0;131.74;62.86;
BF1-RC-30;40.0;132.35;62.85;
BF1-RC-29;85.0;137.24;62.82;
BF1-RC-39BIS;50.0;140.33;62.79;
BF1-RC-33;55.0;141.02;62.78;
BF1-RC-39BIS;35.0;139.26;62.78;
BF1-RC-42;30.0;144.66;62.78;
BF1-RC-33;50.0;140.56;62.74;
BF1-RC-23;90.0;137.92;62.7;
BF1-RC-39BIS;45.0;139.88;62.67;
BF1-RC-33;45.0;140.32;62.65;
BF1-RC-39BIS;30.0;139.39;62.65;
BF1-RC-33;35.0;139.98;62.64;
BF1-26-RC-63;54.0;139.91;62.63;
BF1-RC-59;50.0;150.27;62.62;
BF1-RC-29;88.25;137.27;62.61;
BF1-RC-30;45.0;132.4;62.61;
BF1-RC-39BIS;40.0;139.33;62.59;
BF2-26-RC-07;30.0;318.52;62.59;
BF1-RC-42;25.0;144.93;62.58;
BF2-26-RC-04;50.0;315.68;62.58;
BF1-RC-60;18.0;145.87;62.57;
BF1-RC-60;21.0;145.93;62.48;
BF1-RC-20BIS1;95.0;142.0;62.46;
BF1-RC-30;50.0;131.98;62.46;
BF1-RC-23;94.01;137.8;62.4;
BF1-RC-33;30.0;140.42;62.4;
BF1-RC-33;40.0;140.17;62.4;
BF1-RC-42;20.0;144.95;62.36;
BF1-RC-45;55.0;146.66;62.33;
BF2-26-RC-09;25.0;319.9;62.32;
BF1-RC-20BIS1;90.0;142.24;62.28;
BF1-RC-59;48.0;149.77;62.28;
BF1-RC-30;10.0;131.83;62.26;
BF1-RC-30;5.0;131.85;62.25;
BF1-RC-30;55.0;131.23;62.25;
BF1-RC-61;90.0;147.1;62.25;
BF1-RC-59;39.0;150.22;62.23;
BF2-26-RC-01;75.0;319.79;62.23;
BF1-RC-61;96.0;146.57;62.19;
BF1-RC-20BIS1;100.0;141.96;62.17;
BF1-RC-20BIS1;100.12;141.96;62.17;
BF1-RC-59;36.0;149.71;62.15;
BF1-RC-59;42.0;149.55;62.15;
BF1-RC-39BIS;25.0;139.24;62.13;
BF2-26-RC-05;50.0;326.21;62.1;
BF1-RC-61;84.0;147.34;62.08;
BF1-RC-42;15.0;144.88;62.06;
BF1-RC-36;135.0;141.86;62.03;
BF1-RC-29;80.0;137.25;62.02;
BF1-RC-30;0.0;131.78;62.02;
BF1-RC-36;138.03;141.88;62.02;
BF1-RC-59;45.0;149.19;62.02;
BF1-RC-59;33.0;149.68;62.01;
BF1-RC-57;90.0;148.94;62.0;
BKCis1;0.0;140.0;62.0;
BKCis10;0.0;320.0;62.0;
BKCis11;0.0;320.0;62.0;
BKCis12;0.0;140.0;62.0;
BKCis15;0.0;140.0;62.0;
BKCis16;0.0;140.0;62.0;
BKCis17;0.0;140.0;62.0;
BKCis18;0.0;140.0;62.0;
BKCis19;0.0;140.0;62.0;
BKCis2;0.0;140.0;62.0;
BKCis20;0.0;140.0;62.0;
BKCis21;0.0;140.0;62.0;
BKCis22;0.0;140.0;62.0;
BKCis23;0.0;140.0;62.0;
BKCis24;0.0;140.0;62.0;
BKCis25;0.0;140.0;62.0;
BKCis26;0.0;140.0;62.0;
BKCis27;0.0;140.0;62.0;
BKCis28;0.0;140.0;62.0;
BKCis29;0.0;140.0;62.0;
BKCis3;0.0;320.0;62.0;
BKCis30;0.0;140.0;62.0;
BKCis4;0.0;320.0;62.0;
BKCis5;0.0;140.0;62.0;
BKCis6;0.0;140.0;62.0;
BKCis7;0.0;140.0;62.0;
BKCis8;0.0;325.0;62.0;
BKCis9;0.0;320.0;62.0;
BKN3;0.0;150.0;62.0;
BF1-RC-33;25.0;140.3;61.99;
BF1-RC-57;85.0;149.55;61.99;
BF2-26-RC-11;30.0;317.73;61.99;
BF1-RC-61;99.0;146.73;61.97;
BF1-RC-61;93.0;147.17;61.95;
BF1-RC-45;45.0;145.99;61.91;
BF1-RC-45;50.0;146.48;61.9;
BF1-RC-30;60.0;130.82;61.89;
BF1-RC-61;87.0;147.5;61.89;
BF1-RC-23;85.0;138.65;61.84;
BF1-RC-45;35.0;145.71;61.82;
BF1-RC-05;50.0;141.03;61.77;
BF1-RC-05;50.06;141.03;61.77;
BF1-RC-44;90.0;152.4;61.77;
BF1-RC-36;125.0;141.97;61.76;
BF1-RC-29;15.0;139.84;61.74;
BF1-RC-29;20.0;140.09;61.74;
BF2-26-RC-09;20.0;319.7;61.73;
BF1-RC-36;120.0;141.78;61.72;
BF1-RC-59;30.0;149.52;61.7;
BF1-RC-05BIS;35.0;149.63;61.67;
BF1-RC-60;12.0;145.65;61.67;
BF1-RC-42;5.0;144.2;61.65;
BF1-RC-57;80.0;150.46;61.64;
BF1-RC-45;40.0;145.65;61.63;
BF1-RC-61;100.57;146.67;61.63;
BF1-RC-57;95.0;148.81;61.62;
BF1-RC-20BIS1;85.0;142.09;61.6;
BF2-26-RC-07;25.0;318.68;61.6;
BF2-26-RC-09;15.0;319.96;61.59;
BF1-RC-30;65.0;131.26;61.58;
BF2-26-RC-01;60.0;320.41;61.58;
BF1-RC-05BIS;45.0;149.92;61.57;
BF1-RC-05BIS;45.08;149.92;61.56;
BF1-RC-36;115.0;141.93;61.56;
BF1-RC-39BIS;20.0;138.93;61.54;
BF1-RC-42;10.0;144.51;61.52;
BF1-RC-60;15.0;145.69;61.52;
BF1-RC-33;20.0;139.96;61.5;
BF2-26-RC-01;65.0;320.32;61.46;
BF1-RC-59;27.0;149.33;61.44;
BF1-RC-11;65.0;137.69;61.43;
BF1-RC-36;130.0;141.91;61.43;
BF1-RC-29;5.0;139.79;61.42;
BF1-RC-42;0.0;144.01;61.42;
BF1-RC-45;30.0;145.94;61.41;
BF2-26-RC-03;40.0;320.78;61.41;
BF2-26-RC-04;45.0;316.07;61.41;
BF1-RC-29;60.0;138.08;61.4;
BF1-RC-05BIS;30.0;149.35;61.39;
BF1-RC-11;60.0;137.58;61.38;
BF1-RC-57;75.0;150.9;61.37;
BF1-RC-05BIS;40.0;149.68;61.36;
BF1-RC-11;35.0;136.97;61.33;
BF1-RC-29;55.0;138.21;61.33;
BF2-26-RC-09;5.0;320.18;61.33;
BF1-RC-05;30.0;139.51;61.28;
BF1-RC-57;5.0;150.34;61.28;
BF1-RC-36;110.0;142.05;61.27;
BF1-RC-61;78.0;147.43;61.27;
BF2-26-RC-01;70.0;320.27;61.27;
BF1-RC-29;0.0;139.97;61.26;
BF2-26-RC-03;35.0;320.73;61.26;
BF1-RC-59;24.0;148.97;61.24;
BF1-RC-57;65.0;151.04;61.23;
BF1-RC-11;55.0;137.54;61.21;
BF1-RC-29;10.0;139.74;61.21;
BF1-RC-29;65.0;137.38;61.21;
BF1-RC-05;25.0;139.31;61.2;
BF1-RC-07;90.0;137.55;61.2;
BF2-26-RC-11;25.0;317.94;61.18;
BF1-RC-30;70.0;131.01;61.17;
BF1-RC-11;70.0;137.45;61.16;
BF1-RC-57;100.0;148.8;61.15;
BF2-26-RC-09;10.0;320.05;61.15;
BF1-RC-29;75.0;137.09;61.14;
BF1-RC-11;75.0;137.39;61.13;
BF1-RC-61;81.0;147.34;61.13;
BF1-RC-05;35.0;139.86;61.12;
BF1-RC-05;45.0;141.13;61.12;
BF1-RC-11;40.0;136.53;61.11;
BF1-RC-57;10.0;150.49;61.11;
BF1-RC-11;30.0;137.44;61.1;
BF1-RC-29;25.0;140.29;61.09;
BF1-RC-11;45.0;136.16;61.08;
BF1-RC-11;50.0;136.67;61.05;
BF1-RC-20BIS1;80.0;142.25;61.05;
BF1-RC-47;95.0;168.58;61.04;
BF1-RC-29;50.0;138.31;61.03;
BF1-RC-23;80.0;138.85;61.02;
BF1-RC-36;95.0;141.92;61.02;
BF1-RC-15;30.0;139.25;61.01;
BKS6;0.0;140.0;61.0;
BKS6;50.0;140.0;61.0;
BKS9;180.0;140.0;61.0;
BF2-26-RC-05;45.0;326.48;61.0;
BF1-RC-29;30.0;140.6;60.99;
BF1-RC-29;35.0;140.58;60.99;
BF1-RC-57;60.0;151.07;60.98;
BF1-RC-57;70.0;151.1;60.98;
BF1-RC-07;85.0;137.68;60.97;
BF1-RC-59;21.0;149.36;60.97;
BF1-RC-15;35.0;138.75;60.96;
BF2-26-RC-01;55.0;320.55;60.96;
BF1-RC-13;0.0;146.01;60.95;
BF2-26-RC-07;20.0;318.54;60.95;
BF1-RC-05;40.0;139.92;60.93;
BF1-RC-36;105.0;142.08;60.93;
BF1-RC-39BIS;15.0;138.6;60.93;
BF1-RC-59;15.0;148.97;60.93;
BF1-RC-60;6.0;145.27;60.93;
BF1-RC-39BIS;0.0;137.52;60.9;
BF1-RC-30;75.0;130.8;60.89;
BF1-RC-57;0.0;150.4;60.89;
BF1-RC-11;80.0;137.37;60.88;
BF1-RC-11;90.0;137.19;60.88;
BF2-26-RC-11;15.0;317.57;60.88;
BF1-RC-59;18.0;149.14;60.87;
BF1-RC-33;15.0;139.87;60.86;
BF1-RC-59;12.0;149.06;60.86;
BF2-26-RC-11;20.0;317.97;60.85;
BF2-26-RC-07;5.0;318.96;60.84;
BF1-RC-59;0.0;150.0;60.83;
BF1-RC-11;25.0;138.16;60.82;
BF1-RC-36;90.0;141.8;60.82;
BF1-RC-44;85.0;151.57;60.82;
BF1-RC-22;120.0;138.27;60.81;
BF1-RC-47;90.0;168.32;60.81;
BF1-RC-57;55.0;150.92;60.81;
BF1-RC-07;94.05;137.75;60.8;
BF1-RC-22;120.32;136.6;60.8;
BF1-RC-29;40.0;140.52;60.8;
BF1-RC-59;6.0;150.02;60.8;
BF1-RC-60;9.0;145.34;60.8;
BF1-RC-59;3.0;150.16;60.79;
BF1-RC-29;70.0;137.02;60.78;
BF1-RC-29;45.0;139.23;60.77;
BF1-RC-59;9.0;149.69;60.77;
BF1-RC-05BIS;25.0;149.26;60.75;
BF1-RC-01;90.0;138.76;60.73;
BF1-RC-11;85.0;137.43;60.73;
BF1-RC-15;40.0;138.65;60.71;
BF1-RC-36;100.0;141.95;60.71;
BF1-RC-36;35.0;141.69;60.69;
BF1-RC-47;100.0;168.04;60.69;
BF1-RC-39BIS;5.0;137.97;60.68;
BF1-RC-45;25.0;146.44;60.67;
BF1-RC-57;50.0;151.73;60.67;
BF1-RC-05;20.0;139.71;60.66;
BF2-26-RC-07;15.0;318.53;60.66;
BF1-RC-13;5.0;145.99;60.65;
BF1-RC-57;15.0;150.83;60.65;
BF1-RC-05;5.0;142.37;60.64;
BF1-RC-13;25.0;144.01;60.64;
BF1-RC-30;80.0;130.91;60.62;
BF1-26-RC-63;51.0;137.84;60.62;
BF1-RC-36;85.0;141.52;60.61;
BF1-RC-57;102.17;148.95;60.6;
BF2-26-RC-11;5.0;317.98;60.6;
BF1-RC-36;30.0;141.09;60.58;
BF1-RC-60;0.0;145.1;60.56;
BF1-RC-11;93.97;137.17;60.53;
BF1-RC-13;20.0;144.54;60.53;
BF1-RC-15;45.0;138.63;60.53;
BF2-26-RC-07;10.0;318.88;60.52;
BF1-RC-15;0.0;140.26;60.5;
BF1-RC-20BIS1;15.0;139.06;60.5;
BF1-RC-20BIS1;75.0;142.15;60.5;
BF1-RC-05;15.0;141.02;60.47;
BF1-RC-20BIS1;20.0;140.21;60.47;
BF2-26-RC-11;10.0;317.91;60.47;
BF1-RC-15;50.0;138.6;60.44;
BF1-RC-39BIS;10.0;138.11;60.44;
BF1-RC-56;75.0;147.98;60.44;
BF1-RC-56;75.06;147.98;60.44;
BF1-RC-11;20.0;138.42;60.42;
BF1-RC-57;45.0;151.69;60.42;
BF1-RC-05;0.0;142.26;60.41;
BF1-RC-15;25.0;139.87;60.41;
BF1-RC-57;30.0;151.77;60.41;
BF1-RC-57;35.0;151.78;60.41;
BF1-RC-15;5.0;140.13;60.4;
BF1-RC-36;45.0;142.55;60.4;
BF1-RC-13;15.0;145.19;60.39;
BF1-RC-13;10.0;145.95;60.38;
BF1-26-RC-63;48.0;141.17;60.38;
BF1-RC-05;10.0;142.08;60.36;
BF1-RC-36;40.0;141.7;60.36;
BF1-RC-22;115.0;138.09;60.35;
BF1-RC-36;50.0;142.68;60.34;
BF1-RC-36;65.0;141.88;60.34;
BF1-RC-47;85.0;168.67;60.34;
BF1-RC-47;100.11;167.89;60.33;
BF1-RC-60;3.0;145.16;60.33;
BF1-RC-30;85.0;131.14;60.31;
BF1-RC-36;60.0;141.92;60.31;
BF1-RC-36;80.0;141.37;60.29;
BF2-26-RC-01;50.0;320.75;60.29;
BF1-RC-13;30.0;143.59;60.27;
BF1-RC-33;5.0;139.39;60.27;
BF1-RC-61;72.0;147.42;60.27;
BF1-RC-57;20.0;151.5;60.26;
BF1-RC-57;25.0;151.75;60.24;
BF2-26-RC-04;40.0;316.29;60.23;
BF2-26-RC-09;0.0;320.27;60.23;
BF1-RC-01;93.49;138.93;60.22;
BF1-26-RC-63;39.0;140.85;60.22;
BF1-RC-33;10.0;139.67;60.21;
BF1-RC-44;80.0;150.68;60.21;
BF1-RC-20BIS1;25.0;140.36;60.2;
BF1-RC-45;20.0;146.31;60.2;
BF1-RC-07;80.0;138.19;60.19;
BF1-RC-57;40.0;151.76;60.19;
BF1-RC-61;75.0;147.45;60.19;
BF1-RC-05BIS;20.0;149.31;60.18;
BF1-RC-15;15.0;140.1;60.18;
BF1-RC-15;55.0;138.99;60.18;
BF1-RC-15;20.0;140.15;60.17;
BF1-RC-23;75.0;139.46;60.17;
BF1-RC-36;25.0;141.1;60.14;
BF1-RC-20BIS1;10.0;137.5;60.13;
BF1-RC-36;55.0;142.4;60.12;
BF1-RC-45;15.0;146.06;60.11;
BF2-26-RC-07;0.0;320.07;60.11;
BF1-RC-15;60.0;139.54;60.1;
BF1-26-RC-63;42.0;141.15;60.1;
BF1-RC-45;5.0;146.01;60.08;
BF1-RC-01;85.0;138.56;60.07;
BF2-26-RC-04;35.0;316.47;60.07;
BF1-RC-11;0.0;139.23;60.06;
BF1-26-RC-63;36.0;140.06;60.06;
BF1-RC-56;65.0;147.65;60.05;
BF1-RC-36;70.0;141.96;60.04;
BF1-RC-07;60.0;137.22;60.03;
BF1-RC-15;10.0;140.26;60.02;
BF1-RC-20BIS1;30.0;140.16;60.02;
BF1-RC-36;75.0;141.46;60.01;
BF1-RC-44;75.0;150.51;60.01;
BKF2Cis3;0.0;345.0;60.0;
BKF3Cis1;0.0;180.0;60.0;
BKF3Cis2;0.0;185.0;60.0;
BKF3Cis3;0.0;180.0;60.0;
BKF3Cis5;0.0;180.0;60.0;
BKN4;0.0;150.0;60.0;
BKS1;0.0;320.0;60.0;
BKS1;50.0;320.0;60.0;
BKS1;100.0;320.0;60.0;
BKS11;0.0;140.0;60.0;
BKS16;0.0;140.0;60.0;
BKS19;0.0;140.0;60.0;
BKS21bis;0.0;140.0;60.0;
BKS4;0.0;140.0;60.0;
BKS4;100.0;140.0;60.0;
BKS4;150.0;140.0;60.0;
BKS5;0.0;140.0;60.0;
BKS5;50.0;140.0;60.0;
BKS5;100.0;140.0;60.0;
BKS5;150.0;140.0;60.0;
BKS5;200.0;140.0;60.0;
BKS6;100.0;140.0;60.0;
BKS6;150.0;140.0;60.0;
BKS6;170.0;140.0;60.0;
BKS9;0.0;140.0;60.0;
BKS9;50.0;140.0;60.0;
BKS9;100.0;140.0;60.0;
BF1-26-RC-63;45.0;141.27;60.0;
BF1-RC-47;65.0;169.56;59.99;
BF1-RC-33;0.0;139.24;59.98;
BF1-RC-44;65.0;150.08;59.98;
BF1-RC-22;110.0;138.16;59.96;
BF1-RC-56;60.0;147.31;59.94;
BF2-26-RC-11;0.0;318.38;59.94;
BF1-RC-11;5.0;139.09;59.93;
BF1-RC-07;65.0;137.51;59.91;
BF1-RC-61;66.0;147.48;59.91;
BF1-RC-05BIS;15.0;149.65;59.89;
BF1-RC-07;55.0;138.02;59.89;
BF1-RC-11;15.0;138.89;59.89;
BF1-RC-47;60.0;169.73;59.89;
BF1-RC-56;70.0;147.76;59.89;
BF1-RC-20BIS1;5.0;136.74;59.86;
BF1-RC-45;10.0;145.9;59.85;
BF1-RC-45;0.0;145.39;59.84;
BF1-RC-05BIS;5.0;149.34;59.82;
BF1-RC-13;35.0;143.63;59.82;
BF1-RC-36;20.0;141.17;59.82;
BF1-RC-47;80.0;169.11;59.82;
BF1-RC-13;60.0;143.45;59.81;
BF1-RC-07;75.0;138.02;59.8;
BF1-26-RC-63;33.0;140.4;59.8;
BF2-26-RC-03;30.0;321.08;59.8;
BF1-RC-05BIS;0.0;149.25;59.79;
BF1-RC-47;75.0;169.47;59.77;
BF2-26-RC-05;40.0;326.96;59.77;
BF1-RC-20BIS1;70.0;141.9;59.76;
BF1-26-RC-63;30.0;140.69;59.76;
BF1-RC-07;70.0;137.57;59.72;
BF1-RC-47;70.0;169.62;59.72;
BF1-RC-44;60.0;149.56;59.69;
BF1-RC-11;10.0;139.08;59.68;
BF1-RC-01;80.0;138.71;59.67;
BF1-RC-13;55.0;143.59;59.65;
BF1-RC-44;70.0;150.0;59.64;
BF1-RC-61;69.0;147.35;59.64;
BF1-26-RC-63;27.0;140.98;59.64;
BF1-RC-20BIS1;35.0;139.91;59.61;
BF1-RC-30;90.0;131.08;59.61;
BF1-RC-15;65.0;139.79;59.59;
BF1-RC-47;55.0;169.61;59.59;
BF1-RC-20BIS1;65.0;141.65;59.58;
BF1-RC-20BIS1;60.0;141.48;59.56;
BF1-RC-56;55.0;147.25;59.54;
BF1-26-RC-63;24.0;141.16;59.54;
BF1-RC-13;65.0;143.49;59.52;
BF1-RC-05BIS;10.0;149.29;59.5;
BF1-RC-07;50.0;138.47;59.49;
BF1-RC-36;0.0;140.01;59.49;
BF1-26-RC-63;12.0;140.82;59.49;
BF1-RC-56;35.0;147.1;59.46;
BF1-RC-61;60.0;147.69;59.46;
BF2-26-RC-05;35.0;326.99;59.44;
BF1-RC-20BIS1;55.0;141.39;59.43;
BF1-RC-47;35.0;168.87;59.42;
BF1-26-RC-63;9.0;140.86;59.4;
BF1-RC-03;30.0;141.04;59.39;
BF1-RC-36;15.0;141.17;59.38;
BF1-RC-47;50.0;169.39;59.36;
BF1-RC-48;90.0;144.53;59.36;
BF2-26-RC-01;45.0;320.4;59.36;
BF1-RC-13;90.0;142.89;59.34;
BF1-RC-03;0.0;140.13;59.33;
BF1-RC-01;75.0;138.93;59.32;
BF2-26-RC-04;30.0;316.36;59.32;
BF1-RC-36;5.0;140.61;59.31;
BF1-RC-13;50.0;142.95;59.3;
BF1-RC-20BIS1;50.0;140.05;59.3;
BF1-RC-20BIS1;40.0;139.93;59.29;
BF1-RC-48;80.0;145.05;59.29;
BF1-RC-48;85.0;144.79;59.29;
BF1-RC-56;30.0;146.75;59.29;
BF1-RC-47;30.0;168.89;59.26;
BF1-26-RC-63;15.0;140.82;59.26;
BF1-RC-13;40.0;143.55;59.25;
BF1-RC-22;105.0;138.16;59.21;
BF1-RC-44;55.0;149.07;59.21;
BF1-RC-61;63.0;147.37;59.21;
BF1-RC-13;45.0;143.31;59.2;
BF1-RC-47;25.0;168.82;59.2;
BF1-26-RC-63;6.0;140.46;59.2;
BF1-RC-47;45.0;169.11;59.19;
BF1-26-RC-67;30.0;140.68;59.18;
BF1-26-RC-67;27.0;140.7;59.17;
BF1-RC-20BIS1;45.0;139.89;59.16;
BF1-RC-47;40.0;168.96;59.16;
BF1-RC-56;40.0;147.01;59.16;
BF1-26-RC-63;0.0;140.06;59.15;
BF1-26-RC-63;21.0;140.87;59.14;
BF1-RC-15;70.0;139.91;59.13;
BF1-RC-20BIS1;0.0;135.98;59.13;
BF1-RC-09;90.0;139.35;59.12;
BF1-RC-48;125.0;143.76;59.12;
BF1-RC-13;70.0;143.56;59.11;
BF1-26-RC-63;3.0;140.21;59.11;
BF1-RC-61;54.0;147.25;59.08;
BF1-26-RC-63;18.0;140.88;59.08;
BF1-RC-03;35.0;141.08;59.07;
BF1-RC-36;10.0;140.76;59.06;
BF1-RC-47;20.0;168.76;59.04;
BF1-RC-48;75.0;145.31;59.04;
BF1-RC-23;70.0;139.95;59.03;
BF1-RC-30;95.0;130.75;59.03;
BF1-RC-56;50.0;147.14;59.02;
BF1-26-RC-67;33.0;140.72;59.01;
BF1-RC-03;5.0;140.53;59.0;
BF1-RC-44;50.0;148.32;59.0;
BF1-RC-48;95.0;144.34;59.0;
BKS5;250.0;140.0;59.0;
BKS5;290.0;140.0;59.0;
BF1-RC-13;95.21;142.85;58.98;
BF1-RC-44;0.0;143.94;58.98;
BF1-RC-13;95.0;142.86;58.97;
BF1-RC-56;25.0;146.62;58.96;
BF1-RC-03;25.0;141.56;58.95;
BF1-RC-56;45.0;147.14;58.94;
BF1-RC-01;65.0;138.29;58.92;
BF1-RC-44;30.0;145.94;58.91;
BF1-26-RC-67;21.0;140.79;58.9;
BF1-RC-01;55.0;138.34;58.89;
BF1-RC-01;60.0;138.14;58.87;
BF1-RC-09;80.0;139.38;58.86;
BF1-RC-22;95.0;138.28;58.85;
BF1-RC-61;57.0;147.41;58.85;
BF1-26-RC-67;36.0;140.67;58.85;
BF1-RC-22;90.0;138.14;58.84;
BF1-26-RC-67;24.0;140.64;58.84;
BF1-RC-44;25.0;145.31;58.83;
BF1-RC-13;85.0;143.1;58.82;
BF1-RC-48;135.0;143.46;58.82;
BF1-RC-07;45.0;138.68;58.81;
BF1-RC-48;120.0;144.34;58.81;
BF1-RC-01;20.0;143.51;58.8;
BF1-RC-03;15.0;140.47;58.8;
BF1-RC-30;120.0;130.66;58.8;
BF1-RC-48;135.15;143.48;58.8;
BF1-RC-09;85.0;139.41;58.79;
BF1-RC-47;5.0;168.78;58.78;
BF1-RC-48;130.0;143.69;58.77;
BF2-26-RC-02;50.0;321.57;58.76;
BF1-RC-03;20.0;140.99;58.75;
BF1-RC-03;40.0;140.83;58.75;
BF1-RC-01;15.0;143.09;58.74;
BF1-RC-48;65.0;145.61;58.73;
BF1-RC-56;20.0;146.73;58.73;
BF1-26-RC-67;39.0;140.83;58.73;
BF1-RC-44;5.0;144.18;58.72;
BF1-26-RC-67;42.0;140.8;58.71;
BF1-RC-03;10.0;140.42;58.7;
BF1-RC-09;30.0;140.04;58.69;
BF1-RC-44;20.0;145.01;58.69;
BF1-RC-01;30.0;143.02;58.68;
BF1-RC-01;35.0;142.3;58.68;
BF1-RC-09;94.03;139.48;58.68;
BF1-RC-01;25.0;143.62;58.67;
BF1-RC-44;35.0;146.58;58.66;
BF2-26-RC-02;55.0;321.59;58.66;
BF2-26-RC-02;55.05;321.6;58.66;
BF1-RC-47;15.0;168.88;58.65;
BF2-26-RC-03;25.0;321.32;58.65;
BF1-RC-01;5.0;143.07;58.64;
BF1-RC-48;100.0;144.2;58.64;
BF1-26-RC-67;15.0;140.55;58.64;
BF1-RC-22;100.0;138.29;58.63;
BF1-RC-56;0.0;145.55;58.63;
BF1-RC-35;85.0;141.12;58.62;
BF1-RC-22;85.0;137.82;58.61;
BF1-RC-09;35.0;139.96;58.59;
BF1-RC-13;75.0;143.6;58.59;
BF1-RC-15;75.0;140.27;58.59;
BF1-RC-35;86.08;141.03;58.59;
BF1-RC-61;48.0;147.0;58.58;
BF1-RC-01;50.0;138.59;58.57;
BF1-RC-01;70.0;138.38;58.56;
BF1-RC-30;100.0;130.79;58.55;
BF1-26-RC-67;45.0;140.73;58.55;
BF1-RC-01;40.0;141.86;58.54;
BF1-26-RC-67;18.0;140.57;58.54;
BF1-RC-44;45.0;147.69;58.52;
BF1-RC-01;10.0;142.96;58.49;
BF1-RC-09;25.0;140.26;58.49;
BF1-26-RC-67;48.0;140.75;58.49;
BF1-26-RC-67;50.0;140.77;58.49;
BF1-RC-13;80.0;143.56;58.46;
BF1-RC-09;75.0;139.62;58.45;
BF1-RC-44;10.0;144.41;58.45;
BF1-RC-48;60.0;145.99;58.45;
BF1-RC-48;70.0;145.51;58.45;
BF1-RC-61;51.0;146.87;58.45;
BF1-RC-47;10.0;168.86;58.44;
BF1-RC-01;45.0;140.31;58.43;
BF1-RC-48;115.0;143.96;58.43;
BF1-RC-44;15.0;144.71;58.42;
BF1-RC-01;0.0;142.74;58.4;
BF1-RC-56;15.0;146.58;58.4;
BF1-RC-09;65.0;139.93;58.39;
BF1-RC-56;5.0;146.06;58.39;
BF1-RC-03;45.0;141.12;58.37;
BF1-RC-30;115.0;130.85;58.37;
BF1-RC-07;35.0;138.74;58.32;
BF1-RC-06;45.0;138.18;58.31;
BF1-RC-48;30.0;146.01;58.31;
BF1-26-RC-67;9.0;140.78;58.31;
BF1-26-RC-67;12.0;140.86;58.31;
BF1-RC-19;55.0;137.99;58.3;
BF1-RC-19;55.38;137.99;58.3;
BF1-RC-03;50.0;141.38;58.29;
BF1-RC-44;40.0;146.77;58.29;
BF1-RC-03;50.23;141.38;58.28;
BF1-RC-09;40.0;139.89;58.28;
BF1-RC-30;124.62;130.68;58.28;
BF1-RC-22;80.0;137.79;58.27;
BF1-RC-35;75.0;141.08;58.27;
BF1-RC-35;80.0;141.16;58.27;
BF2-26-RC-01;40.0;320.43;58.27;
BF1-RC-48;35.0;146.37;58.26;
BF1-RC-15;80.0;140.65;58.25;
BF1-RC-56;10.0;146.27;58.25;
BF1-26-RC-65;30.0;140.55;58.25;
BF1-RC-09;60.0;139.99;58.24;
BF1-RC-35;70.0;141.11;58.24;
BF2-26-RC-05;30.0;327.5;58.24;
BF1-RC-09;45.0;139.68;58.23;
BF1-RC-51;85.0;137.71;58.23;
BF1-RC-09;0.0;141.15;58.22;
BF1-RC-48;105.0;143.99;58.22;
BF1-26-RC-65;53.0;140.69;58.22;
BF1-RC-09;70.0;139.85;58.2;
BF1-RC-35;55.0;141.15;58.2;
BF1-RC-35;60.0;141.2;58.19;
BF2-26-RC-04;25.0;316.32;58.19;
BF1-RC-23;65.0;140.83;58.18;
BF1-RC-48;25.0;146.22;58.17;
BF1-26-RC-65;33.0;140.52;58.17;
BF1-26-RC-65;39.0;140.69;58.17;
BF1-26-RC-65;48.0;140.67;58.17;
BF1-26-RC-65;50.0;140.77;58.17;
BF1-26-RC-65;36.0;140.64;58.16;
BF1-RC-09;50.0;139.55;58.14;
BF1-RC-09;55.0;140.09;58.14;
BF1-RC-09;20.0;140.77;58.13;
BF1-RC-30;110.0;130.92;58.13;
BF1-RC-06;46.21;138.09;58.11;
BF1-RC-07;40.0;138.81;58.09;
BF1-RC-48;110.0;144.33;58.08;
BF1-26-RC-67;0.0;140.55;58.07;
BF1-26-RC-67;3.0;140.55;58.07;
BF1-26-RC-67;6.0;140.55;58.07;
BF1-RC-48;55.0;146.05;58.06;
BF1-RC-47;0.0;168.76;58.04;
BF1-26-RC-65;45.0;140.56;58.04;
BF1-RC-48;0.0;146.18;58.03;
BF1-RC-09;5.0;141.28;58.01;
BF1-RC-30;105.0;130.76;58.0;
BF1-RC-51;80.0;137.91;58.0;
BKN6;0.0;145.0;58.0;
BF1-RC-32;85.0;143.08;57.97;
BF1-26-RC-65;24.0;140.38;57.97;
BF1-26-RC-65;27.0;140.3;57.95;
BF2-26-RC-01;35.0;320.36;57.95;
BF1-RC-15;85.0;141.06;57.94;
BF1-RC-35;50.0;140.01;57.92;
BF1-RC-48;20.0;146.34;57.92;
BF1-RC-51;90.0;137.11;57.92;
BF1-RC-48;40.0;146.41;57.9;
BF1-RC-61;42.0;146.81;57.9;
BF1-RC-04;45.0;148.02;57.89;
BF1-RC-22;75.0;137.86;57.89;
BF1-RC-32;87.61;143.19;57.88;
BF1-RC-21;90.0;141.91;57.85;
BF1-RC-51;65.0;137.62;57.85;
BF1-RC-35;65.0;141.33;57.83;
BF1-RC-48;50.0;146.85;57.83;
BF1-RC-48;45.0;147.0;57.82;
BF1-26-RC-65;21.0;140.48;57.82;
BF1-RC-51;60.0;137.58;57.8;
BF1-RC-07;30.0;138.61;57.79;
BF1-RC-09;15.0;141.26;57.79;
BF1-26-RC-65;42.0;140.54;57.75;
BF1-RC-04;45.96;147.99;57.74;
BF1-RC-51;0.0;144.14;57.74;
BF1-RC-35;45.0;139.85;57.73;
BF1-RC-09;10.0;141.25;57.71;
BF1-RC-15;90.0;141.37;57.71;
BF1-RC-61;45.0;146.89;57.71;
BF1-RC-22;65.0;138.11;57.67;
BF1-26-RC-65;18.0;140.52;57.67;
BF1-RC-48;5.0;146.43;57.66;
BF1-26-RC-65;15.0;140.53;57.66;
BF1-RC-51;75.0;137.7;57.64;
BF1-RC-51;95.0;136.78;57.64;
BF2-26-RC-03;20.0;321.73;57.59;
BF2-26-RC-02;45.0;321.74;57.58;
BF1-RC-06;35.0;138.28;57.57;
BF1-RC-22;60.0;137.57;57.52;
BF1-RC-22;70.0;138.1;57.52;
BF1-RC-51;70.0;137.69;57.52;
BF1-RC-06;40.0;138.26;57.5;
BF1-RC-22;55.0;137.67;57.49;
BF1-RC-21;94.09;141.77;57.47;
BF1-RC-46;48.0;138.38;57.47;
BF1-RC-46;51.0;138.38;57.47;
BF1-RC-46;54.0;138.38;57.47;
BF1-RC-46;57.0;138.38;57.47;
BF1-RC-46;60.0;138.37;57.47;
BF1-RC-46;63.0;138.37;57.47;
BF1-RC-46;66.0;138.37;57.47;
BF1-RC-46;69.0;138.37;57.47;
BF1-RC-48;15.0;146.48;57.47;
BF1-RC-46;72.0;138.37;57.46;
BF1-RC-46;75.0;138.37;57.46;
BF1-RC-46;78.0;138.37;57.46;
BF1-RC-46;80.0;138.2;57.46;
BF1-RC-46;45.0;138.38;57.43;
BF1-26-RC-65;12.0;140.5;57.43;
BF2-26-RC-08;25.0;316.67;57.43;
BF1-RC-22;35.0;137.93;57.42;
BF1-RC-51;100.0;136.6;57.42;
BF1-26-RC-65;9.0;140.45;57.42;
BF1-RC-51;55.0;137.75;57.41;
BF1-RC-22;50.0;137.46;57.39;
BF1-RC-51;100.1;136.59;57.39;
BF1-RC-61;36.0;146.72;57.36;
BF1-RC-32;80.0;143.55;57.29;
BF2-26-RC-08;28.02;316.81;57.29;
BF1-RC-19;50.0;138.54;57.25;
BF1-26-RC-65;6.0;140.49;57.25;
BF1-RC-48;10.0;146.55;57.24;
BF1-26-RC-65;0.0;140.43;57.24;
BF1-26-RC-65;3.0;140.43;57.24;
BF1-RC-35;35.0;139.86;57.23;
BF1-RC-35;40.0;139.87;57.21;
BF1-RC-22;30.0;138.34;57.2;
BF1-RC-22;45.0;137.61;57.19;
BF1-RC-35;30.0;139.84;57.19;
BF1-RC-15;93.99;141.21;57.17;
BF1-RC-07;25.0;138.66;57.16;
BF2-26-RC-05;25.0;327.52;57.16;
BF2-26-RC-01;30.0;320.46;57.15;
BF1-RC-06;30.0;138.16;57.14;
BF2-26-RC-04;20.0;316.63;57.14;
BF1-RC-04;35.0;148.06;57.1;
BF1-RC-10;35.0;140.98;57.1;
BF1-RC-61;39.0;146.78;57.08;
BF1-RC-21;85.0;142.12;57.02;
BF1-RC-46;42.0;138.38;57.02;
BF1-RC-10;30.0;140.9;57.0;
BF1-26-RC-64;84.0;139.5;56.99;
BF1-RC-22;40.0;138.07;56.98;
BF1-RC-38;110.0;136.18;56.98;
BF1-RC-38;110.07;136.18;56.98;
BF1-RC-51;50.0;138.87;56.96;
BF1-RC-22;25.0;138.34;56.95;
BF1-RC-32;55.0;143.5;56.94;
BF1-RC-23;60.0;141.98;56.93;
BF1-26-RC-64;81.0;139.45;56.87;
BF1-RC-10;40.0;141.0;56.83;
BF1-RC-04;40.0;148.17;56.82;
BF1-RC-32;60.0;143.67;56.81;
BF1-RC-35;25.0;139.83;56.8;
BF1-RC-06;25.0;138.32;56.77;
BF1-26-RC-64;87.0;139.31;56.77;
BF1-26-RC-64;108.0;138.92;56.77;
BF1-RC-22;20.0;138.66;56.76;
BF1-26-RC-64;105.0;138.94;56.76;
BF1-RC-10;25.0;141.15;56.75;
BF1-RC-10;45.0;140.84;56.75;
BF1-26-RC-64;90.0;139.25;56.7;
BF1-26-RC-64;93.0;139.24;56.7;
BF1-26-RC-64;96.0;139.27;56.69;
BF1-RC-46;24.0;138.5;56.68;
BF1-RC-46;36.0;140.08;56.68;
BF2-26-RC-03;15.0;321.73;56.68;
BF1-RC-46;27.0;138.92;56.67;
BF1-26-RC-64;54.0;140.35;56.67;
BF1-RC-46;39.0;139.67;56.66;
BF1-RC-32;50.0;143.8;56.64;
BF1-RC-32;75.0;143.67;56.63;
BF1-RC-61;30.0;146.95;56.63;
BF1-26-RC-64;69.0;139.59;56.63;
BF1-RC-46;9.0;140.1;56.62;
BF1-26-RC-64;60.0;140.36;56.62;
BF1-RC-46;6.0;140.3;56.61;
BF1-26-RC-64;75.0;139.85;56.6;
BF1-26-RC-64;113.0;138.69;56.6;
BF1-RC-46;33.0;140.27;56.59;
BF1-RC-46;12.0;139.6;56.58;
BF1-RC-51;45.0;139.76;56.58;
BF1-RC-46;3.0;140.04;56.57;
BF1-RC-46;15.0;138.65;56.57;
BF1-RC-46;21.0;138.76;56.56;
BF1-26-RC-64;72.0;139.6;56.56;
BF1-RC-32;65.0;143.67;56.55;
BF1-RC-46;18.0;138.71;56.55;
BF1-26-RC-64;66.0;139.7;56.55;
BF1-26-RC-64;78.0;139.73;56.55;
BF1-RC-46;30.0;140.15;56.54;
BF1-26-RC-64;51.0;140.17;56.54;
BF1-RC-46;0.0;140.0;56.53;
BF1-RC-21;80.0;142.35;56.52;
BF1-RC-22;15.0;139.39;56.51;
BF1-RC-10;45.85;140.87;56.48;
BF1-RC-06;20.0;138.46;56.45;
BF1-RC-19;45.0;138.78;56.45;
BF1-RC-61;33.0;146.92;56.45;
BF1-RC-10;20.0;141.12;56.44;
BF2-26-RC-08;20.0;316.85;56.44;
BF1-RC-38;45.0;138.91;56.42;
BF1-26-RC-64;63.0;139.64;56.42;
BF1-26-RC-64;102.0;139.04;56.42;
BF1-26-RC-64;111.0;138.91;56.42;
BF2-26-RC-01;25.0;320.73;56.42;
BF1-RC-07;20.0;138.74;56.41;
BF1-26-RC-64;99.0;139.13;56.41;
BF1-26-RC-64;57.0;140.23;56.39;
BF1-26-RC-64;30.0;140.15;56.35;
BF1-26-RC-64;33.0;140.15;56.35;
BF1-26-RC-64;36.0;140.15;56.35;
BF1-26-RC-64;39.0;140.07;56.35;
BF2-26-RC-05;20.0;327.28;56.34;
BF1-RC-22;5.0;140.18;56.32;
BF1-RC-32;70.0;143.69;56.32;
BF1-RC-38;50.0;139.02;56.32;
BF2-26-RC-02;40.0;321.72;56.32;
BF1-RC-38;35.0;138.8;56.31;
BF1-RC-04;30.0;148.37;56.29;
BF1-26-RC-64;42.0;140.09;56.29;
BF1-26-RC-64;45.0;140.09;56.29;
BF1-RC-35;20.0;139.88;56.28;
BF1-RC-32;45.0;143.92;56.23;
BF1-RC-10;5.0;141.18;56.21;
BF1-RC-38;30.0;138.59;56.21;
BF1-RC-51;35.0;140.12;56.21;
BF1-RC-38;105.0;136.87;56.15;
BF1-RC-55;36.0;137.73;56.15;
BF2-26-RC-02;35.0;321.74;56.15;
BF1-RC-10;15.0;140.92;56.13;
BF2-26-RC-03;5.0;321.47;56.12;
BF1-RC-22;10.0;140.05;56.11;
BF1-RC-19;35.0;138.88;56.08;
BF1-RC-51;30.0;140.56;56.08;
BF2-26-RC-04;15.0;316.85;56.07;
BF1-RC-32;35.0;144.01;56.05;
BF1-RC-38;40.0;138.68;56.05;
BF1-RC-51;40.0;140.1;56.0;
BF2-26-RC-02;30.0;321.84;56.0;
BF2-26-RC-08;15.0;316.62;56.0;
BF1-RC-55;33.0;137.9;55.97;
BF1-26-RC-64;27.0;140.09;55.97;
BF1-RC-22;0.0;140.72;55.96;
BF1-RC-10;10.0;141.15;55.93;
BF2-26-RC-08;5.0;316.99;55.93;
BF1-RC-38;55.0;139.07;55.92;
BF1-RC-21;75.0;142.33;55.91;
BF1-RC-19;0.0;139.95;55.9;
BF1-26-RC-64;48.0;140.1;55.9;
BF1-RC-32;30.0;144.01;55.86;
BF1-RC-19;30.0;139.1;55.84;
BF1-RC-51;25.0;141.09;55.83;
BF1-RC-12;45.0;136.53;55.82;
BF1-RC-32;40.0;143.99;55.8;
BF1-RC-06;15.0;138.52;55.79;
BF2-26-RC-08;0.0;317.32;55.79;
BF1-RC-07;15.0;138.87;55.78;
BF2-26-RC-03;10.0;321.56;55.78;
BF1-RC-35;15.0;140.03;55.77;
BF1-RC-55;30.0;137.52;55.77;
BF1-RC-16;0.0;121.38;55.76;
BF1-RC-19;40.0;138.85;55.76;
BF2-26-RC-01;20.0;320.69;55.75;
BF1-RC-35;0.0;139.54;55.74;
BF1-RC-12;35.0;136.41;55.73;
BF1-RC-08;50.0;139.26;55.72;
BF1-RC-08;50.1;139.26;55.71;
BF1-RC-58;36.0;138.68;55.69;
BF1-RC-12;30.0;136.85;55.66;
BF1-RC-35;5.0;139.84;55.66;
BF1-RC-55;9.0;137.47;55.66;
BF1-RC-61;27.0;146.72;55.65;
BF1-RC-06;5.0;138.09;55.64;
BF2-26-RC-05;15.0;327.14;55.64;
BF1-RC-55;27.0;137.26;55.62;
BF1-RC-58;33.0;139.21;55.62;
BF1-RC-12;46.08;136.63;55.61;
BF1-RC-21;65.0;142.47;55.61;
BF1-RC-19;5.0;139.4;55.6;
BF1-RC-55;12.0;137.84;55.6;
BF1-26-RC-64;24.0;140.04;55.59;
BF1-RC-55;15.0;138.0;55.58;
BF1-RC-55;18.0;137.79;55.58;
BF1-RC-61;24.0;146.76;55.58;
BF2-26-RC-08;10.0;316.76;55.58;
BF1-RC-21;60.0;142.77;55.57;
BF2-26-RC-02;25.0;321.5;55.57;
BF2-26-RC-03;0.0;321.43;55.57;
BF1-RC-55;24.0;137.22;55.54;
BF2-26-RC-10;25.0;322.94;55.54;
BF1-RC-55;21.0;137.51;55.53;
BF1-RC-07;5.0;138.69;55.49;
BF1-RC-21;70.0;142.34;55.49;
BF1-26-RC-68;0.0;140.7;55.49;
BF1-26-RC-68;3.0;140.7;55.49;
BF1-26-RC-68;6.0;140.7;55.49;
BF1-26-RC-68;9.0;140.7;55.49;
BF1-26-RC-68;12.0;140.7;55.49;
BF1-26-RC-68;15.0;140.7;55.49;
BF1-26-RC-68;18.0;140.7;55.49;
BF1-26-RC-68;21.0;140.7;55.49;
BF1-26-RC-68;24.0;140.7;55.49;
BF1-26-RC-68;27.0;140.7;55.48;
BF1-26-RC-68;30.0;140.7;55.48;
BF1-26-RC-68;33.0;140.7;55.48;
BF1-26-RC-68;36.0;140.7;55.48;
BF1-26-RC-68;39.0;140.7;55.48;
BF1-26-RC-68;42.0;140.7;55.48;
BF1-26-RC-68;45.0;140.7;55.48;
BF2-26-RC-05;5.0;326.65;55.48;
BF1-RC-10;0.0;142.04;55.47;
BF1-RC-04;25.0;148.86;55.46;
BF1-RC-14;0.0;133.31;55.46;
BF1-RC-38;60.0;138.9;55.46;
BF1-RC-55;6.0;137.35;55.45;
BF1-26-RC-68;48.0;140.7;55.45;
BF2-26-RC-10;25.54;322.88;55.42;
BF1-RC-38;95.0;137.54;55.41;
BF1-RC-58;30.0;139.4;55.41;
BF1-RC-12;40.0;136.35;55.4;
BF1-RC-21;55.0;142.89;55.38;
BF1-RC-07;10.0;138.81;55.37;
BF1-RC-23;55.0;143.29;55.36;
BF1-RC-12;25.0;137.42;55.35;
BF1-RC-51;20.0;142.09;55.35;
BF1-RC-19;25.0;139.13;55.34;
BF1-RC-38;100.0;137.5;55.33;
BF1-RC-35;10.0;139.72;55.32;
BF1-RC-06;10.0;138.29;55.31;
BF1-RC-38;25.0;138.81;55.3;
BF2-26-RC-10;10.0;322.7;55.3;
BF2-26-RC-10;15.0;322.81;55.3;
BF1-RC-06;0.0;138.09;55.29;
BF1-RC-08;45.0;139.3;55.29;
BF1-RC-21;50.0;142.84;55.27;
BF2-26-RC-01;15.0;320.52;55.26;
BF1-RC-07;0.0;138.62;55.25;
BF1-RC-32;25.0;143.85;55.25;
BF1-RC-08;30.0;139.97;55.22;
BF1-RC-14;5.0;132.85;55.22;
BF1-RC-19;10.0;139.67;55.22;
BF1-26-RC-64;21.0;139.99;55.21;
BF1-RC-55;3.0;137.26;55.2;
BF1-RC-38;65.0;138.78;55.18;
BF1-RC-51;5.0;143.33;55.15;
BF2-26-RC-04;10.0;317.01;55.14;
BF1-RC-19;20.0;139.11;55.13;
BF2-26-RC-05;10.0;326.76;55.13;
BF1-RC-08;35.0;139.85;55.1;
BF1-RC-16;5.0;121.75;55.1;
BF1-RC-19;15.0;139.04;55.08;
BF1-RC-21;45.0;142.39;55.08;
BF2-26-RC-04;5.0;316.82;55.08;
BF2-26-RC-05;0.0;326.37;55.08;
BF1-RC-04;20.0;148.44;55.07;
BF1-RC-58;0.0;140.0;55.07;
BF1-RC-12;20.0;137.98;55.06;
BF1-RC-58;27.0;139.24;55.06;
BF1-RC-38;90.0;138.0;55.04;
BF2-26-RC-06;5.0;320.66;55.04;
BF1-RC-08;25.0;140.23;55.02;
BF1-RC-12;0.0;139.22;55.0;
BKF3Cis4;0.0;180.0;55.0;
BKN1;0.0;145.0;55.0;
BKN5;0.0;145.0;55.0;
BKS7;0.0;140.0;55.0;
BKS8;0.0;140.0;55.0;
BKS8;50.0;140.0;55.0;
BKS8;100.0;140.0;55.0;
S17;0.0;140.0;55.0;
BF1-RC-58;3.0;139.56;54.99;
BF1-RC-58;6.0;139.4;54.99;
BF1-RC-58;9.0;139.38;54.99;
BF2-26-RC-02;20.0;321.35;54.99;
BF2-26-RC-10;5.0;322.85;54.99;
BF2-26-RC-10;20.0;322.8;54.99;
BF1-RC-31;39.0;140.45;54.96;
BF1-RC-21;35.0;143.0;54.95;
BF1-RC-34;30.0;139.53;54.95;
BF1-RC-38;70.0;138.72;54.95;
BF1-RC-08;5.0;140.94;54.94;
BF1-RC-51;15.0;142.74;54.92;
BF1-RC-58;12.0;138.88;54.92;
BF1-RC-38;75.0;138.41;54.91;
BF1-RC-38;85.0;138.42;54.91;
BF1-RC-34;33.0;139.24;54.9;
BF1-RC-17;0.0;136.21;54.88;
BF1-RC-04;15.0;147.58;54.86;
BF1-RC-58;24.0;138.69;54.86;
BF1-RC-12;5.0;138.66;54.85;
BF1-RC-12;15.0;138.34;54.85;
BF1-RC-21;40.0;142.75;54.83;
BF1-RC-58;21.0;138.8;54.83;
BF1-26-RC-64;18.0;139.94;54.83;
BF1-RC-31;36.0;140.33;54.81;
BF1-RC-16;15.0;121.4;54.8;
BF1-RC-58;15.0;139.22;54.8;
BF1-RC-08;20.0;140.36;54.79;
BF1-RC-16;20.0;121.12;54.79;
BF1-RC-08;40.0;139.8;54.78;
BF1-RC-14;15.0;131.49;54.78;
BF1-RC-58;18.0;138.71;54.78;
BF1-RC-16;10.0;121.84;54.77;
BF1-RC-21;30.0;143.43;54.77;
BF1-RC-34;27.0;140.61;54.77;
BF1-RC-38;80.0;138.32;54.75;
BF2-26-RC-06;25.0;319.63;54.75;
BF1-RC-31;33.0;140.74;54.74;
BF1-RC-37;45.0;137.61;54.74;
BF1-RC-31;30.0;140.45;54.73;
BF1-RC-37;42.0;138.42;54.7;
BF2-26-RC-01;5.0;320.08;54.7;
BF1-RC-37;24.0;139.01;54.68;
BF1-RC-43;60.0;143.49;54.68;
BF2-26-RC-01;10.0;320.27;54.68;
BF1-26-RC-64;15.0;139.92;54.67;
BF1-RC-37;21.0;138.95;54.66;
BF1-RC-61;21.0;146.73;54.66;
BF1-26-RC-64;12.0;139.92;54.66;
BF2-26-RC-06;10.0;320.58;54.65;
BF1-RC-08;15.0;140.47;54.64;
BF1-RC-32;20.0;143.74;54.64;
BF1-26-RC-64;9.0;139.92;54.64;
BF1-RC-04;0.0;146.67;54.63;
BF1-26-RC-64;6.0;139.92;54.63;
BF1-RC-14;20.0;130.12;54.62;
BF1-RC-37;27.0;138.97;54.62;
BF1-RC-43;51.0;143.8;54.62;
BF1-26-RC-64;3.0;139.92;54.62;
BF1-26-RC-64;0.0;139.92;54.61;
BF1-RC-31;12.0;140.65;54.6;
BF1-RC-08;0.0;141.82;54.59;
BF1-RC-16;25.0;121.01;54.59;
BF1-RC-37;18.0;138.95;54.59;
BF1-RC-43;48.0;143.08;54.59;
BF1-RC-43;57.0;143.83;54.59;
BF1-RC-37;48.0;137.77;54.57;
BF1-RC-61;18.0;146.71;54.57;
BF1-RC-08;10.0;140.72;54.56;
BF1-RC-37;39.0;139.16;54.56;
BF2-26-RC-02;15.0;321.42;54.56;
BF1-RC-12;10.0;138.63;54.55;
BF1-RC-43;54.0;143.83;54.55;
BF2-26-RC-06;20.0;320.06;54.55;
BF1-RC-51;10.0;143.17;54.54;
BF1-RC-37;30.0;138.78;54.52;
BF1-RC-31;9.0;139.65;54.51;
BF1-RC-32;0.0;143.06;54.51;
BKS8;184.0;140.0;54.5;
BF1-RC-04;5.0;147.12;54.49;
BF1-RC-31;27.0;140.24;54.49;
BF1-RC-31;15.0;140.8;54.48;
BF1-RC-34;24.0;140.65;54.47;
BF1-RC-37;0.0;140.0;54.47;
BF1-RC-37;3.0;139.92;54.47;
BF1-RC-40;50.0;137.73;54.47;
BF1-RC-17;5.0;136.37;54.45;
BF1-RC-37;6.0;139.87;54.44;
BF1-RC-14;10.0;132.42;54.43;
BF1-RC-37;15.0;138.9;54.43;
BF1-RC-37;33.0;138.99;54.43;
BF1-RC-37;36.0;138.71;54.43;
BF2-26-RC-06;15.0;320.25;54.43;
BF1-RC-40;48.0;138.01;54.42;
BF2-26-RC-06;28.0;319.64;54.42;
BF1-RC-21;25.0;143.48;54.41;
BF1-RC-32;5.0;143.36;54.41;
BF1-RC-34;9.0;140.56;54.39;
BF1-RC-43;45.0;142.68;54.39;
BF1-RC-50;95.0;141.89;54.39;
BF2-26-RC-02;0.0;320.68;54.39;
BF1-RC-37;9.0;139.7;54.37;
BF1-RC-34;12.0;140.29;54.36;
BF2-26-RC-04;0.0;316.61;54.35;
BF1-RC-31;6.0;139.46;54.34;
BF1-RC-40;45.0;138.43;54.34;
BF2-26-RC-06;0.0;321.33;54.34;
BF1-RC-38;20.0;139.22;54.33;
BF1-RC-37;12.0;139.07;54.32;
BF1-RC-16;30.0;121.14;54.3;
BF1-RC-40;42.0;138.86;54.26;
BF2-26-RC-02;5.0;320.89;54.26;
BF1-RC-31;0.0;140.0;54.23;
BF1-RC-31;3.0;139.78;54.23;
BF1-RC-50;98.05;142.08;54.22;
BF1-RC-40;39.0;139.28;54.19;
BF1-RC-31;18.0;140.1;54.18;
BF2-26-RC-02;10.0;321.01;54.18;
BF1-RC-23;50.0;142.73;54.16;
BF1-RC-04;10.0;147.19;54.15;
BF1-RC-40;36.0;139.71;54.14;
BF1-RC-40;33.0;139.99;54.13;
BF1-RC-34;3.0;139.85;54.12;
BF1-RC-34;6.0;138.9;54.12;
BF1-RC-40;21.0;139.99;54.12;
BF1-RC-40;24.0;139.99;54.12;
BF1-RC-40;27.0;139.99;54.12;
BF1-RC-40;30.0;139.99;54.12;
BF1-RC-21;5.0;142.64;54.11;
BF1-RC-32;15.0;143.55;54.11;
BF1-RC-40;0.0;140.0;54.11;
BF1-RC-40;3.0;140.0;54.11;
BF1-RC-40;6.0;140.0;54.11;
BF1-RC-40;9.0;139.99;54.11;
BF1-RC-40;12.0;139.99;54.11;
BF1-RC-40;15.0;139.99;54.11;
BF1-RC-40;18.0;139.99;54.11;
BF1-RC-31;24.0;141.34;54.1;
BF1-RC-34;0.0;140.0;54.1;
BF1-RC-34;21.0;141.01;54.07;
BF1-RC-43;42.0;142.2;54.07;
BF1-RC-16;35.0;121.08;54.06;
BF1-RC-23;5.0;143.15;54.03;
BF2-26-RC-10;0.0;323.43;54.01;
BF1-RC-17;10.0;136.46;54.0;
BKS8;150.0;140.0;54.0;
BF1-RC-21;20.0;143.5;53.99;
BF1-RC-31;21.0;141.1;53.99;
BF1-RC-34;15.0;140.03;53.97;
BF1-RC-14;25.0;129.66;53.96;
BF1-RC-18;0.0;141.84;53.96;
BF1-RC-20BIS;20.0;141.6;53.94;
BF1-RC-23;0.0;142.64;53.92;
BF1-RC-20BIS;15.0;141.44;53.9;
BF1-RC-20BIS;25.0;141.9;53.9;
BF1-RC-21;0.0;142.16;53.9;
BF1-RC-23;25.0;142.99;53.89;
BF1-RC-17;25.0;136.83;53.87;
BF1-RC-21;15.0;143.06;53.87;
BF1-RC-34;18.0;140.79;53.86;
BF1-RC-43;39.0;142.06;53.86;
BF1-RC-28;0.0;140.0;53.85;
BF1-RC-14;30.0;129.61;53.84;
BF1-RC-20BIS;5.0;140.38;53.84;
BF1-RC-23;30.0;142.9;53.84;
BF1-RC-21;10.0;142.77;53.83;
BF1-RC-32;10.0;143.54;53.83;
BF1-RC-23;20.0;143.05;53.82;
BF1-RC-17;30.0;136.66;53.81;
BF1-RC-28;3.0;139.74;53.81;
BF1-RC-61;15.0;146.82;53.8;
BF1-RC-28;6.0;139.54;53.76;
BF1-RC-17;35.0;136.49;53.75;
BF1-RC-23;15.0;142.95;53.74;
BF1-RC-55;0.0;140.0;53.73;
BF1-RC-17;15.0;136.84;53.72;
BF1-RC-20BIS;30.0;142.38;53.72;
BF1-RC-50;90.0;141.79;53.71;
BF1-RC-61;12.0;146.77;53.7;
BF1-RC-18;5.0;142.03;53.69;
BF1-RC-43;36.0;142.08;53.69;
BF1-RC-23;10.0;143.2;53.67;
BF1-RC-27;0.0;140.0;53.65;
BF1-RC-17;20.0;136.83;53.64;
BF1-RC-27;3.0;140.03;53.64;
BF1-RC-16;45.0;121.15;53.63;
BF1-RC-27;6.0;140.04;53.63;
BF1-RC-14;35.0;129.59;53.62;
BF1-RC-16;40.0;121.0;53.62;
BF1-RC-28;9.0;139.66;53.62;
BF1-RC-16;45.2;121.16;53.6;
BF1-RC-23;35.0;143.0;53.6;
BF1-RC-20BIS;35.0;142.8;53.57;
BF1-RC-27;9.0;139.24;53.57;
BF1-RC-50;80.0;141.93;53.56;
BF1-RC-20BIS;0.0;140.08;53.54;
BF1-RC-27;30.0;139.89;53.54;
BF1-RC-41;95.0;146.71;53.54;
BF1-RC-20BIS;10.0;140.56;53.53;
BF1-RC-27;12.0;139.88;53.52;
BF1-RC-28;12.0;139.61;53.49;
BF1-RC-27;27.0;139.67;53.48;
BF1-RC-38;15.0;139.63;53.48;
BF1-RC-41;98.13;146.77;53.48;
BF2-26-RC-01;0.0;319.52;53.48;
BF1-RC-17;60.0;135.84;53.46;
BF1-RC-27;15.0;139.67;53.46;
BF1-RC-27;21.0;139.87;53.46;
BF1-RC-28;36.0;140.94;53.46;
BF1-RC-50;85.0;141.73;53.46;
BF1-RC-27;18.0;139.65;53.45;
BF1-RC-17;55.0;136.15;53.44;
BF1-RC-28;15.0;139.74;53.44;
BF1-RC-27;24.0;139.91;53.42;
BF1-RC-43;3.0;140.13;53.42;
BF1-RC-17;45.0;136.49;53.41;
BF1-RC-17;65.0;136.78;53.41;
BF1-RC-18;25.0;140.9;53.39;
BF1-RC-17;40.0;136.46;53.38;
BF1-RC-18;10.0;142.0;53.38;
BF1-RC-43;6.0;140.98;53.38;
BF1-RC-17;50.0;136.44;53.37;
BF1-RC-14;40.0;129.46;53.34;
BF1-RC-23;45.0;143.1;53.33;
BF1-RC-14;45.0;129.82;53.32;
BF1-RC-23;40.0;142.98;53.32;
BF1-RC-28;18.0;139.36;53.32;
BF1-RC-50;75.0;142.02;53.32;
BF1-RC-41;90.0;146.93;53.31;
BF1-RC-20BIS;40.0;142.76;53.29;
BF1-RC-18;105.0;136.15;53.28;
BF1-RC-18;105.08;136.15;53.28;
BF1-RC-18;20.0;141.39;53.27;
BF1-RC-43;0.0;140.0;53.27;
BF1-RC-50;65.0;142.02;53.27;
BF1-RC-18;15.0;141.88;53.25;
BF1-RC-28;33.0;140.7;53.23;
BF1-RC-41;85.0;146.87;53.21;
BF1-RC-41;80.0;146.75;53.2;
BF1-RC-20BIS;45.0;143.01;53.19;
BF1-RC-41;35.0;144.95;53.18;
BF1-RC-61;6.0;146.49;53.14;
BF1-RC-17;75.0;135.75;53.13;
BF1-RC-28;30.0;140.67;53.12;
BF1-RC-38;5.0;139.96;53.12;
BF1-RC-41;30.0;144.69;53.12;
BF1-RC-17;80.0;134.39;53.1;
BF1-RC-20BIS;45.9;143.14;53.08;
BF1-RC-43;9.0;140.55;53.08;
BF1-RC-17;70.0;136.58;53.07;
BF1-RC-28;21.0;139.83;53.07;
BF1-RC-38;0.0;139.76;53.07;
BF1-RC-14;45.86;129.87;53.06;
BF1-RC-52;33.0;137.6;53.05;
BF1-RC-18;30.0;140.25;53.03;
BF1-RC-61;9.0;146.7;53.03;
BF1-RC-02;45.0;147.18;53.0;
BF1-RC-28;27.0;140.34;53.0;
BF1-RC-28;24.0;139.91;52.95;
BF1-RC-52;36.0;137.39;52.95;
BF1-RC-41;75.0;146.67;52.94;
BF1-RC-52;9.0;140.37;52.93;
BF1-RC-17;85.0;133.17;52.9;
BF1-RC-52;30.0;138.14;52.9;
BF1-RC-17;115.0;132.3;52.89;
BF1-RC-18;95.0;136.1;52.86;
BF1-RC-50;70.0;142.07;52.86;
BF1-RC-02;46.19;147.15;52.85;
BF1-RC-41;65.0;146.56;52.85;
BF1-RC-52;12.0;140.6;52.84;
BF1-RC-52;15.0;140.17;52.84;
BF1-RC-50;60.0;142.3;52.83;
BF1-RC-38;10.0;139.83;52.81;
BF1-RC-52;39.0;136.37;52.81;
BF1-RC-52;42.0;136.92;52.81;
BF1-RC-52;18.0;139.83;52.78;
BF1-RC-41;60.0;146.44;52.75;
BF1-RC-43;12.0;141.07;52.75;
BF1-RC-43;33.0;142.47;52.74;
BF1-RC-41;0.0;143.48;52.73;
BF1-RC-52;45.0;135.72;52.71;
BF1-RC-52;21.0;139.64;52.69;
BF1-RC-17;117.26;132.35;52.68;
BF1-RC-18;100.0;136.11;52.68;
BF1-RC-41;40.0;145.18;52.68;
BF1-RC-52;6.0;140.49;52.67;
BF1-RC-52;27.0;137.2;52.66;
BF1-RC-43;15.0;140.52;52.65;
BF1-RC-52;24.0;139.2;52.64;
BF1-RC-41;55.0;146.26;52.63;
BF1-RC-18;35.0;139.8;52.58;
BF1-RC-41;50.0;146.25;52.57;
BF1-RC-61;0.0;145.99;52.54;
BF1-RC-41;25.0;144.6;52.53;
BF1-RC-02;35.0;147.42;52.52;
BF1-RC-41;70.0;146.64;52.52;
BF1-RC-43;18.0;141.03;52.51;
BF1-RC-50;55.0;142.56;52.48;
BF1-RC-41;45.0;145.62;52.47;
BF1-RC-52;48.0;136.63;52.47;
BF1-RC-61;3.0;146.17;52.45;
BF1-RC-41;5.0;144.23;52.4;
BF1-RC-52;50.0;136.59;52.4;
BF1-RC-18;90.0;136.19;52.38;
BF1-RC-52;3.0;139.61;52.34;
BF1-RC-02;30.0;147.23;52.32;
BF1-RC-02;40.0;147.4;52.29;
BF1-RC-17;90.0;132.62;52.27;
BF1-RC-18;40.0;139.62;52.23;
BF1-RC-52;0.0;140.0;52.22;
BF1-RC-17;110.0;132.65;52.18;
BF1-RC-43;21.0;142.05;52.18;
BF1-RC-41;20.0;144.61;52.16;
BF1-RC-41;10.0;144.63;52.11;
BF1-RC-50;50.0;142.7;52.09;
BF1-RC-41;15.0;144.85;52.07;
BF1-RC-18;45.0;138.96;52.06;
BF1-RC-43;30.0;142.43;52.02;
BF1-RC-43;27.0;142.77;52.0;
BF1-RC-43;24.0;141.55;51.94;
BF1-RC-17;95.0;132.6;51.86;
BF1-RC-18;50.0;138.08;51.79;
BF1-RC-02;25.0;147.38;51.74;
BF1-RC-18;85.0;136.36;51.69;
BF1-RC-17;105.0;132.86;51.57;
BF1-RC-18;55.0;137.48;51.55;
BF1-RC-17;100.0;132.58;51.47;
BF1-RC-50;45.0;142.92;51.45;
BF1-RC-50;35.0;143.78;51.42;
BF1-RC-50;30.0;144.9;51.39;
BF1-RC-50;25.0;146.0;51.13;
BF1-RC-50;40.0;143.56;51.08;
BF1-RC-02;20.0;147.53;51.03;
BF1-RC-18;80.0;136.52;50.98;
BF1-RC-50;20.0;146.27;50.83;
BF1-RC-18;60.0;137.18;50.82;
BF1-RC-50;15.0;146.83;50.63;
BF1-RC-50;5.0;147.03;50.56;
BF1-RC-18;65.0;137.36;50.41;
BF1-RC-18;75.0;137.0;50.32;
BF1-RC-50;0.0;146.93;50.26;
BF1-RC-02;15.0;147.54;50.25;
BF1-RC-50;10.0;146.98;50.18;
BF1-RC-02;0.0;147.3;50.05;
BF1-RC-18;70.0;137.27;49.96;
BF1-RC-02;5.0;147.5;49.94;
BF1-RC-02;10.0;147.42;49.6;
BKZF1_RE1_80;0.0;55.0;10.0;
BKZF1_R0_80;0.0;55.0;10.0;
BKZF1_R1W_80;0.0;55.0;10.0;
BK-80R20E;0.0;140.0;5.0;
BK-80R20W;0.0;140.0;5.0;
BK-80R40E;0.0;140.0;5.0;
BK-80R40W;0.0;140.0;5.0;
BK-80R60E;0.0;140.0;5.0;
BK-80R60W;0.0;140.0;5.0;
BK-80TB;0.0;140.0;5.0;
BKF1-63R2;0.0;140.0;5.0;
BKF1-63R3;0.0;140.0;5.0;
BKF1-63R1;0.0;140.0;5.0;
BK-60R20E;0.0;140.0;0.0;
BK-60R20W;0.0;140.0;0.0;
BK-60R40E;0.0;140.0;0.0;
BK-60R40W;0.0;140.0;0.0;
BK-60R60E;0.0;140.0;0.0;
BK-60R60W;0.0;140.0;0.0;
BK-60TB;0.0;140.0;0.0;
BKF3E1;0.0;180.0;0.0;
BKF3E2;0.0;180.0;0.0;
BKF3E3;0.0;180.0;0.0;
BKF3E4;0.0;180.0;0.0;
BKE9;0.0;140.0;0.0;
BKE10;0.0;140.0;0.0;
BKE11;0.0;140.0;0.0;
BKE12;0.0;140.0;0.0;
BKE13;0.0;140.0;0.0;
BKE14;0.0;140.0;0.0;
BKE15;0.0;140.0;0.0;
BKE16;0.0;140.0;0.0;
BKE17;0.0;140.0;0.0;
BKE18;0.0;140.0;0.0;
BKE19;0.0;140.0;0.0;
BKE20;0.0;140.0;0.0;
BKE21;0.0;140.0;0.0;
BKE22;0.0;140.0;0.0;
BKE23;0.0;140.0;0.0;
BKE24;0.0;140.0;0.0;
BKE25;0.0;140.0;0.0;
BKE26;0.0;140.0;0.0;
BKE51;0.0;140.0;0.0;
BKE52;0.0;140.0;0.0;
BKE53;0.0;140.0;0.0;
BKE54;0.0;140.0;0.0;
BKE55;0.0;140.0;0.0;
BKE56;0.0;140.0;0.0;
BF2-TR1-PW;0.0;168.0;0.0;
BF2-TR2-PW;0.0;160.0;0.0;
BF2-TR3-PW;0.0;169.0;0.0;
BF2-TR4-PE;0.0;156.0;0.0;
BF2-TR5-PW;0.0;177.0;0.0;
BF2-TR7-PW;0.0;307.0;0.0;
BF2-TR8-PE;0.0;346.0;0.0;
BF2-TR9-PE;0.0;340.0;0.0;
BF2-TR10-PW;0.0;349.0;0.0;
BF2-TR11-PW;0.0;340.0;0.0;
BF2-TR12-PW;0.0;310.0;0.0;
BF2-TR13-PW;0.0;312.0;0.0;
BF2-TR14-PW;0.0;306.0;0.0;
BF2-TR15-PW;0.0;307.0;0.0;
BF2-TR16-PW;0.0;120.0;0.0;
BF2-TR17-PW;0.0;166.0;0.0;
BF2-TR18-PW;0.0;358.0;0.0;
BF2-TR19-PW;0.0;350.0;0.0;
BF2-TR20-PE;0.0;352.0;0.0;
BF2-TR21-PW;0.0;353.0;0.0;
BF2-TR22-PW;0.0;170.0;0.0;
BKE57;0.0;140.0;0.0;
BKE57A;0.0;140.0;0.0;
BKE58;0.0;140.0;0.0;
BKE59;0.0;140.0;0.0;
BKE60;0.0;140.0;0.0;
BKE61;0.0;140.0;0.0;
BKE62;0.0;140.0;0.0;
BKE63;0.0;140.0;0.0;
BKE64;0.0;140.0;0.0;
BKE65;0.0;140.0;0.0;
BKE66;0.0;140.0;0.0;
BKF1-PIT1-R1;0.0;140.0;0.0;
BKF1-PIT1-R2;0.0;140.0;0.0;
BKF1-PIT1-R3;0.0;140.0;0.0;
BKF1-PIT1-R4;0.0;140.0;0.0;
BKF1-PIT1-R5;0.0;140.0;0.0;
BKF1-PIT1-R6;0.0;140.0;0.0;
BKF1-PIT1-R7;0.0;140.0;0.0;
BKF1-PIT1-R8;0.0;140.0;0.0;
BKF1-PIT1-R9;0.0;140.0;0.0;
BKF1-PIT1-R10;0.0;140.0;0.0;
BKF1-PIT1-R11;0.0;140.0;0.0;
BKF1-PIT1-R12;0.0;140.0;0.0;
BKF1-PIT1-R13;0.0;140.0;0.0;
BKF1-PIT1-R14;0.0;140.0;0.0;
BKF1-PIT1-R15;0.0;140.0;0.0;
BKF1-PIT1-R16;0.0;140.0;0.0;
BKF1-PIT1-R17;0.0;140.0;0.0;
BKF1-PIT1-R18;0.0;140.0;0.0;
BKF1-PIT1-R19;0.0;140.0;0.0;
BKF1-PIT1-R20;0.0;140.0;0.0;
BKF1-PIT1-R21;0.0;140.0;0.0;
BKF1-PIT1-R22;0.0;140.0;0.0;
BKF1-PIT1-R23;0.0;140.0;0.0;
BKF1-PIT2-R1;0.0;140.0;0.0;
BKF1-PIT2-R2;0.0;140.0;0.0;
BKF1-PIT2-R3;0.0;140.0;0.0;
BKF1-PIT2-R4;0.0;140.0;0.0;
BKF1-PIT2-R5;0.0;140.0;0.0;
BKF1-PIT2-R6;0.0;140.0;0.0;
BKF1-PIT2-R7;0.0;140.0;0.0;
BKF1-PIT2-R8;0.0;140.0;0.0;
BKF1-PIT2-R9;0.0;140.0;0.0;
BKF1-PIT2-R10;0.0;140.0;0.0;
BKF1-PIT2-R11;0.0;140.0;0.0;
BKF1-PIT2-R12;0.0;140.0;0.0;
BKF1-PIT2-R14;0.0;140.0;0.0;
BKF1-PIT2-R15;0.0;140.0;0.0;
BKF1-PIT2-R16;0.0;140.0;0.0;
BKF1-PIT2-R17;0.0;140.0;0.0;
BKF1-PIT2-R18;0.0;140.0;0.0;
BKF1-PIT2-R19;0.0;140.0;0.0;
BKF1-PIT2-R20;0.0;140.0;0.0;
BKF1-PIT2-R21;0.0;140.0;0.0;
BKF1-PIT2-R22;0.0;140.0;0.0;
BKF1-PIT2-R23;0.0;140.0;0.0;
BKF1-PIT2-R24;0.0;140.0;0.0;
BKF1-PIT2-R25;0.0;140.0;0.0;
BKF1-PIT2-R26;0.0;140.0;0.0;
BKF1-PIT2-R27;0.0;140.0;0.0;
BKF1-PIT2-R28;0.0;140.0;0.0;
BKF1-PIT2-R29;0.0;140.0;0.0;
BKF1-PIT3-R1;0.0;140.0;0.0;
BKF1-PIT3-R2;0.0;140.0;0.0;
BKF1-PIT3-R3;0.0;140.0;0.0;
BKF1-PIT3-R4;0.0;140.0;0.0;
BKF1-PIT3-R5;0.0;140.0;0.0;
BKF1-PIT3-R6;0.0;140.0;0.0;
BKF1-PIT3-R7;0.0;140.0;0.0;
BKF1-PIT3-R8;0.0;140.0;0.0;
BKF1-PIT3-R9;0.0;140.0;0.0;
BKF1-PIT3-R10;0.0;140.0;0.0;
BKF1-PIT3-R11;0.0;140.0;0.0;
BKF1-PIT3-R12;0.0;140.0;0.0;
BKF1-PIT3-R13;0.0;140.0;0.0;
BKF1-PIT3-R14;0.0;140.0;0.0;
BKF1-PIT3-R15;0.0;140.0;0.0;
BKF1-PIT3-R16;0.0;140.0;0.0;
BKF1-PIT3-R17;0.0;140.0;0.0;
BKF1-PIT3-R18;0.0;140.0;0.0;
BKF1-PIT3-R19;0.0;140.0;0.0;
BKF1-PIT3-R20;0.0;140.0;0.0;
BKF1-PIT3-R21;0.0;140.0;0.0;
BKF1-PIT3-R22;0.0;140.0;0.0;
BKF1-PIT3-R23;0.0;140.0;0.0;
BKF1-PIT3-R24;0.0;140.0;0.0;
BKF1-PIT3-R25;0.0;140.0;0.0;
BKF1-PIT3-R26;0.0;140.0;0.0;
BKF1-PIT3-R27;0.0;140.0;0.0;
BKF1-PIT3-R29;0.0;140.0;0.0;
BKF1-PIT3-R30;0.0;140.0;0.0;
BKF1-PIT3-R31;0.0;140.0;0.0;
BKF1-PIT3-R32;0.0;140.0;0.0;
BKF1-PIT3-R33;0.0;140.0;0.0;
BKF1-PIT3-R34;0.0;140.0;0.0;
BKF1-PIT3-R35;0.0;140.0;0.0;
BKF1-PIT3-R36;0.0;140.0;0.0;
BKF1-PIT3-R37;0.0;140.0;0.0;
BKF1-PIT3-R38;0.0;140.0;0.0;
BKF1-PIT3-R40;0.0;140.0;0.0;
BKF1-PIT3-R41;0.0;140.0;0.0;
BKF1-PIT3-R42;0.0;140.0;0.0;
BKF1-PIT3-R45;0.0;140.0;0.0;
BKF1-PIT3-R47;0.0;140.0;0.0;
BKF1-PIT3-R50;0.0;140.0;0.0;
BKF1-PIT3-R51;0.0;140.0;0.0;
BKF1-PIT3-R52;0.0;140.0;0.0;
BKF1-PIT3-R53;0.0;140.0;0.0;
BKF1-PIT3-R54;0.0;140.0;0.0;
BKF1-PIT3-R55;0.0;140.0;0.0;
BKF1-PIT3-R56;0.0;140.0;0.0;
BKF1-PIT3-R57;0.0;140.0;0.0;
BKF1-PIT3-R58;0.0;140.0;0.0;
BKF1-PIT3-R59;0.0;140.0;0.0;
BKF1-PIT3-R60;0.0;140.0;0.0;
BKF1-PIT3-R61;0.0;140.0;0.0;
BKF1-PIT3-R62;0.0;140.0;0.0;
BKF1-PIT4-R1;0.0;140.0;0.0;
BKF1-PIT4-R2;0.0;140.0;0.0;
BKF1-PIT4-R3;0.0;140.0;0.0;
BKF1-PIT4-R4;0.0;140.0;0.0;
BKF1-PIT4-R5;0.0;140.0;0.0;
BKF1-PIT4-R6;0.0;140.0;0.0;
BKF1-PIT4-R7;0.0;140.0;0.0;
BKF1-PIT4-R8;0.0;140.0;0.0;
BKF1-PIT4-R9;0.0;140.0;0.0;
BKF1-PIT4-R10;0.0;140.0;0.0;
BKF1-PIT4-R11;0.0;140.0;0.0;
BKF1-PIT4-R12;0.0;140.0;0.0;
BKF1-PIT4-R13;0.0;140.0;0.0;
BKF1-PIT4-R14;0.0;140.0;0.0;
BKF1-PIT4-R15;0.0;140.0;0.0;
BKF1-PIT4-R16;0.0;140.0;0.0;
BKF1-PIT4-R17;0.0;140.0;0.0;
BKF1-PIT4-R18;0.0;140.0;0.0;
BKF1-PIT4-R19;0.0;140.0;0.0;
BKF1-PIT4-R20;0.0;140.0;0.0;
BKF1-PIT4-R21;0.0;140.0;0.0;
BKF1-PIT4-R22;0.0;140.0;0.0;
BKF1-PIT4-R23;0.0;140.0;0.0;
BKF1-PIT4-R24;0.0;140.0;0.0;
BKF1-PIT3-R28;0.0;140.0;0.0;
BKF1-PIT3-R43;0.0;140.0;0.0;
BKF1-PIT3-R44;0.0;140.0;0.0;
BKF1-PIT3-R46;0.0;140.0;0.0;
BKF1-PIT3-R48;0.0;140.0;0.0;
BKF1-PIT3-R49;0.0;140.0;0.0;
BKF1-PIT3-R63;0.0;140.0;0.0;
BKF1-PIT3-R64;0.0;140.0;0.0;
BKF1-PIT5-R1;0.0;140.0;0.0;
BKF1-PIT5-R5;0.0;140.0;0.0;
BKF1-PIT5-R6;0.0;140.0;0.0;
BKF1-PIT5-R7;0.0;140.0;0.0;
BKF1-PIT5-R11;0.0;140.0;0.0;
BKF1-PIT5-R12;0.0;140.0;0.0;
BKF1-PIT5-R13;0.0;140.0;0.0;
BKF1-PIT5-R14;0.0;140.0;0.0;
BKF1-PIT5-R15;0.0;140.0;0.0;
BKF1-PIT5-R16;0.0;140.0;0.0;
BKF1-PIT5-R17;0.0;140.0;0.0;
BKF1-PIT2-R30;0.0;140.0;0.0;
BKF1-PIT2-R31;0.0;140.0;0.0;
BKF1-PIT2-R32;0.0;140.0;0.0;
BKF1-PIT2-R33;0.0;140.0;0.0;
BKF1-PIT2-R34;0.0;140.0;0.0;
BKF1-PIT2-R35;0.0;140.0;0.0;
BKF1-PIT2-R36;0.0;140.0;0.0;
BKF1-PIT2-R37;0.0;140.0;0.0;
BKF1-PIT2-R38;0.0;140.0;0.0;
BKF1-PIT2-R39;0.0;140.0;0.0;
BKF2-R1;0.0;325.0;0.0;
BKF2-R2;0.0;325.0;0.0;
BKF2-R3;0.0;325.0;0.0;
BKF2-R4;0.0;325.0;0.0;
BKF2-R5;0.0;325.0;0.0;
BKF2-R6;0.0;325.0;0.0;
BKF2-R7;0.0;325.0;0.0;
BKF2-R8;0.0;325.0;0.0;
BKF2-R9;0.0;325.0;0.0;
BKF2-R10;0.0;325.0;0.0;
BKF2-R11;0.0;325.0;0.0;
BKF2-R12;0.0;325.0;0.0;
BKF2-R13;0.0;325.0;0.0;
BKF2-R14;0.0;325.0;0.0;
BKF2-R15;0.0;325.0;0.0;
BKF2-R16;0.0;325.0;0.0;
BKF2-R18;0.0;325.0;0.0;
BKF2-R19;0.0;325.0;0.0;
BKF2-R20;0.0;325.0;0.0;
BKF2-R21;0.0;325.0;0.0;
BKF1-PIT3Est-R1;0.0;140.0;0.0;
BKF1-PIT3Est-R2;0.0;140.0;0.0;
BKF1-PIT3Est-R3;0.0;140.0;0.0;
BKF1-PIT3Est-R4;0.0;140.0;0.0;
BKF1-PIT3Est-R5;0.0;140.0;0.0;
BKF1-PIT3Est-R6;0.0;140.0;0.0;
BKF1-PIT3Est-R7;0.0;140.0;0.0;
BNCis100;0.0;0.0;90.0;BNHS_0626
BNCis125;0.0;0.0;90.0;BNHS_0626
BNCis126;0.0;0.0;90.0;BNHS_0626
BNCis127;0.0;0.0;90.0;BNHS_0626
BNCis128;0.0;0.0;90.0;BNHS_0626
BNO-26-PL15 Bis;0.0;0.0;86.22;BNHS_0626
BNO-26-PL09;3.0;0.0;86.22;BNHS_0626
BNO-26-PL09;0.0;0.0;86.21;BNHS_0626
BNO-PL07;0.0;0.0;86.14;BNHS_0626
BN198;150.0;0.0;85.48;BNHS_0626
BN198;100.0;0.0;85.27;BNHS_0626
BN198;50.0;0.0;85.04;BNHS_0626
BN198;0.0;0.0;85.0;BNHS_0626
BNCis69;0.0;0.0;85.0;BNHS_0626
BNO-26-PL14;0.0;0.0;81.42;BNHS_0626
BNO-PL05;0.0;0.0;76.79;BNHS_0626
BNO-PL02;0.0;0.0;76.78;BNHS_0626
BNO-PL02;3.0;0.0;76.7;BNHS_0626
BNO-26-PL10;84.0;0.0;76.31;BNHS_0626
BNO-26-PL10;0.0;0.0;76.23;BNHS_0626
BNO-26-PL13 Bis1;0.0;0.0;75.48;BNHS_0626
BNO-26-PL06;0.0;0.0;75.41;BNHS_0626
BNO-26-PL06;3.0;0.0;75.38;BNHS_0626
BNO-26-PL06;6.0;0.0;75.38;BNHS_0626
BN107;0.0;0.0;75.0;BNHS_0626
BN93;50.0;0.0;75.0;BNHS_0626
BN93;100.0;0.0;75.0;BNHS_0626
BN93;0.0;0.0;75.0;BNHS_0626
BN93;256.0;0.0;75.0;BNHS_0626
BNF73;0.0;0.0;75.0;BNHS_0626
BN93;150.0;0.0;74.0;BNHS_0626
BNO-26-PL15;0.0;0.0;73.15;BNHS_0626
BN210;0.0;0.0;73.0;BNHS_0626
BNO-PL03;3.0;0.0;71.36;BNHS_0626
BNO-PL03;0.0;0.0;71.33;BNHS_0626
S25;0.0;0.0;70.0;BNHS_0626
BNO-PL04;0.0;0.0;66.58;BNHS_0626
BNO-PL04;3.0;0.0;66.57;BNHS_0626
BN-120TrRcp3St2EFR6;0.0;0.0;65.0;BNHS_0626
BN-120TrRcp3St2EFR7;0.0;0.0;65.0;BNHS_0626
BN-120TrRcp3St2EFR8;0.0;0.0;65.0;BNHS_0626
BN-120TrRcp3St2EFR9;0.0;0.0;65.0;BNHS_0626
BN-120TrRcp3St2EFR10;0.0;0.0;65.0;BNHS_0626
BN-120TrRcp3St2EFR11;0.0;0.0;65.0;BNHS_0626
BN-120TrRcp3St2EFR12;0.0;0.0;65.0;BNHS_0626
BN-120TrRcp3St2EFR13;0.0;0.0;65.0;BNHS_0626
BNO-26-PL13;0.0;0.0;64.5;BNHS_0626
BNE-RC-43;0.0;0.0;60.83;BNHS_0626
BN-40TrP5WF300;0.0;0.0;60.0;BNHS_0626
S11;0.0;0.0;60.0;BNHS_0626
S15;0.0;0.0;60.0;BNHS_0626
S9;0.0;0.0;60.0;BNHS_0626
BN-120TrRcp3St2EFR1;0.0;0.0;60.0;BNHS_0626
BN-120TrRcp3St2EFR2;0.0;0.0;60.0;BNHS_0626
BN-120TrRcp3St2EFR3;0.0;0.0;60.0;BNHS_0626
BN-120TrRcp3St2EFR4;0.0;0.0;60.0;BNHS_0626
BN-120TrRcp3St2EFR5;0.0;0.0;60.0;BNHS_0626
BNE-RC-34;0.0;0.0;60.0;BNHS_0626
BNE-RC-37;0.0;0.0;60.0;BNHS_0626
BNE-RC-42;0.0;0.0;60.0;BNHS_0626
BNE-RC-47;0.0;0.0;60.0;BNHS_0626
BNE-RC-51;0.0;0.0;60.0;BNHS_0626
BNE-RC-54;0.0;0.0;60.0;BNHS_0626
BNE-RC-55;0.0;0.0;60.0;BNHS_0626
BNE-RC-56;0.0;0.0;60.0;BNHS_0626
BNE-RC-57;0.0;0.0;60.0;BNHS_0626
BNE-RC-58;0.0;0.0;60.0;BNHS_0626
BNE-RC-59;0.0;0.0;60.0;BNHS_0626
BNE-RC-60;0.0;0.0;60.0;BNHS_0626
BNE-RC-52;0.0;0.0;59.29;BNHS_0626
BNE-RC-44;0.0;0.0;58.95;BNHS_0626
BNE-RC-40;0.0;0.0;58.9;BNHS_0626
BNE-RC-48;0.0;0.0;58.85;BNHS_0626
BN-40Taille05T12R21;0.0;0.0;57.0;BNHS_0626
BN-40Taille05T12R22;0.0;0.0;57.0;BNHS_0626
BN-40Taille03T14R1;0.0;0.0;56.0;BNHS_0626
BN-40Taille03T14R2;0.0;0.0;56.0;BNHS_0626
BN-40Taille03T14R3;0.0;0.0;56.0;BNHS_0626
BN-40Taille03T14R4;0.0;0.0;56.0;BNHS_0626
BN-40Taille03T14R5;0.0;0.0;56.0;BNHS_0626
BN-40Taille03T14R6;0.0;0.0;56.0;BNHS_0626
BN-120TailleFOE4R1;0.0;0.0;55.0;BNHS_0626
BN-120TailleFOE4R2;0.0;0.0;55.0;BNHS_0626
BN-120TailleFOE4R3;0.0;0.0;55.0;BNHS_0626
BN-120TailleFOE4R4;0.0;0.0;55.0;BNHS_0626
BN-120TailleFOW4R1;0.0;0.0;55.0;BNHS_0626
BN-120TailleFOW4R2;0.0;0.0;55.0;BNHS_0626
BN-120TailleFOW4R3;0.0;0.0;55.0;BNHS_0626
BN-120TailleFOW4R4;0.0;0.0;55.0;BNHS_0626
BN-120TailleFOW4R5;0.0;0.0;55.0;BNHS_0626
BN-40TrP5WF284;0.0;0.0;55.0;BNHS_0626
BNCis68;0.0;0.0;55.0;BNHS_0626
S24;0.0;0.0;55.0;BNHS_0626
BNF72;0.0;0.0;55.0;BNHS_0626
BNE-RC-49;0.0;0.0;53.81;BNHS_0626
BN-40Taille03T13R11;0.0;0.0;53.0;BNHS_0626
BN-40Taille03T13R12;0.0;0.0;53.0;BNHS_0626
BN-88ChTrE9E2;0.0;0.0;53.0;BNHS_0626
BN-88ChTrE9E4;0.0;0.0;53.0;BNHS_0626
BN-40Taille03T13R10;0.0;0.0;52.0;BNHS_0626
BN-40Taille03T13R7;0.0;0.0;52.0;BNHS_0626
BN-40Taille03T13R8;0.0;0.0;52.0;BNHS_0626
BN-40Taille03T13R9;0.0;0.0;52.0;BNHS_0626
BN-40Taille04T8R1;0.0;0.0;52.0;BNHS_0626
BN-40Taille04T8R2;0.0;0.0;52.0;BNHS_0626
BN-40Taille04T8R3;0.0;0.0;52.0;BNHS_0626
BN-40Taille04T8R4;0.0;0.0;52.0;BNHS_0626
BN-40Taille06T5R17;0.0;0.0;52.0;BNHS_0626
BN-40Taille06T5R18;0.0;0.0;52.0;BNHS_0626
BN-40Taille06T5R19;0.0;0.0;52.0;BNHS_0626
BN-80Taille05TrFR1;0.0;0.0;52.0;BNHS_0626
BN-80Taille05TrFR2;0.0;0.0;52.0;BNHS_0626
BN-80Taille05TrFR3;0.0;0.0;52.0;BNHS_0626
BN-40TrTaille1CSPFR10;0.0;0.0;52.0;BNHS_0626
BN-40TrTaille1CSPFR11;0.0;0.0;52.0;BNHS_0626
BN-40TrTaille1CSPFR12;0.0;0.0;52.0;BNHS_0626
BN-40TrTaille1CSPFR13;0.0;0.0;52.0;BNHS_0626
BN-40TrTaille1CSPFR14;0.0;0.0;52.0;BNHS_0626
BN-40TrTaille1CSPFR15;0.0;0.0;52.0;BNHS_0626
BN-40TrTaille1CSPFR16;0.0;0.0;52.0;BNHS_0626
BN-40TrTaille1CSPFR17;0.0;0.0;52.0;BNHS_0626
BN-40TrTaille1CSPFR18;0.0;0.0;52.0;BNHS_0626
BN-40TrTaille1CSPFR19;0.0;0.0;52.0;BNHS_0626
BN-40TrTaille1CSPFR20;0.0;0.0;52.0;BNHS_0626
BN-40TrTaille1CSPFR21;0.0;0.0;52.0;BNHS_0626
BN-40TrTaille1CSPFR22;0.0;0.0;52.0;BNHS_0626
BN-40TrTaille1CSPFR23;0.0;0.0;52.0;BNHS_0626
BN-40TrTaille1CSPFR9;0.0;0.0;52.0;BNHS_0626
BNE-RC-30;0.0;0.0;50.6;BNHS_0626
BN-102ChTrE11E2;0.0;0.0;50.0;BNHS_0626
BN-40Taille05T12R1;0.0;0.0;50.0;BNHS_0626
BN-40Taille05T12R2;0.0;0.0;50.0;BNHS_0626
BN-40Taille06T9R10;0.0;0.0;50.0;BNHS_0626
BN-40Taille06T9R11;0.0;0.0;50.0;BNHS_0626
BN-40Taille06T9R12;0.0;0.0;50.0;BNHS_0626
BN-40Taille06T9R13;0.0;0.0;50.0;BNHS_0626
BN-40Taille06T9R8;0.0;0.0;50.0;BNHS_0626
BN-40Taille06T9R9;0.0;0.0;50.0;BNHS_0626
BN-50TailleFO1R5;0.0;0.0;50.0;BNHS_0626
BN-50TailleFO1R6;0.0;0.0;50.0;BNHS_0626
BN-50TailleFO2FR1;0.0;0.0;50.0;BNHS_0626
BN-50TailleFO2FR10;0.0;0.0;50.0;BNHS_0626
BN-50TailleFO2FR11;0.0;0.0;50.0;BNHS_0626
BN-50TailleFO2FR12;0.0;0.0;50.0;BNHS_0626
BN-50TailleFO2FR14;0.0;0.0;50.0;BNHS_0626
BN-50TailleFO2FR15;0.0;0.0;50.0;BNHS_0626
BN-50TailleFO2FR16;0.0;0.0;50.0;BNHS_0626
BN-50TailleFO2FR17;0.0;0.0;50.0;BNHS_0626
BN-50TailleFO2FR18;0.0;0.0;50.0;BNHS_0626
BN-50TailleFO2FR19;0.0;0.0;50.0;BNHS_0626
BN-50TailleFO2FR20;0.0;0.0;50.0;BNHS_0626
BN-50TailleFO2FR21;0.0;0.0;50.0;BNHS_0626
BN-50TailleFO2FR22;0.0;0.0;50.0;BNHS_0626
BN-50TailleFO2FR23;0.0;0.0;50.0;BNHS_0626
BN-50TailleFO2FR24;0.0;0.0;50.0;BNHS_0626
BN-50TailleFO2FR25;0.0;0.0;50.0;BNHS_0626
BN-50TailleFO2FR5;0.0;0.0;50.0;BNHS_0626
BN-50TailleFO2FR7;0.0;0.0;50.0;BNHS_0626
BN-50TailleFO2FR8;0.0;0.0;50.0;BNHS_0626
BN-50TailleFO2FR9;0.0;0.0;50.0;BNHS_0626
BN-50TailleFO3R1;0.0;0.0;50.0;BNHS_0626
BN-50TailleFO3R10;0.0;0.0;50.0;BNHS_0626
BN-50TailleFO3R2;0.0;0.0;50.0;BNHS_0626
BN-50TailleFO3R3;0.0;0.0;50.0;BNHS_0626
BN-50TailleFO3R4;0.0;0.0;50.0;BNHS_0626
BN-50TailleFO3R5;0.0;0.0;50.0;BNHS_0626
BN-50TailleFO3R6;0.0;0.0;50.0;BNHS_0626
BN-50TailleFO3R7;0.0;0.0;50.0;BNHS_0626
BN-50TailleFO3R8;0.0;0.0;50.0;BNHS_0626
BN-50TailleFO3R9;0.0;0.0;50.0;BNHS_0626
BN-50TrFOEFR1;0.0;0.0;50.0;BNHS_0626
BN-50TrFOEFR10;0.0;0.0;50.0;BNHS_0626
BN-50TrFOEFR11;0.0;0.0;50.0;BNHS_0626
BN-50TrFOEFR2;0.0;0.0;50.0;BNHS_0626
BN-50TrFOEFR3;0.0;0.0;50.0;BNHS_0626
BN-50TrFOEFR4;0.0;0.0;50.0;BNHS_0626
BN-50TrFOEFR5;0.0;0.0;50.0;BNHS_0626
BN-50TrFOEFR6;0.0;0.0;50.0;BNHS_0626
BN-50TrFOEFR7;0.0;0.0;50.0;BNHS_0626
BN-50TrFOEFR8;0.0;0.0;50.0;BNHS_0626
BN-50TrFOEFR9;0.0;0.0;50.0;BNHS_0626
BN-50TrFOWFR1;0.0;0.0;50.0;BNHS_0626
BN-50TrFOWFR10;0.0;0.0;50.0;BNHS_0626
BN-50TrFOWFR12;0.0;0.0;50.0;BNHS_0626
BN-50TrFOWFR13;0.0;0.0;50.0;BNHS_0626
BN-50TrFOWFR14;0.0;0.0;50.0;BNHS_0626
BN-50TrFOWFR15;0.0;0.0;50.0;BNHS_0626
BN-50TrFOWFR16;0.0;0.0;50.0;BNHS_0626
BN-50TrFOWFR2;0.0;0.0;50.0;BNHS_0626
BN-50TrFOWFR3;0.0;0.0;50.0;BNHS_0626
BN-50TrFOWFR4;0.0;0.0;50.0;BNHS_0626
BN-50TrFOWFR5;0.0;0.0;50.0;BNHS_0626
BN-50TrFOWFR6;0.0;0.0;50.0;BNHS_0626
BN-50TrFOWFR7;0.0;0.0;50.0;BNHS_0626
BN-50TrFOWFR8;0.0;0.0;50.0;BNHS_0626
BN-50TrFOWFR9;0.0;0.0;50.0;BNHS_0626
BN-80TrTaille01B2F1;0.0;0.0;50.0;BNHS_0626
BN-80TrTaille01B2F10;0.0;0.0;50.0;BNHS_0626
BN-80TrTaille01B2F11;0.0;0.0;50.0;BNHS_0626
BN-80TrTaille01B2F12;0.0;0.0;50.0;BNHS_0626
BN-80TrTaille01B2F13;0.0;0.0;50.0;BNHS_0626
BN-80TrTaille01B2F14;0.0;0.0;50.0;BNHS_0626
BN-80TrTaille01B2F15;0.0;0.0;50.0;BNHS_0626
BN-80TrTaille01B2F2;0.0;0.0;50.0;BNHS_0626
BN-80TrTaille01B2F3;0.0;0.0;50.0;BNHS_0626
BN-80TrTaille01B2F4;0.0;0.0;50.0;BNHS_0626
BN-80TrTaille01B2F5;0.0;0.0;50.0;BNHS_0626
BN-80TrTaille01B2F6;0.0;0.0;50.0;BNHS_0626
BN-80TrTaille01B2F7;0.0;0.0;50.0;BNHS_0626
BN-80TrTaille01B2F8;0.0;0.0;50.0;BNHS_0626
BN-80TrTaille01B2F9;0.0;0.0;50.0;BNHS_0626
BN-80TrWF158;0.0;0.0;50.0;BNHS_0626
BN-80TrWF159;0.0;0.0;50.0;BNHS_0626
BN-95ChTrE14E1;0.0;0.0;50.0;BNHS_0626
BN-95ChTrE1E1;0.0;0.0;50.0;BNHS_0626
BN-120TrRcp3St2WFR1;0.0;0.0;50.0;BNHS_0626
BN-120TrRcp3St2WFR2;0.0;0.0;50.0;BNHS_0626
BN-120TrRcp3St2WFR3;0.0;0.0;50.0;BNHS_0626
BN-120TrRcp3St2WFR4;0.0;0.0;50.0;BNHS_0626
BN-120TrRcp3St2WFR5;0.0;0.0;50.0;BNHS_0626
BN-120TrRcp3St2WFR6;0.0;0.0;50.0;BNHS_0626
BN-120TrRcp3St2WFR7;0.0;0.0;50.0;BNHS_0626
BN-120TrRcp3St2WFR8;0.0;0.0;50.0;BNHS_0626
BN-120TrRcp3St2WFR9;0.0;0.0;50.0;BNHS_0626
BN-120TrRcp3St2WFR10;0.0;0.0;50.0;BNHS_0626
BN-120TrRcp3St2WFR11;0.0;0.0;50.0;BNHS_0626
BN-120TrRcp3St2WFR12;0.0;0.0;50.0;BNHS_0626
BN-120TrRcp3St2WFR13;0.0;0.0;50.0;BNHS_0626
BN-40Taille1CSt2T2R34;0.0;0.0;50.0;BNHS_0626
BN-40Taille1CSt2T2R35;0.0;0.0;50.0;BNHS_0626
BN-40Taille1CSt2T2R37;0.0;0.0;50.0;BNHS_0626
BNE-RC-33;0.0;0.0;50.0;BNHS_0626
BNE-RC-29;0.0;0.0;49.7;BNHS_0626
BN-40Taille03T12R1;0.0;0.0;49.0;BNHS_0626
BN-40Taille03T12R2;0.0;0.0;49.0;BNHS_0626
BN-40Taille03T12R3;0.0;0.0;49.0;BNHS_0626
BN-40Taille03T12R4;0.0;0.0;49.0;BNHS_0626
BN-40Taille03T12R5;0.0;0.0;49.0;BNHS_0626
BN-40Taille03TrW11R1;0.0;0.0;49.0;BNHS_0626
BN-40Taille03TrW11R2;0.0;0.0;49.0;BNHS_0626
BN-40Taille03TrW11R3;0.0;0.0;49.0;BNHS_0626
BN-40Taille03TrW11R4;0.0;0.0;49.0;BNHS_0626
BN-40Taille03TrW11R5;0.0;0.0;49.0;BNHS_0626
BN-40Taille05T11R37;0.0;0.0;49.0;BNHS_0626
BN-40Taille05T11R38;0.0;0.0;49.0;BNHS_0626
BN-40Taille05T11R42;0.0;0.0;49.0;BNHS_0626
BN-40Taille05T13R1;0.0;0.0;49.0;BNHS_0626
BN-40Taille05T13R2;0.0;0.0;49.0;BNHS_0626
BN-40Taille05T13R3;0.0;0.0;49.0;BNHS_0626
BN-40Taille05T13R4;0.0;0.0;49.0;BNHS_0626
BN-40Taille05T13R5;0.0;0.0;49.0;BNHS_0626
BN-40Taille05T13R6;0.0;0.0;49.0;BNHS_0626
BN-40Taille05T13R7;0.0;0.0;49.0;BNHS_0626
BN-40Taille05T13R8;0.0;0.0;49.0;BNHS_0626
BN-40Taille05T13R9;0.0;0.0;49.0;BNHS_0626
BN-40Taille06T8FR20;0.0;0.0;49.0;BNHS_0626
BN-80Taille04T11R4;0.0;0.0;49.0;BNHS_0626
BN-80Taille04T11R5;0.0;0.0;49.0;BNHS_0626
BN-80Taille04T11R6;0.0;0.0;49.0;BNHS_0626
BN-80Taille04T11R7;0.0;0.0;49.0;BNHS_0626
BN-140Taille1WSt1TrEFR1;0.0;0.0;49.0;BNHS_0626
BN-140Taille1WSt1TrEFR10;0.0;0.0;49.0;BNHS_0626
BN-140Taille1WSt1TrEFR11;0.0;0.0;49.0;BNHS_0626
BN-140Taille1WSt1TrEFR2;0.0;0.0;49.0;BNHS_0626
BN-140Taille1WSt1TrEFR3;0.0;0.0;49.0;BNHS_0626
BN-140Taille1WSt1TrEFR4;0.0;0.0;49.0;BNHS_0626
BN-140Taille1WSt1TrEFR5;0.0;0.0;49.0;BNHS_0626
BN-140Taille1WSt1TrEFR6;0.0;0.0;49.0;BNHS_0626
BN-140Taille1WSt1TrEFR7;0.0;0.0;49.0;BNHS_0626
BN-140Taille1WSt1TrEFR8;0.0;0.0;49.0;BNHS_0626
BN-140Taille1WSt1TrEFR9;0.0;0.0;49.0;BNHS_0626
BN-109ChTrE4E2;0.0;0.0;48.0;BNHS_0626
BN-109ChTrE6E2;0.0;0.0;48.0;BNHS_0626
BN-40Taille05T11R27;0.0;0.0;48.0;BNHS_0626
BN-40Taille05T11R28;0.0;0.0;48.0;BNHS_0626
BN-40Taille05T11R29;0.0;0.0;48.0;BNHS_0626
BN-40Taille05T11R30;0.0;0.0;48.0;BNHS_0626
BN-40Taille05T13R10;0.0;0.0;48.0;BNHS_0626
BN-40Taille05T13R12;0.0;0.0;48.0;BNHS_0626
BN-40Taille05T13R16;0.0;0.0;48.0;BNHS_0626
BN-40TrP5WF240;0.0;0.0;48.0;BNHS_0626
BN-95ChTrE12E2;0.0;0.0;48.0;BNHS_0626
BN-95ChTrE16E2;0.0;0.0;48.0;BNHS_0626
BN-40Taille03T12R10;0.0;0.0;47.0;BNHS_0626
BN-40Taille03T12R11;0.0;0.0;47.0;BNHS_0626
BN-40Taille03T12R6;0.0;0.0;47.0;BNHS_0626
BN-40Taille03T12R7;0.0;0.0;47.0;BNHS_0626
BN-40Taille03T12R8;0.0;0.0;47.0;BNHS_0626
BN-40Taille03T12R9;0.0;0.0;47.0;BNHS_0626
BN-40Taille03TrWFR15;0.0;0.0;47.0;BNHS_0626
BN-40Taille03TrWFR16;0.0;0.0;47.0;BNHS_0626
BN-40Taille03TrWFR17;0.0;0.0;47.0;BNHS_0626
BN-40Taille03TrWFR18;0.0;0.0;47.0;BNHS_0626
BN-40Taille03TrWFR19;0.0;0.0;47.0;BNHS_0626
BN-40Taille03TrWFR20;0.0;0.0;47.0;BNHS_0626
BN-40Taille03TrWFR21;0.0;0.0;47.0;BNHS_0626
BN-40Taille03TrWFR22;0.0;0.0;47.0;BNHS_0626
BN-40Taille03TrWFR23;0.0;0.0;47.0;BNHS_0626
BN-40Taille03TrWFR24;0.0;0.0;47.0;BNHS_0626
BN-40Taille03TrWFR25;0.0;0.0;47.0;BNHS_0626
BN-40Taille03TrWFR26;0.0;0.0;47.0;BNHS_0626
BN-40TrP5WF250;0.0;0.0;47.0;BNHS_0626
BN-80Taille05T10R1;0.0;0.0;47.0;BNHS_0626
BN-80Taille05T10R2;0.0;0.0;47.0;BNHS_0626
BN-80Taille05T10R4;0.0;0.0;47.0;BNHS_0626
BN-80Taille05T10R5;0.0;0.0;47.0;BNHS_0626
BN-80Taille05T10R6;0.0;0.0;47.0;BNHS_0626
BN-80Taille05T10R7;0.0;0.0;47.0;BNHS_0626
BN-80Taille05T10R8;0.0;0.0;47.0;BNHS_0626
BN-80Taille05T10R9;0.0;0.0;47.0;BNHS_0626
BN-80TrWF131;0.0;0.0;47.0;BNHS_0626
BN-80TrWF157;0.0;0.0;47.0;BNHS_0626
BN-80TrWF189;0.0;0.0;47.0;BNHS_0626
BN-80TrWF190;0.0;0.0;47.0;BNHS_0626
BN-80TrWF191;0.0;0.0;47.0;BNHS_0626
BN-80TrWF192;0.0;0.0;47.0;BNHS_0626
BN-80TrWF193;0.0;0.0;47.0;BNHS_0626
BN-80TrWF194;0.0;0.0;47.0;BNHS_0626
BN-80TrWF197;0.0;0.0;47.0;BNHS_0626
BN-80TrWF198;0.0;0.0;47.0;BNHS_0626
BN-80TrWF237;0.0;0.0;47.0;BNHS_0626
BN-95ChTrE13E1;0.0;0.0;47.0;BNHS_0626
BN-95ChTrE2E1;0.0;0.0;47.0;BNHS_0626
BN-102ChTrE1E2;0.0;0.0;46.0;BNHS_0626
BN-40TrP5WF140;0.0;0.0;46.0;BNHS_0626
BN-40TrP5WF244;0.0;0.0;46.0;BNHS_0626
BN-100TrT01EFR1;0.0;0.0;45.0;BNHS_0626
BN-100TrT01EFR2;0.0;0.0;45.0;BNHS_0626
BN-100TrT01EFR3;0.0;0.0;45.0;BNHS_0626
BN-100TrT01WFR26;0.0;0.0;45.0;BNHS_0626
BN-100TrT01WFR27;0.0;0.0;45.0;BNHS_0626
BN-100TrT01WFR28;0.0;0.0;45.0;BNHS_0626
BN-100TrT01WFR29;0.0;0.0;45.0;BNHS_0626
BN-100TrT01WFR30;0.0;0.0;45.0;BNHS_0626
BN-100TrT01WFR31;0.0;0.0;45.0;BNHS_0626
BN-100TrT01WFR32;0.0;0.0;45.0;BNHS_0626
BN-100TrT01WFR33;0.0;0.0;45.0;BNHS_0626
BN-100TrT01WFR34;0.0;0.0;45.0;BNHS_0626
BN-100TrT01WFR35;0.0;0.0;45.0;BNHS_0626
BN-100TrT01WFR36;0.0;0.0;45.0;BNHS_0626
BN-100TrT01WFR37;0.0;0.0;45.0;BNHS_0626
BN-100TrT01WFR38;0.0;0.0;45.0;BNHS_0626
BN-100TrT01WFR39;0.0;0.0;45.0;BNHS_0626
BN-100TrT01WFR40;0.0;0.0;45.0;BNHS_0626
BN-100TrT01WFR41;0.0;0.0;45.0;BNHS_0626
BN-100TrT01WFR42;0.0;0.0;45.0;BNHS_0626
BN-100TrT01WFR43;0.0;0.0;45.0;BNHS_0626
BN-100TrT01WFR44;0.0;0.0;45.0;BNHS_0626
BN-100TrT01WFR45;0.0;0.0;45.0;BNHS_0626
BN-100TrT01WFR46;0.0;0.0;45.0;BNHS_0626
BN-100TrT01WFR47;0.0;0.0;45.0;BNHS_0626
BN-100TrT01WFR48;0.0;0.0;45.0;BNHS_0626
BN-100TrT01WFR49;0.0;0.0;45.0;BNHS_0626
BN-100TrT01WFR50;0.0;0.0;45.0;BNHS_0626
BN-103TrT01EFR1;0.0;0.0;45.0;BNHS_0626
BN-103TrT01EFR10;0.0;0.0;45.0;BNHS_0626
BN-103TrT01EFR11;0.0;0.0;45.0;BNHS_0626
BN-103TrT01EFR12;0.0;0.0;45.0;BNHS_0626
BN-103TrT01EFR13;0.0;0.0;45.0;BNHS_0626
BN-103TrT01EFR14;0.0;0.0;45.0;BNHS_0626
BN-103TrT01EFR15;0.0;0.0;45.0;BNHS_0626
BN-103TrT01EFR16;0.0;0.0;45.0;BNHS_0626
BN-103TrT01EFR17;0.0;0.0;45.0;BNHS_0626
BN-103TrT01EFR18;0.0;0.0;45.0;BNHS_0626
BN-103TrT01EFR19;0.0;0.0;45.0;BNHS_0626
BN-103TrT01EFR2;0.0;0.0;45.0;BNHS_0626
BN-103TrT01EFR20;0.0;0.0;45.0;BNHS_0626
BN-103TrT01EFR21;0.0;0.0;45.0;BNHS_0626
BN-103TrT01EFR22;0.0;0.0;45.0;BNHS_0626
BN-103TrT01EFR23;0.0;0.0;45.0;BNHS_0626
BN-103TrT01EFR3;0.0;0.0;45.0;BNHS_0626
BN-103TrT01EFR4;0.0;0.0;45.0;BNHS_0626
BN-103TrT01EFR5;0.0;0.0;45.0;BNHS_0626
BN-103TrT01EFR6;0.0;0.0;45.0;BNHS_0626
BN-103TrT01EFR7;0.0;0.0;45.0;BNHS_0626
BN-103TrT01EFR8;0.0;0.0;45.0;BNHS_0626
BN-103TrT01EFR9;0.0;0.0;45.0;BNHS_0626
BN-103TrT01WFR1;0.0;0.0;45.0;BNHS_0626
BN-103TrT01WFR2;0.0;0.0;45.0;BNHS_0626
BN-103TrT01WFR3;0.0;0.0;45.0;BNHS_0626
BN-103TrT01WFR4;0.0;0.0;45.0;BNHS_0626
BN-103TrT01WFR5;0.0;0.0;45.0;BNHS_0626
BN-109ChTrE3E2;0.0;0.0;45.0;BNHS_0626
BN-116TrRp0WR33;0.0;0.0;45.0;BNHS_0626
BN-116TrRp0WR34;0.0;0.0;45.0;BNHS_0626
BN-116TrRp0WR35;0.0;0.0;45.0;BNHS_0626
BN-116TrRp0WR36;0.0;0.0;45.0;BNHS_0626
BN-116TrRp0WR37;0.0;0.0;45.0;BNHS_0626
BN-116TrRp1ER1;0.0;0.0;45.0;BNHS_0626
BN-116TrRp1ER10;0.0;0.0;45.0;BNHS_0626
BN-116TrRp1ER11;0.0;0.0;45.0;BNHS_0626
BN-116TrRp1ER12;0.0;0.0;45.0;BNHS_0626
BN-116TrRp1ER13;0.0;0.0;45.0;BNHS_0626
BN-116TrRp1ER14;0.0;0.0;45.0;BNHS_0626
BN-116TrRp1ER15;0.0;0.0;45.0;BNHS_0626
BN-116TrRp1ER16;0.0;0.0;45.0;BNHS_0626
BN-116TrRp1ER17;0.0;0.0;45.0;BNHS_0626
BN-116TrRp1ER18;0.0;0.0;45.0;BNHS_0626
BN-116TrRp1ER19;0.0;0.0;45.0;BNHS_0626
BN-116TrRp1ER2;0.0;0.0;45.0;BNHS_0626
BN-116TrRp1ER20;0.0;0.0;45.0;BNHS_0626
BN-116TrRp1ER21;0.0;0.0;45.0;BNHS_0626
BN-116TrRp1ER22;0.0;0.0;45.0;BNHS_0626
BN-116TrRp1ER23;0.0;0.0;45.0;BNHS_0626
BN-116TrRp1ER24;0.0;0.0;45.0;BNHS_0626
BN-116TrRp1ER25;0.0;0.0;45.0;BNHS_0626
BN-116TrRp1ER26;0.0;0.0;45.0;BNHS_0626
BN-116TrRp1ER27;0.0;0.0;45.0;BNHS_0626
BN-116TrRp1ER28;0.0;0.0;45.0;BNHS_0626
BN-116TrRp1ER29;0.0;0.0;45.0;BNHS_0626
BN-116TrRp1ER3;0.0;0.0;45.0;BNHS_0626
BN-116TrRp1ER30;0.0;0.0;45.0;BNHS_0626
BN-116TrRp1ER31;0.0;0.0;45.0;BNHS_0626
BN-116TrRp1ER32;0.0;0.0;45.0;BNHS_0626
BN-116TrRp1ER33;0.0;0.0;45.0;BNHS_0626
BN-116TrRp1ER34;0.0;0.0;45.0;BNHS_0626
BN-116TrRp1ER35;0.0;0.0;45.0;BNHS_0626
BN-116TrRp1ER36;0.0;0.0;45.0;BNHS_0626
BN-116TrRp1ER37;0.0;0.0;45.0;BNHS_0626
BN-116TrRp1ER38;0.0;0.0;45.0;BNHS_0626
BN-116TrRp1ER39;0.0;0.0;45.0;BNHS_0626
BN-116TrRp1ER4;0.0;0.0;45.0;BNHS_0626
BN-116TrRp1ER40;0.0;0.0;45.0;BNHS_0626
BN-116TrRp1ER41;0.0;0.0;45.0;BNHS_0626
BN-116TrRp1ER42;0.0;0.0;45.0;BNHS_0626
BN-116TrRp1ER43;0.0;0.0;45.0;BNHS_0626
BN-116TrRp1ER44;0.0;0.0;45.0;BNHS_0626
BN-116TrRp1ER45;0.0;0.0;45.0;BNHS_0626
BN-116TrRp1ER5;0.0;0.0;45.0;BNHS_0626
BN-116TrRp1ER6;0.0;0.0;45.0;BNHS_0626
BN-116TrRp1ER7;0.0;0.0;45.0;BNHS_0626
BN-116TrRp1ER8;0.0;0.0;45.0;BNHS_0626
BN-116TrRp1ER9;0.0;0.0;45.0;BNHS_0626
BN-116TrRp2WR1;0.0;0.0;45.0;BNHS_0626
BN-116TrRp2WR10;0.0;0.0;45.0;BNHS_0626
BN-116TrRp2WR11;0.0;0.0;45.0;BNHS_0626
BN-116TrRp2WR2;0.0;0.0;45.0;BNHS_0626
BN-116TrRp2WR3;0.0;0.0;45.0;BNHS_0626
BN-116TrRp2WR4;0.0;0.0;45.0;BNHS_0626
BN-116TrRp2WR5;0.0;0.0;45.0;BNHS_0626
BN-116TrRp2WR6;0.0;0.0;45.0;BNHS_0626
BN-116TrRp2WR7;0.0;0.0;45.0;BNHS_0626
BN-116TrRp2WR8;0.0;0.0;45.0;BNHS_0626
BN-116TrRp2WR9;0.0;0.0;45.0;BNHS_0626
BN-120T01T5R10;0.0;0.0;45.0;BNHS_0626
BN-120T01T5R11;0.0;0.0;45.0;BNHS_0626
BN-120T01T5R12;0.0;0.0;45.0;BNHS_0626
BN-120T01T5R13;0.0;0.0;45.0;BNHS_0626
BN-120T01T5R14;0.0;0.0;45.0;BNHS_0626
BN-120T01T5R15;0.0;0.0;45.0;BNHS_0626
BN-120T01T5R16;0.0;0.0;45.0;BNHS_0626
BN-120T01T5R17;0.0;0.0;45.0;BNHS_0626
BN-120T01T5R18;0.0;0.0;45.0;BNHS_0626
BN-120T01T5R19;0.0;0.0;45.0;BNHS_0626
BN-120T01T5R2;0.0;0.0;45.0;BNHS_0626
BN-120T01T5R20;0.0;0.0;45.0;BNHS_0626
BN-120T01T5R21;0.0;0.0;45.0;BNHS_0626
BN-120T01T5R22;0.0;0.0;45.0;BNHS_0626
BN-120T01T5R23;0.0;0.0;45.0;BNHS_0626
BN-120T01T5R24;0.0;0.0;45.0;BNHS_0626
BN-120T01T5R25;0.0;0.0;45.0;BNHS_0626
BN-120T01T5R26;0.0;0.0;45.0;BNHS_0626
BN-120T01T5R27;0.0;0.0;45.0;BNHS_0626
BN-120T01T5R28;0.0;0.0;45.0;BNHS_0626
BN-120T01T5R29;0.0;0.0;45.0;BNHS_0626
BN-120T01T5R3;0.0;0.0;45.0;BNHS_0626
BN-120T01T5R30;0.0;0.0;45.0;BNHS_0626
BN-120T01T5R31;0.0;0.0;45.0;BNHS_0626
BN-120T01T5R32;0.0;0.0;45.0;BNHS_0626
BN-120T01T5R33;0.0;0.0;45.0;BNHS_0626
BN-120T01T5R4;0.0;0.0;45.0;BNHS_0626
BN-120T01T5R5;0.0;0.0;45.0;BNHS_0626
BN-120T01T5R6;0.0;0.0;45.0;BNHS_0626
BN-120T01T5R7;0.0;0.0;45.0;BNHS_0626
BN-120T01T5R8;0.0;0.0;45.0;BNHS_0626
BN-120T01T5R9;0.0;0.0;45.0;BNHS_0626
BN-120TrFOWR18;0.0;0.0;45.0;BNHS_0626
BN-120TrFOWR19;0.0;0.0;45.0;BNHS_0626
BN-120TrWP5F1;0.0;0.0;45.0;BNHS_0626
BN-120TrWP5F2;0.0;0.0;45.0;BNHS_0626
BN-120TrWP5F3;0.0;0.0;45.0;BNHS_0626
BN-120TrWP5F4;0.0;0.0;45.0;BNHS_0626
BN-120TrWP5F5;0.0;0.0;45.0;BNHS_0626
BN-120TrWP5F6;0.0;0.0;45.0;BNHS_0626
BN-120TrWP5F7;0.0;0.0;45.0;BNHS_0626
BN-120TrWP5F8;0.0;0.0;45.0;BNHS_0626
BN-120TrWP5F9;0.0;0.0;45.0;BNHS_0626
BN-124TrWR1;0.0;0.0;45.0;BNHS_0626
BN-124TrWR10;0.0;0.0;45.0;BNHS_0626
BN-124TrWR11;0.0;0.0;45.0;BNHS_0626
BN-124TrWR12;0.0;0.0;45.0;BNHS_0626
BN-124TrWR13;0.0;0.0;45.0;BNHS_0626
BN-124TrWR14;0.0;0.0;45.0;BNHS_0626
BN-124TrWR15;0.0;0.0;45.0;BNHS_0626
BN-124TrWR16;0.0;0.0;45.0;BNHS_0626
BN-124TrWR2;0.0;0.0;45.0;BNHS_0626
BN-124TrWR3;0.0;0.0;45.0;BNHS_0626
BN-124TrWR4;0.0;0.0;45.0;BNHS_0626
BN-124TrWR5;0.0;0.0;45.0;BNHS_0626
BN-124TrWR7;0.0;0.0;45.0;BNHS_0626
BN-124TrWR8;0.0;0.0;45.0;BNHS_0626
BN-124TrWR9;0.0;0.0;45.0;BNHS_0626
BN-40Taille02T5FR16;0.0;0.0;45.0;BNHS_0626
BN-40Taille02T5FR17;0.0;0.0;45.0;BNHS_0626
BN-40Taille02T5FR18;0.0;0.0;45.0;BNHS_0626
BN-40Taille02T5FR19;0.0;0.0;45.0;BNHS_0626
BN-40Taille02T5FR20;0.0;0.0;45.0;BNHS_0626
BN-40Taille02T5FR21;0.0;0.0;45.0;BNHS_0626
BN-40Taille02T5FR22;0.0;0.0;45.0;BNHS_0626
BN-40Taille02T5FR23;0.0;0.0;45.0;BNHS_0626
BN-40Taille02T5FR24;0.0;0.0;45.0;BNHS_0626
BN-40Taille02T5FR25;0.0;0.0;45.0;BNHS_0626
BN-40Taille02T5FR26;0.0;0.0;45.0;BNHS_0626
BN-40Taille02T5FR27;0.0;0.0;45.0;BNHS_0626
BN-40Taille02T5FR28;0.0;0.0;45.0;BNHS_0626
BN-40Taille02T5FR29;0.0;0.0;45.0;BNHS_0626
BN-40Taille02T5FR30;0.0;0.0;45.0;BNHS_0626
BN-40Taille02T5FR31;0.0;0.0;45.0;BNHS_0626
BN-40Taille02T5FR32;0.0;0.0;45.0;BNHS_0626
BN-40Taille02T5FR33;0.0;0.0;45.0;BNHS_0626
BN-40Taille02T6R1;0.0;0.0;45.0;BNHS_0626
BN-40Taille02T6R2;0.0;0.0;45.0;BNHS_0626
BN-40Taille02T6R3;0.0;0.0;45.0;BNHS_0626
BN-40Taille02T6R4;0.0;0.0;45.0;BNHS_0626
BN-40Taille02T6R5;0.0;0.0;45.0;BNHS_0626
BN-40Taille02T6R6;0.0;0.0;45.0;BNHS_0626
BN-40Taille03T5R29;0.0;0.0;45.0;BNHS_0626
BN-40Taille03TrE11R2;0.0;0.0;45.0;BNHS_0626
BN-40Taille03TrE11R3;0.0;0.0;45.0;BNHS_0626
BN-40Taille04Tr7FR17;0.0;0.0;45.0;BNHS_0626
BN-40Taille04Tr7FR18;0.0;0.0;45.0;BNHS_0626
BN-40Taille04Tr7FR19;0.0;0.0;45.0;BNHS_0626
BN-40Taille04Tr7FR20;0.0;0.0;45.0;BNHS_0626
BN-40Taille04Tr7FR21;0.0;0.0;45.0;BNHS_0626
BN-40Taille04Tr7FR22;0.0;0.0;45.0;BNHS_0626
BN-40Taille04Tr7FR23;0.0;0.0;45.0;BNHS_0626
BN-40Taille04Tr7FR24;0.0;0.0;45.0;BNHS_0626
BN-40Taille04Tr7FR25;0.0;0.0;45.0;BNHS_0626
BN-40Taille06T8FR13;0.0;0.0;45.0;BNHS_0626
BN-40Taille06T8FR14;0.0;0.0;45.0;BNHS_0626
BN-40Taille06T8FR15;0.0;0.0;45.0;BNHS_0626
BN-40Taille06T8FR16;0.0;0.0;45.0;BNHS_0626
BN-40TrER39F4;0.0;0.0;45.0;BNHS_0626
BN-40TrER39F7;0.0;0.0;45.0;BNHS_0626
BN-40TrP5WF148;0.0;0.0;45.0;BNHS_0626
BN-40TrTaille1CEE1;0.0;0.0;45.0;BNHS_0626
BN-40TrTaille1CEE10;0.0;0.0;45.0;BNHS_0626
BN-40TrTaille1CEE11;0.0;0.0;45.0;BNHS_0626
BN-40TrTaille1CEE2;0.0;0.0;45.0;BNHS_0626
BN-40TrTaille1CEE3;0.0;0.0;45.0;BNHS_0626
BN-40TrTaille1CEE4;0.0;0.0;45.0;BNHS_0626
BN-40TrTaille1CEE5;0.0;0.0;45.0;BNHS_0626
BN-40TrTaille1CEE6;0.0;0.0;45.0;BNHS_0626
BN-40TrTaille1CEE7;0.0;0.0;45.0;BNHS_0626
BN-40TrTaille1CEE8;0.0;0.0;45.0;BNHS_0626
BN-40TrTaille1CEE9;0.0;0.0;45.0;BNHS_0626
BN-80Taille01T7R125;0.0;0.0;45.0;BNHS_0626
BN-80Taille01T7R126;0.0;0.0;45.0;BNHS_0626
BN-80Taille01T7R127;0.0;0.0;45.0;BNHS_0626
BN-80Taille01T7R128;0.0;0.0;45.0;BNHS_0626
BN-80Taille01T7R129;0.0;0.0;45.0;BNHS_0626
BN-80Taille01T7R130;0.0;0.0;45.0;BNHS_0626
BN-80Taille01T7R131;0.0;0.0;45.0;BNHS_0626
BN-80Taille01T7R132;0.0;0.0;45.0;BNHS_0626
BN-80Taille01T7R133;0.0;0.0;45.0;BNHS_0626
BN-80Taille01T7R134;0.0;0.0;45.0;BNHS_0626
BN-80Taille01T7R135;0.0;0.0;45.0;BNHS_0626
BN-80Taille01T7R136;0.0;0.0;45.0;BNHS_0626
BN-80Taille01T7R137;0.0;0.0;45.0;BNHS_0626
BN-80Taille01T7R138;0.0;0.0;45.0;BNHS_0626
BN-80Taille01T7R139;0.0;0.0;45.0;BNHS_0626
BN-80Taille01T7R140;0.0;0.0;45.0;BNHS_0626
BN-80Taille02T6R13;0.0;0.0;45.0;BNHS_0626
BN-80Taille02T6R14;0.0;0.0;45.0;BNHS_0626
BN-80Taille03T14R20;0.0;0.0;45.0;BNHS_0626
BN-80Taille03T14R21;0.0;0.0;45.0;BNHS_0626
BN-80Taille03T14R23;0.0;0.0;45.0;BNHS_0626
BN-80Taille03T14R24;0.0;0.0;45.0;BNHS_0626
BN-80Taille03T16R1;0.0;0.0;45.0;BNHS_0626
BN-80Taille03T16R10;0.0;0.0;45.0;BNHS_0626
BN-80Taille03T16R11;0.0;0.0;45.0;BNHS_0626
BN-80Taille03T16R12;0.0;0.0;45.0;BNHS_0626
BN-80Taille03T16R13;0.0;0.0;45.0;BNHS_0626
BN-80Taille03T16R15;0.0;0.0;45.0;BNHS_0626
BN-80Taille03T16R16;0.0;0.0;45.0;BNHS_0626
BN-80Taille03T16R17;0.0;0.0;45.0;BNHS_0626
BN-80Taille03T16R18;0.0;0.0;45.0;BNHS_0626
BN-80Taille03T16R19;0.0;0.0;45.0;BNHS_0626
BN-80Taille03T16R2;0.0;0.0;45.0;BNHS_0626
BN-80Taille03T16R20;0.0;0.0;45.0;BNHS_0626
BN-80Taille03T16R21;0.0;0.0;45.0;BNHS_0626
BN-80Taille03T16R22;0.0;0.0;45.0;BNHS_0626
BN-80Taille03T16R23;0.0;0.0;45.0;BNHS_0626
BN-80Taille03T16R24;0.0;0.0;45.0;BNHS_0626
BN-80Taille03T16R25;0.0;0.0;45.0;BNHS_0626
BN-80Taille03T16R26;0.0;0.0;45.0;BNHS_0626
BN-80Taille03T16R27;0.0;0.0;45.0;BNHS_0626
BN-80Taille03T16R28;0.0;0.0;45.0;BNHS_0626
BN-80Taille03T16R29;0.0;0.0;45.0;BNHS_0626
BN-80Taille03T16R3;0.0;0.0;45.0;BNHS_0626
BN-80Taille03T16R30;0.0;0.0;45.0;BNHS_0626
BN-80Taille03T16R31;0.0;0.0;45.0;BNHS_0626
BN-80Taille03T16R32;0.0;0.0;45.0;BNHS_0626
BN-80Taille03T16R33;0.0;0.0;45.0;BNHS_0626
BN-80Taille03T16R4;0.0;0.0;45.0;BNHS_0626
BN-80Taille03T16R5;0.0;0.0;45.0;BNHS_0626
BN-80Taille03T16R7;0.0;0.0;45.0;BNHS_0626
BN-80Taille03T16R8;0.0;0.0;45.0;BNHS_0626
BN-80Taille03T16R9;0.0;0.0;45.0;BNHS_0626
BN-80Taille04T10R35;0.0;0.0;45.0;BNHS_0626
BN-80Taille04T10R7;0.0;0.0;45.0;BNHS_0626
BN-80Taille04T10R8;0.0;0.0;45.0;BNHS_0626
BN-80Taille04T11R1;0.0;0.0;45.0;BNHS_0626
BN-80Taille04T11R10;0.0;0.0;45.0;BNHS_0626
BN-80Taille04T11R11;0.0;0.0;45.0;BNHS_0626
BN-80Taille04T11R2;0.0;0.0;45.0;BNHS_0626
BN-80Taille04T11R3;0.0;0.0;45.0;BNHS_0626
BN-80Taille04T11R8;0.0;0.0;45.0;BNHS_0626
BN-80Taille04T11R9;0.0;0.0;45.0;BNHS_0626
BN-80Taille04T13R1;0.0;0.0;45.0;BNHS_0626
BN-80Taille04T13R10;0.0;0.0;45.0;BNHS_0626
BN-80Taille04T13R11;0.0;0.0;45.0;BNHS_0626
BN-80Taille04T13R12;0.0;0.0;45.0;BNHS_0626
BN-80Taille04T13R13;0.0;0.0;45.0;BNHS_0626
BN-80Taille04T13R14;0.0;0.0;45.0;BNHS_0626
BN-80Taille04T13R15;0.0;0.0;45.0;BNHS_0626
BN-80Taille04T13R19;0.0;0.0;45.0;BNHS_0626
BN-80Taille04T13R2;0.0;0.0;45.0;BNHS_0626
BN-80Taille04T13R20;0.0;0.0;45.0;BNHS_0626
BN-80Taille04T13R21;0.0;0.0;45.0;BNHS_0626
BN-80Taille04T13R22;0.0;0.0;45.0;BNHS_0626
BN-80Taille04T13R23;0.0;0.0;45.0;BNHS_0626
BN-80Taille04T13R24;0.0;0.0;45.0;BNHS_0626
BN-80Taille04T13R25;0.0;0.0;45.0;BNHS_0626
BN-80Taille04T13R26;0.0;0.0;45.0;BNHS_0626
BN-80Taille04T13R27;0.0;0.0;45.0;BNHS_0626
BN-80Taille04T13R28;0.0;0.0;45.0;BNHS_0626
BN-80Taille04T13R3;0.0;0.0;45.0;BNHS_0626
BN-80Taille04T13R4;0.0;0.0;45.0;BNHS_0626
BN-80Taille04T13R5;0.0;0.0;45.0;BNHS_0626
BN-80Taille04T13R6;0.0;0.0;45.0;BNHS_0626
BN-80Taille04T13R7;0.0;0.0;45.0;BNHS_0626
BN-80Taille04T13R8;0.0;0.0;45.0;BNHS_0626
BN-80Taille04T13R9;0.0;0.0;45.0;BNHS_0626
BN-80Taille04T14R5;0.0;0.0;45.0;BNHS_0626
BN-80Taille04T14R6;0.0;0.0;45.0;BNHS_0626
BN-80Taille04T14R7;0.0;0.0;45.0;BNHS_0626
BN-80Taille04T5R12;0.0;0.0;45.0;BNHS_0626
BN-80Taille04T5R13;0.0;0.0;45.0;BNHS_0626
BN-80Taille04T5R14;0.0;0.0;45.0;BNHS_0626
BN-80Taille04T5R16;0.0;0.0;45.0;BNHS_0626
BN-80Taille04T5R17;0.0;0.0;45.0;BNHS_0626
BN-80Taille05T11R29;0.0;0.0;45.0;BNHS_0626
BN-80Taille05T11R30;0.0;0.0;45.0;BNHS_0626
BN-80Taille05T11R31;0.0;0.0;45.0;BNHS_0626
BN-80Taille05T11R32;0.0;0.0;45.0;BNHS_0626
BN-80Taille05T11R33;0.0;0.0;45.0;BNHS_0626
BN-80Taille05T11R34;0.0;0.0;45.0;BNHS_0626
BN-80Taille05T11R35;0.0;0.0;45.0;BNHS_0626
BN-80Taille05T11R37;0.0;0.0;45.0;BNHS_0626
BN-80Taille05T11R55;0.0;0.0;45.0;BNHS_0626
BN-80Taille05T11R56;0.0;0.0;45.0;BNHS_0626
BN-80Taille05T11R57;0.0;0.0;45.0;BNHS_0626
BN-80Taille05T11R58;0.0;0.0;45.0;BNHS_0626
BN-80Taille05T11R59;0.0;0.0;45.0;BNHS_0626
BN-80Taille05T11R60;0.0;0.0;45.0;BNHS_0626
BN-80Taille1C20R1;0.0;0.0;45.0;BNHS_0626
BN-80Taille1C20R10;0.0;0.0;45.0;BNHS_0626
BN-80Taille1C20R11;0.0;0.0;45.0;BNHS_0626
BN-80Taille1C20R2;0.0;0.0;45.0;BNHS_0626
BN-80Taille1C20R3;0.0;0.0;45.0;BNHS_0626
BN-80Taille1C20R4;0.0;0.0;45.0;BNHS_0626
BN-80Taille1C20R5;0.0;0.0;45.0;BNHS_0626
BN-80Taille1C20R6;0.0;0.0;45.0;BNHS_0626
BN-80Taille1C20R7;0.0;0.0;45.0;BNHS_0626
BN-80Taille1C20R8;0.0;0.0;45.0;BNHS_0626
BN-80Taille1C20R9;0.0;0.0;45.0;BNHS_0626
BN-80Taille1W11R7;0.0;0.0;45.0;BNHS_0626
BN-80Taille1W11R9;0.0;0.0;45.0;BNHS_0626
BN-80TrTaille01B0F100;0.0;0.0;45.0;BNHS_0626
BN-80TrTaille01B0F101;0.0;0.0;45.0;BNHS_0626
BN-80TrTaille01B0F41;0.0;0.0;45.0;BNHS_0626
BN-80TrTaille01B0F42;0.0;0.0;45.0;BNHS_0626
BN-80TrTaille01B0F43;0.0;0.0;45.0;BNHS_0626
BN-80TrTaille01B0F44;0.0;0.0;45.0;BNHS_0626
BN-80TrTaille01B0F45;0.0;0.0;45.0;BNHS_0626
BN-80TrTaille01B0F46;0.0;0.0;45.0;BNHS_0626
BN-80TrTaille01B0F47;0.0;0.0;45.0;BNHS_0626
BN-80TrTaille01B0F48;0.0;0.0;45.0;BNHS_0626
BN-80TrTaille01B0F49;0.0;0.0;45.0;BNHS_0626
BN-80TrTaille01B0F50;0.0;0.0;45.0;BNHS_0626
BN-80TrTaille01B0F51;0.0;0.0;45.0;BNHS_0626
BN-80TrTaille01B0F52;0.0;0.0;45.0;BNHS_0626
BN-80TrTaille01B0F53;0.0;0.0;45.0;BNHS_0626
BN-80TrTaille01B0F54;0.0;0.0;45.0;BNHS_0626
BN-80TrTaille01B0F55;0.0;0.0;45.0;BNHS_0626
BN-80TrTaille01B0F56;0.0;0.0;45.0;BNHS_0626
BN-80TrTaille01B0F57;0.0;0.0;45.0;BNHS_0626
BN-80TrTaille01B0F58;0.0;0.0;45.0;BNHS_0626
BN-80TrTaille01B0F59;0.0;0.0;45.0;BNHS_0626
BN-80TrTaille01B0F60;0.0;0.0;45.0;BNHS_0626
BN-80TrTaille01B0F61;0.0;0.0;45.0;BNHS_0626
BN-80TrTaille01B0F62;0.0;0.0;45.0;BNHS_0626
BN-80TrTaille01B0F63;0.0;0.0;45.0;BNHS_0626
BN-80TrTaille01B0F64;0.0;0.0;45.0;BNHS_0626
BN-80TrTaille01B0F65;0.0;0.0;45.0;BNHS_0626
BN-80TrTaille01B0F66;0.0;0.0;45.0;BNHS_0626
BN-80TrTaille01B0F67;0.0;0.0;45.0;BNHS_0626
BN-80TrTaille01B0F68;0.0;0.0;45.0;BNHS_0626
BN-80TrTaille01B0F69;0.0;0.0;45.0;BNHS_0626
BN-80TrTaille01B0F70;0.0;0.0;45.0;BNHS_0626
BN-80TrTaille01B0F71;0.0;0.0;45.0;BNHS_0626
BN-80TrTaille01B0F72;0.0;0.0;45.0;BNHS_0626
BN-80TrTaille01B0F73;0.0;0.0;45.0;BNHS_0626
BN-80TrTaille01B0F74;0.0;0.0;45.0;BNHS_0626
BN-80TrTaille01B0F75;0.0;0.0;45.0;BNHS_0626
BN-80TrTaille01B0F76;0.0;0.0;45.0;BNHS_0626
BN-80TrTaille01B0F77;0.0;0.0;45.0;BNHS_0626
BN-80TrTaille01B0F78;0.0;0.0;45.0;BNHS_0626
BN-80TrTaille01B0F79;0.0;0.0;45.0;BNHS_0626
BN-80TrTaille01B0F80;0.0;0.0;45.0;BNHS_0626
BN-80TrTaille01B0F81;0.0;0.0;45.0;BNHS_0626
BN-80TrTaille01B0F82;0.0;0.0;45.0;BNHS_0626
BN-80TrTaille01B0F83;0.0;0.0;45.0;BNHS_0626
BN-80TrTaille01B0F84;0.0;0.0;45.0;BNHS_0626
BN-80TrTaille01B0F85;0.0;0.0;45.0;BNHS_0626
BN-80TrTaille01B0F86;0.0;0.0;45.0;BNHS_0626
BN-80TrTaille01B0F87;0.0;0.0;45.0;BNHS_0626
BN-80TrTaille01B0F88;0.0;0.0;45.0;BNHS_0626
BN-80TrTaille01B0F89;0.0;0.0;45.0;BNHS_0626
BN-80TrTaille01B0F90;0.0;0.0;45.0;BNHS_0626
BN-80TrTaille01B0F91;0.0;0.0;45.0;BNHS_0626
BN-80TrTaille01B0F92;0.0;0.0;45.0;BNHS_0626
BN-80TrTaille01B0F93;0.0;0.0;45.0;BNHS_0626
BN-80TrTaille01B0F94;0.0;0.0;45.0;BNHS_0626
BN-80TrTaille01B0F95;0.0;0.0;45.0;BNHS_0626
BN-80TrTaille01B0F96;0.0;0.0;45.0;BNHS_0626
BN-80TrTaille01B0F97;0.0;0.0;45.0;BNHS_0626
BN-80TrTaille01B0F98;0.0;0.0;45.0;BNHS_0626
BN-80TrTaille01B0F99;0.0;0.0;45.0;BNHS_0626
BN-80TrTaille01B2F16;0.0;0.0;45.0;BNHS_0626
BN-80TrTaille01B2F17;0.0;0.0;45.0;BNHS_0626
BN-80TrTaille01B2F18;0.0;0.0;45.0;BNHS_0626
BN-80TrTaille01B2F19;0.0;0.0;45.0;BNHS_0626
BN-80TrTaille01B2F20;0.0;0.0;45.0;BNHS_0626
BN-80TrTaille01B2F21;0.0;0.0;45.0;BNHS_0626
BN-80TrTaille01B2F22;0.0;0.0;45.0;BNHS_0626
BN-80TrTaille01B2F23;0.0;0.0;45.0;BNHS_0626
BN-80TrTaille01B2F24;0.0;0.0;45.0;BNHS_0626
BN-80TrTaille01B2F25;0.0;0.0;45.0;BNHS_0626
BN-80TrTaille01B2F26;0.0;0.0;45.0;BNHS_0626
BN-80TrTaille01B2F27;0.0;0.0;45.0;BNHS_0626
BN-80TrTaille01B2F28;0.0;0.0;45.0;BNHS_0626
BN-80TrTaille01B2F29;0.0;0.0;45.0;BNHS_0626
BN-80TrTaille01B2F30;0.0;0.0;45.0;BNHS_0626
BN-80TrTaille01B2F31;0.0;0.0;45.0;BNHS_0626
BN-80TrTaille01B2F32;0.0;0.0;45.0;BNHS_0626
BN-80TrTaille01B2F33;0.0;0.0;45.0;BNHS_0626
BN-80TrTaille01B2F34;0.0;0.0;45.0;BNHS_0626
BN-80TrTaille01B2F35;0.0;0.0;45.0;BNHS_0626
BN-80TrTaille01B2F36;0.0;0.0;45.0;BNHS_0626
BN-80TrTaille01B2F37;0.0;0.0;45.0;BNHS_0626
BN-80TrTaille01B2F38;0.0;0.0;45.0;BNHS_0626
BN-80TrTaille01B2F39;0.0;0.0;45.0;BNHS_0626
BN-80TrTaille01B2F40;0.0;0.0;45.0;BNHS_0626
BN-80TrTaille01B2F41;0.0;0.0;45.0;BNHS_0626
BN-80TrTaille01B2F42;0.0;0.0;45.0;BNHS_0626
BN-80TrTaille01B2F43;0.0;0.0;45.0;BNHS_0626
BN-80TrTaille01B2F44;0.0;0.0;45.0;BNHS_0626
BN-80TrTaille01B2F45;0.0;0.0;45.0;BNHS_0626
BN-80TrTaille01B2F46;0.0;0.0;45.0;BNHS_0626
BN-80TrTaille01B2F47;0.0;0.0;45.0;BNHS_0626
BN-80TrTaille01B2F48;0.0;0.0;45.0;BNHS_0626
BN-80TrTaille01B2F49;0.0;0.0;45.0;BNHS_0626
BN-80TrTaille01B2F50;0.0;0.0;45.0;BNHS_0626
BN-80TrTaille01B2F51;0.0;0.0;45.0;BNHS_0626
BN-80TrTaille01B2F52;0.0;0.0;45.0;BNHS_0626
BN-80TrTaille01B2F53;0.0;0.0;45.0;BNHS_0626
BN-80TrTaille01B2F54;0.0;0.0;45.0;BNHS_0626
BN-80TrTaille01B2F55;0.0;0.0;45.0;BNHS_0626
BN-80TrTaille01B2F56;0.0;0.0;45.0;BNHS_0626
BN-80TrTaille01B2F57;0.0;0.0;45.0;BNHS_0626
BN-80TrTaille01B2F58;0.0;0.0;45.0;BNHS_0626
BN-80TrTaille01B3F1;0.0;0.0;45.0;BNHS_0626
BN-80TrTaille01B3F14;0.0;0.0;45.0;BNHS_0626
BN-80TrTaille01B3F15;0.0;0.0;45.0;BNHS_0626
BN-80TrTaille01B3F16;0.0;0.0;45.0;BNHS_0626
BN-80TrTaille01B3F17;0.0;0.0;45.0;BNHS_0626
BN-80TrTaille01B3F18;0.0;0.0;45.0;BNHS_0626
BN-80TrTaille01B3F19;0.0;0.0;45.0;BNHS_0626
BN-80TrTaille01B3F4;0.0;0.0;45.0;BNHS_0626
BN-80TrTaille01B3F49;0.0;0.0;45.0;BNHS_0626
BN-80TrTaille01B3F50;0.0;0.0;45.0;BNHS_0626
BN-80TrTaille01B3F51;0.0;0.0;45.0;BNHS_0626
BN-80TrTaille01B3F52;0.0;0.0;45.0;BNHS_0626
BN-80TrTaille01B3F53;0.0;0.0;45.0;BNHS_0626
BN-80TrTaille01B3F54;0.0;0.0;45.0;BNHS_0626
BN-80TrTaille01B3F55;0.0;0.0;45.0;BNHS_0626
BN-80TrTaille01B3F56;0.0;0.0;45.0;BNHS_0626
BN-80TrTaille01B3F57;0.0;0.0;45.0;BNHS_0626
BN-80TrTaille01B3F58;0.0;0.0;45.0;BNHS_0626
BN-80TrTaille01B4F45;0.0;0.0;45.0;BNHS_0626
BN-80TrTaille01B4F46;0.0;0.0;45.0;BNHS_0626
BN-80TrTaille01B4F47;0.0;0.0;45.0;BNHS_0626
BN-80TrTaille01B4F48;0.0;0.0;45.0;BNHS_0626
BN-80TrTaille01B4F49;0.0;0.0;45.0;BNHS_0626
BN-80TrTaille01B4F50;0.0;0.0;45.0;BNHS_0626
BN-80TrTaille01B4F51;0.0;0.0;45.0;BNHS_0626
BN-80TrTaille01B4F52;0.0;0.0;45.0;BNHS_0626
BN-80TrTaille01B4F53;0.0;0.0;45.0;BNHS_0626
BN-80TrTaille01B4F54;0.0;0.0;45.0;BNHS_0626
BN-80TrTaille01B4F55;0.0;0.0;45.0;BNHS_0626
BN-80TrTaille01B4F56;0.0;0.0;45.0;BNHS_0626
BN-80TrTaille01B4F57;0.0;0.0;45.0;BNHS_0626
BN-80TrTaille01B6F1;0.0;0.0;45.0;BNHS_0626
BN-80TrTaille01B6F10;0.0;0.0;45.0;BNHS_0626
BN-80TrTaille01B6F11;0.0;0.0;45.0;BNHS_0626
BN-80TrTaille01B6F12;0.0;0.0;45.0;BNHS_0626
BN-80TrTaille01B6F13;0.0;0.0;45.0;BNHS_0626
BN-80TrTaille01B6F14;0.0;0.0;45.0;BNHS_0626
BN-80TrTaille01B6F15;0.0;0.0;45.0;BNHS_0626
BN-80TrTaille01B6F16;0.0;0.0;45.0;BNHS_0626
BN-80TrTaille01B6F17;0.0;0.0;45.0;BNHS_0626
BN-80TrTaille01B6F18;0.0;0.0;45.0;BNHS_0626
BN-80TrTaille01B6F19;0.0;0.0;45.0;BNHS_0626
BN-80TrTaille01B6F2;0.0;0.0;45.0;BNHS_0626
BN-80TrTaille01B6F20;0.0;0.0;45.0;BNHS_0626
BN-80TrTaille01B6F3;0.0;0.0;45.0;BNHS_0626
BN-80TrTaille01B6F4;0.0;0.0;45.0;BNHS_0626
BN-80TrTaille01B6F5;0.0;0.0;45.0;BNHS_0626
BN-80TrTaille01B6F6;0.0;0.0;45.0;BNHS_0626
BN-80TrTaille01B6F7;0.0;0.0;45.0;BNHS_0626
BN-80TrTaille01B6F8;0.0;0.0;45.0;BNHS_0626
BN-80TrTaille01B6F9;0.0;0.0;45.0;BNHS_0626
BN-80TrWF134;0.0;0.0;45.0;BNHS_0626
BN-80TrWF138;0.0;0.0;45.0;BNHS_0626
BN-80TrWF142;0.0;0.0;45.0;BNHS_0626
BN-80TrWF144;0.0;0.0;45.0;BNHS_0626
BN-80TrWF149;0.0;0.0;45.0;BNHS_0626
BN-80TrWF150;0.0;0.0;45.0;BNHS_0626
BN-80TrWF176;0.0;0.0;45.0;BNHS_0626
BN-80TrWF179;0.0;0.0;45.0;BNHS_0626
BN-80TrWF231;0.0;0.0;45.0;BNHS_0626
BN-80TrWF232;0.0;0.0;45.0;BNHS_0626
BN-80TrWF234;0.0;0.0;45.0;BNHS_0626
BN-80TrWF236;0.0;0.0;45.0;BNHS_0626
BN-80TrWF242;0.0;0.0;45.0;BNHS_0626
BN-80TrWF244;0.0;0.0;45.0;BNHS_0626
BN-80TrWF245;0.0;0.0;45.0;BNHS_0626
BN-80TrWF248;0.0;0.0;45.0;BNHS_0626
BN-88ChTrW3E3;0.0;0.0;45.0;BNHS_0626
BN-88ChTrW6E1;0.0;0.0;45.0;BNHS_0626
BN-88ChTrW6E3;0.0;0.0;45.0;BNHS_0626
BN-95ChTrE15E1;0.0;0.0;45.0;BNHS_0626
BNF11;0.0;0.0;45.0;BNHS_0626
BNF44Bis;0.0;0.0;45.0;BNHS_0626
S13;0.0;0.0;45.0;BNHS_0626
BN-102ChTrE10E1;0.0;0.0;44.0;BNHS_0626
BN-102ChTrE9E2;0.0;0.0;44.0;BNHS_0626
BN-103TrT01EFR24;0.0;0.0;44.0;BNHS_0626
BN-109ChTrE2E2;0.0;0.0;44.0;BNHS_0626
BN-120TrEP5F1;0.0;0.0;44.0;BNHS_0626
BN-120TrEP5F2;0.0;0.0;44.0;BNHS_0626
BN-120TrEP5F3;0.0;0.0;44.0;BNHS_0626
BN-120TrEP5F4;0.0;0.0;44.0;BNHS_0626
BN-120TrEP5F5;0.0;0.0;44.0;BNHS_0626
BN-120TrEP5F6;0.0;0.0;44.0;BNHS_0626
BN-120TrEP5F7;0.0;0.0;44.0;BNHS_0626
BN-80Taille05T11R10;0.0;0.0;44.0;BNHS_0626
BN-80Taille05T11R11;0.0;0.0;44.0;BNHS_0626
BN-80Taille05T11R12;0.0;0.0;44.0;BNHS_0626
BN-80Taille05T11R13;0.0;0.0;44.0;BNHS_0626
BN-80Taille05T11R14;0.0;0.0;44.0;BNHS_0626
BN-80Taille05T11R15;0.0;0.0;44.0;BNHS_0626
BN-80Taille05T11R16;0.0;0.0;44.0;BNHS_0626
BN-80Taille05T11R17;0.0;0.0;44.0;BNHS_0626
BN-80Taille05T11R18;0.0;0.0;44.0;BNHS_0626
BN-80Taille05T11R19;0.0;0.0;44.0;BNHS_0626
BN-80Taille05T11R9;0.0;0.0;44.0;BNHS_0626
BN-80Taille1W4R7;0.0;0.0;44.0;BNHS_0626
BN-80TrWF145;0.0;0.0;44.0;BNHS_0626
BN-80TrWF218;0.0;0.0;44.0;BNHS_0626
BN-80TrWF223;0.0;0.0;44.0;BNHS_0626
BN-95ChTrE7E2;0.0;0.0;44.0;BNHS_0626
BN-102ChTrE2E2;0.0;0.0;43.0;BNHS_0626
BN-103TrT01EFR25;0.0;0.0;43.0;BNHS_0626
BN-109TrP5ER11;0.0;0.0;43.0;BNHS_0626
BN-109TrP5ER12;0.0;0.0;43.0;BNHS_0626
BN-109TrP5ER13;0.0;0.0;43.0;BNHS_0626
BN-109TrP5F10;0.0;0.0;43.0;BNHS_0626
BN-109TrP5F11;0.0;0.0;43.0;BNHS_0626
BN-109TrP5F12;0.0;0.0;43.0;BNHS_0626
BN-109TrP5F13;0.0;0.0;43.0;BNHS_0626
BN-109TrP5F14;0.0;0.0;43.0;BNHS_0626
BN-109TrP5F15;0.0;0.0;43.0;BNHS_0626
BN-109TrP5F16;0.0;0.0;43.0;BNHS_0626
BN-109TrP5F17;0.0;0.0;43.0;BNHS_0626
BN-109TrP5F18;0.0;0.0;43.0;BNHS_0626
BN-109TrP5F19;0.0;0.0;43.0;BNHS_0626
BN-109TrP5F2;0.0;0.0;43.0;BNHS_0626
BN-109TrP5F20;0.0;0.0;43.0;BNHS_0626
BN-109TrP5F21;0.0;0.0;43.0;BNHS_0626
BN-109TrP5F22;0.0;0.0;43.0;BNHS_0626
BN-109TrP5F23;0.0;0.0;43.0;BNHS_0626
BN-109TrP5F24;0.0;0.0;43.0;BNHS_0626
BN-109TrP5F25;0.0;0.0;43.0;BNHS_0626
BN-109TrP5F26;0.0;0.0;43.0;BNHS_0626
BN-109TrP5F27;0.0;0.0;43.0;BNHS_0626
BN-109TrP5F28;0.0;0.0;43.0;BNHS_0626
BN-109TrP5F29;0.0;0.0;43.0;BNHS_0626
BN-109TrP5F3;0.0;0.0;43.0;BNHS_0626
BN-109TrP5F30;0.0;0.0;43.0;BNHS_0626
BN-109TrP5F31;0.0;0.0;43.0;BNHS_0626
BN-109TrP5F36;0.0;0.0;43.0;BNHS_0626
BN-109TrP5F37;0.0;0.0;43.0;BNHS_0626
BN-109TrP5F38;0.0;0.0;43.0;BNHS_0626
BN-109TrP5F4;0.0;0.0;43.0;BNHS_0626
BN-109TrP5F5;0.0;0.0;43.0;BNHS_0626
BN-109TrP5F7;0.0;0.0;43.0;BNHS_0626
BN-109TrP5F8;0.0;0.0;43.0;BNHS_0626
BN-109TrP5F9;0.0;0.0;43.0;BNHS_0626
BN-109TrP5FE1;0.0;0.0;43.0;BNHS_0626
BN-109TrP5FW2;0.0;0.0;43.0;BNHS_0626
BN-120TrEP5F8;0.0;0.0;43.0;BNHS_0626
BN-120TrEP5F9;0.0;0.0;43.0;BNHS_0626
BN-40Taille03TrEFR35;0.0;0.0;43.0;BNHS_0626
BN-40Taille03TrEFR36;0.0;0.0;43.0;BNHS_0626
BN-40Taille03TrEFR37;0.0;0.0;43.0;BNHS_0626
BN-40Taille03TrEFR38;0.0;0.0;43.0;BNHS_0626
BN-40Taille03TrEFR39;0.0;0.0;43.0;BNHS_0626
BN-40TrP5WF139;0.0;0.0;43.0;BNHS_0626
BN-40TrP5WF224;0.0;0.0;43.0;BNHS_0626
BN-40TrP5WF246;0.0;0.0;43.0;BNHS_0626
BN-80Taille01T7R122;0.0;0.0;43.0;BNHS_0626
BN-80Taille01T7R123;0.0;0.0;43.0;BNHS_0626
BN-80Taille01T7R124;0.0;0.0;43.0;BNHS_0626
BN-80Taille04T10R11;0.0;0.0;43.0;BNHS_0626
BN-80Taille04T10R13;0.0;0.0;43.0;BNHS_0626
BN-80Taille04T10R4;0.0;0.0;43.0;BNHS_0626
BN-80Taille04T10R5;0.0;0.0;43.0;BNHS_0626
BN-80Taille04T10R6;0.0;0.0;43.0;BNHS_0626
BN-80Taille04T10R9;0.0;0.0;43.0;BNHS_0626
BN-80Taille05T11R1;0.0;0.0;43.0;BNHS_0626
BN-80Taille05T11R2;0.0;0.0;43.0;BNHS_0626
BN-80Taille05T11R27;0.0;0.0;43.0;BNHS_0626
BN-80Taille05T11R3;0.0;0.0;43.0;BNHS_0626
BN-80Taille05T11R4;0.0;0.0;43.0;BNHS_0626
BN-80Taille05T11R5;0.0;0.0;43.0;BNHS_0626
BN-80Taille05T11R6;0.0;0.0;43.0;BNHS_0626
BN-80Taille05T11R7;0.0;0.0;43.0;BNHS_0626
BN-80Taille05T11R8;0.0;0.0;43.0;BNHS_0626
BN-80TrWF185;0.0;0.0;43.0;BNHS_0626
BN-80TrWF186;0.0;0.0;43.0;BNHS_0626
BN-80TrWF217;0.0;0.0;43.0;BNHS_0626
BN-80TrWF269;0.0;0.0;43.0;BNHS_0626
BN-88BisChTrW3E1;0.0;0.0;43.0;BNHS_0626
BN-88BisChTrW3E2;0.0;0.0;43.0;BNHS_0626
BN-88BisChTrW3E3;0.0;0.0;43.0;BNHS_0626
BN-95ChTrE5E2;0.0;0.0;43.0;BNHS_0626
BN-95TrP5R1;0.0;0.0;43.0;BNHS_0626
BN-95TrP5R10;0.0;0.0;43.0;BNHS_0626
BN-95TrP5R11;0.0;0.0;43.0;BNHS_0626
BN-95TrP5R12;0.0;0.0;43.0;BNHS_0626
BN-95TrP5R13;0.0;0.0;43.0;BNHS_0626
BN-95TrP5R14;0.0;0.0;43.0;BNHS_0626
BN-95TrP5R15;0.0;0.0;43.0;BNHS_0626
BN-95TrP5R16;0.0;0.0;43.0;BNHS_0626
BN-95TrP5R17;0.0;0.0;43.0;BNHS_0626
BN-95TrP5R18;0.0;0.0;43.0;BNHS_0626
BN-95TrP5R19;0.0;0.0;43.0;BNHS_0626
BN-95TrP5R2;0.0;0.0;43.0;BNHS_0626
BN-95TrP5R20;0.0;0.0;43.0;BNHS_0626
BN-95TrP5R21;0.0;0.0;43.0;BNHS_0626
BN-95TrP5R22;0.0;0.0;43.0;BNHS_0626
BN-95TrP5R23;0.0;0.0;43.0;BNHS_0626
BN-95TrP5R24;0.0;0.0;43.0;BNHS_0626
BN-95TrP5R25;0.0;0.0;43.0;BNHS_0626
BN-95TrP5R26;0.0;0.0;43.0;BNHS_0626
BN-95TrP5R3;0.0;0.0;43.0;BNHS_0626
BN-95TrP5R30;0.0;0.0;43.0;BNHS_0626
BN-95TrP5R31;0.0;0.0;43.0;BNHS_0626
BN-95TrP5R32;0.0;0.0;43.0;BNHS_0626
BN-95TrP5R33;0.0;0.0;43.0;BNHS_0626
BN-95TrP5R39;0.0;0.0;43.0;BNHS_0626
BN-95TrP5R4;0.0;0.0;43.0;BNHS_0626
BN-95TrP5R40;0.0;0.0;43.0;BNHS_0626
BN-95TrP5R41;0.0;0.0;43.0;BNHS_0626
BN-95TrP5R42;0.0;0.0;43.0;BNHS_0626
BN-95TrP5R43;0.0;0.0;43.0;BNHS_0626
BN-95TrP5R44;0.0;0.0;43.0;BNHS_0626
BN-95TrP5R45;0.0;0.0;43.0;BNHS_0626
BN-95TrP5R46;0.0;0.0;43.0;BNHS_0626
BN-95TrP5R5;0.0;0.0;43.0;BNHS_0626
BN-95TrP5R6;0.0;0.0;43.0;BNHS_0626
BN-95TrP5R7;0.0;0.0;43.0;BNHS_0626
BN-95TrP5R8;0.0;0.0;43.0;BNHS_0626
BN-95TrP5R9;0.0;0.0;43.0;BNHS_0626
BN-100TailleSt14FR10;0.0;0.0;42.0;BNHS_0626
BN-100TailleSt14FR11;0.0;0.0;42.0;BNHS_0626
BN-100TailleSt14FR12;0.0;0.0;42.0;BNHS_0626
BN-100TailleSt14FR7;0.0;0.0;42.0;BNHS_0626
BN-100TailleSt14FR8;0.0;0.0;42.0;BNHS_0626
BN-100TailleSt14FR9;0.0;0.0;42.0;BNHS_0626
BN-100TailleSt14R1;0.0;0.0;42.0;BNHS_0626
BN-100TailleSt14R2;0.0;0.0;42.0;BNHS_0626
BN-100TailleSt14R3;0.0;0.0;42.0;BNHS_0626
BN-100TrP5BisER1;0.0;0.0;42.0;BNHS_0626
BN-100TrP5BisER10;0.0;0.0;42.0;BNHS_0626
BN-100TrP5BisER11;0.0;0.0;42.0;BNHS_0626
BN-100TrP5BisER12;0.0;0.0;42.0;BNHS_0626
BN-100TrP5BisER2;0.0;0.0;42.0;BNHS_0626
BN-100TrP5BisER3;0.0;0.0;42.0;BNHS_0626
BN-100TrP5BisER5;0.0;0.0;42.0;BNHS_0626
BN-100TrP5BisER6;0.0;0.0;42.0;BNHS_0626
BN-100TrP5BisER7;0.0;0.0;42.0;BNHS_0626
BN-100TrP5BisER8;0.0;0.0;42.0;BNHS_0626
BN-100TrP5BisER9;0.0;0.0;42.0;BNHS_0626
BN-102TrP5ER19;0.0;0.0;42.0;BNHS_0626
BN-102TrP5ER20;0.0;0.0;42.0;BNHS_0626
BN-102TrP5ER21;0.0;0.0;42.0;BNHS_0626
BN-102TrP5ER22;0.0;0.0;42.0;BNHS_0626
BN-102TrP5ER23;0.0;0.0;42.0;BNHS_0626
BN-103TrT01EFR26;0.0;0.0;42.0;BNHS_0626
BN-109TrP5BisER1;0.0;0.0;42.0;BNHS_0626
BN-109TrP5BisER10;0.0;0.0;42.0;BNHS_0626
BN-109TrP5BisER11;0.0;0.0;42.0;BNHS_0626
BN-109TrP5BisER12;0.0;0.0;42.0;BNHS_0626
BN-109TrP5BisER13;0.0;0.0;42.0;BNHS_0626
BN-109TrP5BisER14;0.0;0.0;42.0;BNHS_0626
BN-109TrP5BisER15;0.0;0.0;42.0;BNHS_0626
BN-109TrP5BisER16;0.0;0.0;42.0;BNHS_0626
BN-109TrP5BisER17;0.0;0.0;42.0;BNHS_0626
BN-109TrP5BisER18;0.0;0.0;42.0;BNHS_0626
BN-109TrP5BisER19;0.0;0.0;42.0;BNHS_0626
BN-109TrP5BisER2;0.0;0.0;42.0;BNHS_0626
BN-109TrP5BisER20;0.0;0.0;42.0;BNHS_0626
BN-109TrP5BisER21;0.0;0.0;42.0;BNHS_0626
BN-109TrP5BisER22;0.0;0.0;42.0;BNHS_0626
BN-109TrP5BisER23;0.0;0.0;42.0;BNHS_0626
BN-109TrP5BisER24;0.0;0.0;42.0;BNHS_0626
BN-109TrP5BisER25;0.0;0.0;42.0;BNHS_0626
BN-109TrP5BisER3;0.0;0.0;42.0;BNHS_0626
BN-109TrP5BisER4;0.0;0.0;42.0;BNHS_0626
BN-109TrP5BisER5;0.0;0.0;42.0;BNHS_0626
BN-109TrP5BisER6;0.0;0.0;42.0;BNHS_0626
BN-109TrP5BisER7;0.0;0.0;42.0;BNHS_0626
BN-109TrP5BisER8;0.0;0.0;42.0;BNHS_0626
BN-109TrP5BisER9;0.0;0.0;42.0;BNHS_0626
BN-109TrP5BisWR1;0.0;0.0;42.0;BNHS_0626
BN-109TrP5BisWR10;0.0;0.0;42.0;BNHS_0626
BN-109TrP5BisWR11;0.0;0.0;42.0;BNHS_0626
BN-109TrP5BisWR12;0.0;0.0;42.0;BNHS_0626
BN-109TrP5BisWR13;0.0;0.0;42.0;BNHS_0626
BN-109TrP5BisWR14;0.0;0.0;42.0;BNHS_0626
BN-109TrP5BisWR15;0.0;0.0;42.0;BNHS_0626
BN-109TrP5BisWR16;0.0;0.0;42.0;BNHS_0626
BN-109TrP5BisWR17;0.0;0.0;42.0;BNHS_0626
BN-109TrP5BisWR18;0.0;0.0;42.0;BNHS_0626
BN-109TrP5BisWR19;0.0;0.0;42.0;BNHS_0626
BN-109TrP5BisWR2;0.0;0.0;42.0;BNHS_0626
BN-109TrP5BisWR20;0.0;0.0;42.0;BNHS_0626
BN-109TrP5BisWR3;0.0;0.0;42.0;BNHS_0626
BN-109TrP5BisWR4;0.0;0.0;42.0;BNHS_0626
BN-109TrP5BisWR5;0.0;0.0;42.0;BNHS_0626
BN-109TrP5BisWR6;0.0;0.0;42.0;BNHS_0626
BN-109TrP5BisWR7;0.0;0.0;42.0;BNHS_0626
BN-109TrP5BisWR8;0.0;0.0;42.0;BNHS_0626
BN-109TrP5BisWR9;0.0;0.0;42.0;BNHS_0626
BN-120T01TrFR1;0.0;0.0;42.0;BNHS_0626
BN-120T01TrFR10;0.0;0.0;42.0;BNHS_0626
BN-120T01TrFR11;0.0;0.0;42.0;BNHS_0626
BN-120T01TrFR12;0.0;0.0;42.0;BNHS_0626
BN-120T01TrFR13;0.0;0.0;42.0;BNHS_0626
BN-120T01TrFR14;0.0;0.0;42.0;BNHS_0626
BN-120T01TrFR15;0.0;0.0;42.0;BNHS_0626
BN-120T01TrFR16;0.0;0.0;42.0;BNHS_0626
BN-120T01TrFR17;0.0;0.0;42.0;BNHS_0626
BN-120T01TrFR18;0.0;0.0;42.0;BNHS_0626
BN-120T01TrFR19;0.0;0.0;42.0;BNHS_0626
BN-120T01TrFR2;0.0;0.0;42.0;BNHS_0626
BN-120T01TrFR20;0.0;0.0;42.0;BNHS_0626
BN-120T01TrFR21;0.0;0.0;42.0;BNHS_0626
BN-120T01TrFR22;0.0;0.0;42.0;BNHS_0626
BN-120T01TrFR23;0.0;0.0;42.0;BNHS_0626
BN-120T01TrFR3;0.0;0.0;42.0;BNHS_0626
BN-120T01TrFR4;0.0;0.0;42.0;BNHS_0626
BN-120T01TrFR5;0.0;0.0;42.0;BNHS_0626
BN-120T01TrFR6;0.0;0.0;42.0;BNHS_0626
BN-120T01TrFR7;0.0;0.0;42.0;BNHS_0626
BN-120T01TrFR8;0.0;0.0;42.0;BNHS_0626
BN-120T01TrFR9;0.0;0.0;42.0;BNHS_0626
BN-120TrFOER26;0.0;0.0;42.0;BNHS_0626
BN-120TrFOER27;0.0;0.0;42.0;BNHS_0626
BN-40Taille03T13R6;0.0;0.0;42.0;BNHS_0626
BN-40Taille03T14R10;0.0;0.0;42.0;BNHS_0626
BN-40Taille03T14R7;0.0;0.0;42.0;BNHS_0626
BN-40Taille03T14R8;0.0;0.0;42.0;BNHS_0626
BN-40Taille03T14R9;0.0;0.0;42.0;BNHS_0626
BN-40Taille03TrE11R17;0.0;0.0;42.0;BNHS_0626
BN-40Taille06T10R1;0.0;0.0;42.0;BNHS_0626
BN-40Taille06T10R11;0.0;0.0;42.0;BNHS_0626
BN-40Taille06T10R12;0.0;0.0;42.0;BNHS_0626
BN-40Taille06T10R13;0.0;0.0;42.0;BNHS_0626
BN-40Taille06T10R14;0.0;0.0;42.0;BNHS_0626
BN-40Taille06T10R15;0.0;0.0;42.0;BNHS_0626
BN-40Taille06T10R16;0.0;0.0;42.0;BNHS_0626
BN-40Taille06T10R17;0.0;0.0;42.0;BNHS_0626
BN-40Taille06T10R18;0.0;0.0;42.0;BNHS_0626
BN-40Taille06T10R19;0.0;0.0;42.0;BNHS_0626
BN-40Taille06T10R2;0.0;0.0;42.0;BNHS_0626
BN-40Taille06T10R3;0.0;0.0;42.0;BNHS_0626
BN-40Taille06T10R4;0.0;0.0;42.0;BNHS_0626
BN-40Taille06T10R5;0.0;0.0;42.0;BNHS_0626
BN-40Taille06T10R6;0.0;0.0;42.0;BNHS_0626
BN-40Taille06T10R7;0.0;0.0;42.0;BNHS_0626
BN-40Taille1WTrW7FR3;0.0;0.0;42.0;BNHS_0626
BN-40Taille1WTrW7FR4;0.0;0.0;42.0;BNHS_0626
BN-40Taille1WTrW7FR5;0.0;0.0;42.0;BNHS_0626
BN-40TrP5WF238;0.0;0.0;42.0;BNHS_0626
BN-80Taille01T7R1;0.0;0.0;42.0;BNHS_0626
BN-80Taille01T7R2;0.0;0.0;42.0;BNHS_0626
BN-80Taille01T7R3;0.0;0.0;42.0;BNHS_0626
BN-80Taille01T7R4;0.0;0.0;42.0;BNHS_0626
BN-80Taille01T7R5;0.0;0.0;42.0;BNHS_0626
BN-80Taille02T6R20;0.0;0.0;42.0;BNHS_0626
BN-80Taille02T6R21;0.0;0.0;42.0;BNHS_0626
BN-80Taille02T6R22;0.0;0.0;42.0;BNHS_0626
BN-80Taille02T6R23;0.0;0.0;42.0;BNHS_0626
BN-80Taille02T6R24;0.0;0.0;42.0;BNHS_0626
BN-80Taille03T13R24;0.0;0.0;42.0;BNHS_0626
BN-80Taille03T13R25;0.0;0.0;42.0;BNHS_0626
BN-80Taille03T13R26;0.0;0.0;42.0;BNHS_0626
BN-80Taille03T13R27;0.0;0.0;42.0;BNHS_0626
BN-80Taille03T13R28;0.0;0.0;42.0;BNHS_0626
BN-80Taille03T13R29;0.0;0.0;42.0;BNHS_0626
BN-80Taille03T13R30;0.0;0.0;42.0;BNHS_0626
BN-80Taille03T13R31;0.0;0.0;42.0;BNHS_0626
BN-80Taille03T13R32;0.0;0.0;42.0;BNHS_0626
BN-80Taille03T13R33;0.0;0.0;42.0;BNHS_0626
BN-80Taille03T13R34;0.0;0.0;42.0;BNHS_0626
BN-80Taille03T13R35;0.0;0.0;42.0;BNHS_0626
BN-80Taille03T14R16;0.0;0.0;42.0;BNHS_0626
BN-80Taille03T14R17;0.0;0.0;42.0;BNHS_0626
BN-80Taille03T14R18;0.0;0.0;42.0;BNHS_0626
BN-80Taille04T10R14;0.0;0.0;42.0;BNHS_0626
BN-80Taille04T10R15;0.0;0.0;42.0;BNHS_0626
BN-80Taille04T11R12;0.0;0.0;42.0;BNHS_0626
BN-80Taille04T11R13;0.0;0.0;42.0;BNHS_0626
BN-80Taille05T11R20;0.0;0.0;42.0;BNHS_0626
BN-80Taille05T11R21;0.0;0.0;42.0;BNHS_0626
BN-80Taille05T11R22;0.0;0.0;42.0;BNHS_0626
BN-80Taille05T11R23;0.0;0.0;42.0;BNHS_0626
BN-80Taille05T11R24;0.0;0.0;42.0;BNHS_0626
BN-80Taille05T11R25;0.0;0.0;42.0;BNHS_0626
BN-80Taille05T11R26;0.0;0.0;42.0;BNHS_0626
BN-80Taille06T7R3;0.0;0.0;42.0;BNHS_0626
BN-80Taille06T7R4;0.0;0.0;42.0;BNHS_0626
BN-80Taille06T7R5;0.0;0.0;42.0;BNHS_0626
BN-80Taille06T7R6;0.0;0.0;42.0;BNHS_0626
BN-80Taille1W7R81;0.0;0.0;42.0;BNHS_0626
BN-80Taille1W7R86;0.0;0.0;42.0;BNHS_0626
BN-80TrWF257;0.0;0.0;42.0;BNHS_0626
BN-88BisChTrE1E2;0.0;0.0;42.0;BNHS_0626
BN-88BisChTrE2E2;0.0;0.0;42.0;BNHS_0626
BN-88ChTrE11E2;0.0;0.0;42.0;BNHS_0626
BN-88ChTrE11E3;0.0;0.0;42.0;BNHS_0626
BN-88TrP5WR109;0.0;0.0;42.0;BNHS_0626
BN-88TrP5WR110;0.0;0.0;42.0;BNHS_0626
BN-88TrP5WR111;0.0;0.0;42.0;BNHS_0626
BN-88TrP5WR112;0.0;0.0;42.0;BNHS_0626
BN-88TrP5WR114;0.0;0.0;42.0;BNHS_0626
BN-95ChTrE10E2;0.0;0.0;42.0;BNHS_0626
BN-95ChTrE11E1;0.0;0.0;42.0;BNHS_0626
BN-95ChTrE17E2;0.0;0.0;42.0;BNHS_0626
BN-95TrP5R27;0.0;0.0;42.0;BNHS_0626
BN-95TrP5R28;0.0;0.0;42.0;BNHS_0626
BN-95TrP5R29;0.0;0.0;42.0;BNHS_0626
BN-95TrP5R34;0.0;0.0;42.0;BNHS_0626
BN-95TrP5R35;0.0;0.0;42.0;BNHS_0626
BN-95TrP5R36;0.0;0.0;42.0;BNHS_0626
BN-95TrP5R37;0.0;0.0;42.0;BNHS_0626
BN-95TrP5R38;0.0;0.0;42.0;BNHS_0626
BN-102TrP5ER33;0.0;0.0;41.0;BNHS_0626
BN-102TrP5ER34;0.0;0.0;41.0;BNHS_0626
BN-102TrP5ER35;0.0;0.0;41.0;BNHS_0626
BN-102TrP5ER36;0.0;0.0;41.0;BNHS_0626
BN-102TrP5ER37;0.0;0.0;41.0;BNHS_0626
BN-102TrP5ER38;0.0;0.0;41.0;BNHS_0626
BN-102TrP5ER39;0.0;0.0;41.0;BNHS_0626
BN-102TrP5ER40;0.0;0.0;41.0;BNHS_0626
BN-102TrP5ER41;0.0;0.0;41.0;BNHS_0626
BN-102TrP5ER42;0.0;0.0;41.0;BNHS_0626
BN-103TrT01EFR27;0.0;0.0;41.0;BNHS_0626
BN-40Taille06T8FR10;0.0;0.0;41.0;BNHS_0626
BN-40Taille06T8FR11;0.0;0.0;41.0;BNHS_0626
BN-40Taille06T8FR12;0.0;0.0;41.0;BNHS_0626
BN-40Taille06T8FR5;0.0;0.0;41.0;BNHS_0626
BN-40Taille06T8FR6;0.0;0.0;41.0;BNHS_0626
BN-40Taille06T8FR7;0.0;0.0;41.0;BNHS_0626
BN-40Taille06T8FR8;0.0;0.0;41.0;BNHS_0626
BN-40Taille06T8FR9;0.0;0.0;41.0;BNHS_0626
BN-80Taille03Tr12R17;0.0;0.0;41.0;BNHS_0626
BN-80Taille03Tr12R18;0.0;0.0;41.0;BNHS_0626
BN-80Taille03Tr12R19;0.0;0.0;41.0;BNHS_0626
BN-80Taille03Tr12R20;0.0;0.0;41.0;BNHS_0626
BN-80Taille03Tr12R21;0.0;0.0;41.0;BNHS_0626
BN-80Taille1W4R59;0.0;0.0;41.0;BNHS_0626
BN-95ChTrE6E1;0.0;0.0;41.0;BNHS_0626
BN-100TailleSt1W1R5;0.0;0.0;40.0;BNHS_0626
BN-100TrP5BisWR10;0.0;0.0;40.0;BNHS_0626
BN-100TrP5BisWR11;0.0;0.0;40.0;BNHS_0626
BN-100TrP5BisWR12;0.0;0.0;40.0;BNHS_0626
BN-100TrP5BisWR13;0.0;0.0;40.0;BNHS_0626
BN-100TrP5BisWR14;0.0;0.0;40.0;BNHS_0626
BN-100TrP5BisWR15;0.0;0.0;40.0;BNHS_0626
BN-100TrP5BisWR16;0.0;0.0;40.0;BNHS_0626
BN-100TrP5BisWR17;0.0;0.0;40.0;BNHS_0626
BN-100TrP5BisWR18;0.0;0.0;40.0;BNHS_0626
BN-100TrP5BisWR19;0.0;0.0;40.0;BNHS_0626
BN-100TrP5BisWR20;0.0;0.0;40.0;BNHS_0626
BN-100TrP5BisWR21;0.0;0.0;40.0;BNHS_0626
BN-100TrP5BisWR22;0.0;0.0;40.0;BNHS_0626
BN-100TrP5BisWR23;0.0;0.0;40.0;BNHS_0626
BN-100TrP5BisWR24;0.0;0.0;40.0;BNHS_0626
BN-100TrP5BisWR25;0.0;0.0;40.0;BNHS_0626
BN-100TrP5BisWR26;0.0;0.0;40.0;BNHS_0626
BN-100TrP5BisWR27;0.0;0.0;40.0;BNHS_0626
BN-100TrP5BisWR28;0.0;0.0;40.0;BNHS_0626
BN-100TrP5BisWR29;0.0;0.0;40.0;BNHS_0626
BN-100TrP5BisWR30;0.0;0.0;40.0;BNHS_0626
BN-100TrP5BisWR31;0.0;0.0;40.0;BNHS_0626
BN-100TrP5BisWR32;0.0;0.0;40.0;BNHS_0626
BN-100TrP5BisWR33;0.0;0.0;40.0;BNHS_0626
BN-100TrP5BisWR34;0.0;0.0;40.0;BNHS_0626
BN-100TrP5BisWR35;0.0;0.0;40.0;BNHS_0626
BN-100TrP5BisWR36;0.0;0.0;40.0;BNHS_0626
BN-100TrP5BisWR37;0.0;0.0;40.0;BNHS_0626
BN-100TrP5BisWR38;0.0;0.0;40.0;BNHS_0626
BN-100TrP5BisWR39;0.0;0.0;40.0;BNHS_0626
BN-100TrP5BisWR40;0.0;0.0;40.0;BNHS_0626
BN-100TrP5BisWR41;0.0;0.0;40.0;BNHS_0626
BN-100TrP5BisWR42;0.0;0.0;40.0;BNHS_0626
BN-100TrP5BisWR43;0.0;0.0;40.0;BNHS_0626
BN-100TrP5BisWR44;0.0;0.0;40.0;BNHS_0626
BN-100TrP5BisWR9;0.0;0.0;40.0;BNHS_0626
BN-100TrSt1WR2;0.0;0.0;40.0;BNHS_0626
BN-100TrSt1WR4;0.0;0.0;40.0;BNHS_0626
BN-100TrT01WFR23;0.0;0.0;40.0;BNHS_0626
BN-100TrT01WFR24;0.0;0.0;40.0;BNHS_0626
BN-100TrT01WFR25;0.0;0.0;40.0;BNHS_0626
BN-102TrP5CR1;0.0;0.0;40.0;BNHS_0626
BN-102TrP5CR10;0.0;0.0;40.0;BNHS_0626
BN-102TrP5CR11;0.0;0.0;40.0;BNHS_0626
BN-102TrP5CR12;0.0;0.0;40.0;BNHS_0626
BN-102TrP5CR13;0.0;0.0;40.0;BNHS_0626
BN-102TrP5CR14;0.0;0.0;40.0;BNHS_0626
BN-102TrP5CR15;0.0;0.0;40.0;BNHS_0626
BN-102TrP5CR16;0.0;0.0;40.0;BNHS_0626
BN-102TrP5CR17;0.0;0.0;40.0;BNHS_0626
BN-102TrP5CR18;0.0;0.0;40.0;BNHS_0626
BN-102TrP5CR19;0.0;0.0;40.0;BNHS_0626
BN-102TrP5CR2;0.0;0.0;40.0;BNHS_0626
BN-102TrP5CR20;0.0;0.0;40.0;BNHS_0626
BN-102TrP5CR21;0.0;0.0;40.0;BNHS_0626
BN-102TrP5CR22;0.0;0.0;40.0;BNHS_0626
BN-102TrP5CR23;0.0;0.0;40.0;BNHS_0626
BN-102TrP5CR24;0.0;0.0;40.0;BNHS_0626
BN-102TrP5CR25;0.0;0.0;40.0;BNHS_0626
BN-102TrP5CR26;0.0;0.0;40.0;BNHS_0626
BN-102TrP5CR27;0.0;0.0;40.0;BNHS_0626
BN-102TrP5CR28;0.0;0.0;40.0;BNHS_0626
BN-102TrP5CR29;0.0;0.0;40.0;BNHS_0626
BN-102TrP5CR3;0.0;0.0;40.0;BNHS_0626
BN-102TrP5CR30;0.0;0.0;40.0;BNHS_0626
BN-102TrP5CR31;0.0;0.0;40.0;BNHS_0626
BN-102TrP5CR4;0.0;0.0;40.0;BNHS_0626
BN-102TrP5CR5;0.0;0.0;40.0;BNHS_0626
BN-102TrP5CR6;0.0;0.0;40.0;BNHS_0626
BN-102TrP5CR7;0.0;0.0;40.0;BNHS_0626
BN-102TrP5CR8;0.0;0.0;40.0;BNHS_0626
BN-102TrP5CR9;0.0;0.0;40.0;BNHS_0626
BN-103TrT01EFR28;0.0;0.0;40.0;BNHS_0626
BN-103TrT01EFR29;0.0;0.0;40.0;BNHS_0626
BN-103TrT01EFR30;0.0;0.0;40.0;BNHS_0626
BN-103TrT01EFR31;0.0;0.0;40.0;BNHS_0626
BN-103TrT01EFR32;0.0;0.0;40.0;BNHS_0626
BN-103TrT01EFR33;0.0;0.0;40.0;BNHS_0626
BN-103TrT01EFR34;0.0;0.0;40.0;BNHS_0626
BN-103TrT01EFR35;0.0;0.0;40.0;BNHS_0626
BN-103TrT01EFR36;0.0;0.0;40.0;BNHS_0626
BN-103TrT01EFR37;0.0;0.0;40.0;BNHS_0626
BN-103TrT01EFR38;0.0;0.0;40.0;BNHS_0626
BN-103TrT01EFR39;0.0;0.0;40.0;BNHS_0626
BN-103TrT01EFR40;0.0;0.0;40.0;BNHS_0626
BN-109TrP5CR1;0.0;0.0;40.0;BNHS_0626
BN-109TrP5CR10;0.0;0.0;40.0;BNHS_0626
BN-109TrP5CR2;0.0;0.0;40.0;BNHS_0626
BN-109TrP5CR3;0.0;0.0;40.0;BNHS_0626
BN-109TrP5CR4;0.0;0.0;40.0;BNHS_0626
BN-109TrP5CR5;0.0;0.0;40.0;BNHS_0626
BN-109TrP5CR6;0.0;0.0;40.0;BNHS_0626
BN-109TrP5CR7;0.0;0.0;40.0;BNHS_0626
BN-109TrP5CR8;0.0;0.0;40.0;BNHS_0626
BN-109TrP5CR9;0.0;0.0;40.0;BNHS_0626
BN-109TrP5ER10;0.0;0.0;40.0;BNHS_0626
BN-109TrP5ER5;0.0;0.0;40.0;BNHS_0626
BN-109TrP5ER6;0.0;0.0;40.0;BNHS_0626
BN-109TrP5ER7;0.0;0.0;40.0;BNHS_0626
BN-109TrP5ER8;0.0;0.0;40.0;BNHS_0626
BN-109TrP5ER9;0.0;0.0;40.0;BNHS_0626
BN-116TrRp0ER1;0.0;0.0;40.0;BNHS_0626
BN-116TrRp0ER10;0.0;0.0;40.0;BNHS_0626
BN-116TrRp0ER11;0.0;0.0;40.0;BNHS_0626
BN-116TrRp0ER12;0.0;0.0;40.0;BNHS_0626
BN-116TrRp0ER13;0.0;0.0;40.0;BNHS_0626
BN-116TrRp0ER14;0.0;0.0;40.0;BNHS_0626
BN-116TrRp0ER15;0.0;0.0;40.0;BNHS_0626
BN-116TrRp0ER16;0.0;0.0;40.0;BNHS_0626
BN-116TrRp0ER17;0.0;0.0;40.0;BNHS_0626
BN-116TrRp0ER18;0.0;0.0;40.0;BNHS_0626
BN-116TrRp0ER2;0.0;0.0;40.0;BNHS_0626
BN-116TrRp0ER3;0.0;0.0;40.0;BNHS_0626
BN-116TrRp0ER4;0.0;0.0;40.0;BNHS_0626
BN-116TrRp0ER5;0.0;0.0;40.0;BNHS_0626
BN-116TrRp0ER6;0.0;0.0;40.0;BNHS_0626
BN-116TrRp0ER7;0.0;0.0;40.0;BNHS_0626
BN-116TrRp0ER8;0.0;0.0;40.0;BNHS_0626
BN-116TrRp0ER9;0.0;0.0;40.0;BNHS_0626
BN-116TrRp0WR1;0.0;0.0;40.0;BNHS_0626
BN-116TrRp0WR11;0.0;0.0;40.0;BNHS_0626
BN-116TrRp0WR12;0.0;0.0;40.0;BNHS_0626
BN-116TrRp0WR13;0.0;0.0;40.0;BNHS_0626
BN-116TrRp0WR14;0.0;0.0;40.0;BNHS_0626
BN-116TrRp0WR15;0.0;0.0;40.0;BNHS_0626
BN-116TrRp0WR16;0.0;0.0;40.0;BNHS_0626
BN-116TrRp0WR17;0.0;0.0;40.0;BNHS_0626
BN-116TrRp0WR18;0.0;0.0;40.0;BNHS_0626
BN-116TrRp0WR2;0.0;0.0;40.0;BNHS_0626
BN-116TrRp0WR3;0.0;0.0;40.0;BNHS_0626
BN-116TrRp0WR4;0.0;0.0;40.0;BNHS_0626
BN-116TrRp0WR5;0.0;0.0;40.0;BNHS_0626
BN-116TrRp0WR6;0.0;0.0;40.0;BNHS_0626
BN-116TrRp0WR7;0.0;0.0;40.0;BNHS_0626
BN-116TrRp0WR8;0.0;0.0;40.0;BNHS_0626
BN-120Taille1C5R10;0.0;0.0;40.0;BNHS_0626
BN-120Taille1C5R11;0.0;0.0;40.0;BNHS_0626
BN-120Taille1C5R8;0.0;0.0;40.0;BNHS_0626
BN-120Taille1C5R9;0.0;0.0;40.0;BNHS_0626
BN-120TailleFOE3R1;0.0;0.0;40.0;BNHS_0626
BN-120TailleFOE3R10;0.0;0.0;40.0;BNHS_0626
BN-120TailleFOE3R11;0.0;0.0;40.0;BNHS_0626
BN-120TailleFOE3R12;0.0;0.0;40.0;BNHS_0626
BN-120TailleFOE3R13;0.0;0.0;40.0;BNHS_0626
BN-120TailleFOE3R14;0.0;0.0;40.0;BNHS_0626
BN-120TailleFOE3R15;0.0;0.0;40.0;BNHS_0626
BN-120TailleFOE3R16;0.0;0.0;40.0;BNHS_0626
BN-120TailleFOE3R17;0.0;0.0;40.0;BNHS_0626
BN-120TailleFOE3R18;0.0;0.0;40.0;BNHS_0626
BN-120TailleFOE3R19;0.0;0.0;40.0;BNHS_0626
BN-120TailleFOE3R2;0.0;0.0;40.0;BNHS_0626
BN-120TailleFOE3R20;0.0;0.0;40.0;BNHS_0626
BN-120TailleFOE3R21;0.0;0.0;40.0;BNHS_0626
BN-120TailleFOE3R22;0.0;0.0;40.0;BNHS_0626
BN-120TailleFOE3R23;0.0;0.0;40.0;BNHS_0626
BN-120TailleFOE3R3;0.0;0.0;40.0;BNHS_0626
BN-120TailleFOE3R4;0.0;0.0;40.0;BNHS_0626
BN-120TailleFOE3R5;0.0;0.0;40.0;BNHS_0626
BN-120TailleFOE3R6;0.0;0.0;40.0;BNHS_0626
BN-120TailleFOE3R7;0.0;0.0;40.0;BNHS_0626
BN-120TailleFOE3R8;0.0;0.0;40.0;BNHS_0626
BN-120TailleFOE3R9;0.0;0.0;40.0;BNHS_0626
BN-120TailleFOE4R5;0.0;0.0;40.0;BNHS_0626
BN-120TrR4ER14;0.0;0.0;40.0;BNHS_0626
BN-120TrR4ER16;0.0;0.0;40.0;BNHS_0626
BN-120TrR4ER17;0.0;0.0;40.0;BNHS_0626
BN-120TrR4ER18;0.0;0.0;40.0;BNHS_0626
BN-120TrR4ER19;0.0;0.0;40.0;BNHS_0626
BN-120TrR4ER20;0.0;0.0;40.0;BNHS_0626
BN-120TrR4ER21;0.0;0.0;40.0;BNHS_0626
BN-123TrWR1;0.0;0.0;40.0;BNHS_0626
BN-123TrWR10;0.0;0.0;40.0;BNHS_0626
BN-123TrWR11;0.0;0.0;40.0;BNHS_0626
BN-123TrWR12;0.0;0.0;40.0;BNHS_0626
BN-123TrWR13;0.0;0.0;40.0;BNHS_0626
BN-123TrWR14;0.0;0.0;40.0;BNHS_0626
BN-123TrWR15;0.0;0.0;40.0;BNHS_0626
BN-123TrWR2;0.0;0.0;40.0;BNHS_0626
BN-123TrWR3;0.0;0.0;40.0;BNHS_0626
BN-123TrWR4;0.0;0.0;40.0;BNHS_0626
BN-123TrWR5;0.0;0.0;40.0;BNHS_0626
BN-123TrWR6;0.0;0.0;40.0;BNHS_0626
BN-123TrWR7;0.0;0.0;40.0;BNHS_0626
BN-123TrWR8;0.0;0.0;40.0;BNHS_0626
BN-123TrWR9;0.0;0.0;40.0;BNHS_0626
BN-124TrWR19;0.0;0.0;40.0;BNHS_0626
BN-124TrWR20;0.0;0.0;40.0;BNHS_0626
BN-124TrWR21;0.0;0.0;40.0;BNHS_0626
BN-124TrWR22;0.0;0.0;40.0;BNHS_0626
BN-40Taille03T9R1;0.0;0.0;40.0;BNHS_0626
BN-40Taille03T9R10;0.0;0.0;40.0;BNHS_0626
BN-40Taille03T9R11;0.0;0.0;40.0;BNHS_0626
BN-40Taille03T9R12;0.0;0.0;40.0;BNHS_0626
BN-40Taille03T9R13;0.0;0.0;40.0;BNHS_0626
BN-40Taille03T9R4;0.0;0.0;40.0;BNHS_0626
BN-40Taille03T9R5;0.0;0.0;40.0;BNHS_0626
BN-40Taille03T9R6;0.0;0.0;40.0;BNHS_0626
BN-40Taille03T9R9;0.0;0.0;40.0;BNHS_0626
BN-40Taille04T5R21;0.0;0.0;40.0;BNHS_0626
BN-40Taille06T8FR17;0.0;0.0;40.0;BNHS_0626
BN-40Taille06T8FR18;0.0;0.0;40.0;BNHS_0626
BN-40Taille06T8FR19;0.0;0.0;40.0;BNHS_0626
BN-40Taille1WTrE7FR10;0.0;0.0;40.0;BNHS_0626
BN-40Taille1WTrE7FR11;0.0;0.0;40.0;BNHS_0626
BN-40Taille1WTrE7FR12;0.0;0.0;40.0;BNHS_0626
BN-40Taille1WTrW7FR13;0.0;0.0;40.0;BNHS_0626
BN-40Taille1WTrW7FR14;0.0;0.0;40.0;BNHS_0626
BN-40Taille1WTrW7FR15;0.0;0.0;40.0;BNHS_0626
BN-40Taille1WTrW7FR16;0.0;0.0;40.0;BNHS_0626
BN-40Taille1WTrW7FR17;0.0;0.0;40.0;BNHS_0626
BN-40Taille1WTrW7FR18;0.0;0.0;40.0;BNHS_0626
BN-40Taille1WTrW7FR19;0.0;0.0;40.0;BNHS_0626
BN-40Taille1WTrW7FR20;0.0;0.0;40.0;BNHS_0626
BN-40Taille1WTrW7FR21;0.0;0.0;40.0;BNHS_0626
BN-40TrP5WF322;0.0;0.0;40.0;BNHS_0626
BN-60TrT06EFR10;0.0;0.0;40.0;BNHS_0626
BN-60TrT06EFR11;0.0;0.0;40.0;BNHS_0626
BN-60TrT06EFR12;0.0;0.0;40.0;BNHS_0626
BN-60TrT06EFR13;0.0;0.0;40.0;BNHS_0626
BN-60TrT06EFR14;0.0;0.0;40.0;BNHS_0626
BN-60TrT06EFR15;0.0;0.0;40.0;BNHS_0626
BN-60TrT06EFR16;0.0;0.0;40.0;BNHS_0626
BN-60TrT06EFR17;0.0;0.0;40.0;BNHS_0626
BN-60TrT06EFR18;0.0;0.0;40.0;BNHS_0626
BN-60TrT06EFR4;0.0;0.0;40.0;BNHS_0626
BN-60TrT06EFR5;0.0;0.0;40.0;BNHS_0626
BN-60TrT06EFR6;0.0;0.0;40.0;BNHS_0626
BN-60TrT06EFR7;0.0;0.0;40.0;BNHS_0626
BN-80Taille01T3R30;0.0;0.0;40.0;BNHS_0626
BN-80Taille01T7R23;0.0;0.0;40.0;BNHS_0626
BN-80Taille01T7R24;0.0;0.0;40.0;BNHS_0626
BN-80Taille01T7R25;0.0;0.0;40.0;BNHS_0626
BN-80Taille03T15R10;0.0;0.0;40.0;BNHS_0626
BN-80Taille03T15R11;0.0;0.0;40.0;BNHS_0626
BN-80Taille03T15R12;0.0;0.0;40.0;BNHS_0626
BN-80Taille03T15R13;0.0;0.0;40.0;BNHS_0626
BN-80Taille03T15R14;0.0;0.0;40.0;BNHS_0626
BN-80Taille03T15R15;0.0;0.0;40.0;BNHS_0626
BN-80Taille03T15R16;0.0;0.0;40.0;BNHS_0626
BN-80Taille03T15R17;0.0;0.0;40.0;BNHS_0626
BN-80Taille03T15R18;0.0;0.0;40.0;BNHS_0626
BN-80Taille03T15R19;0.0;0.0;40.0;BNHS_0626
BN-80Taille03T15R20;0.0;0.0;40.0;BNHS_0626
BN-80Taille03T15R21;0.0;0.0;40.0;BNHS_0626
BN-80Taille03T15R22;0.0;0.0;40.0;BNHS_0626
BN-80Taille03T15R23;0.0;0.0;40.0;BNHS_0626
BN-80Taille03T15R24;0.0;0.0;40.0;BNHS_0626
BN-80Taille03T15R25;0.0;0.0;40.0;BNHS_0626
BN-80Taille03Tr12R22;0.0;0.0;40.0;BNHS_0626
BN-80Taille03Tr12R23;0.0;0.0;40.0;BNHS_0626
BN-80Taille03Tr12R24;0.0;0.0;40.0;BNHS_0626
BN-80Taille03Tr12R25;0.0;0.0;40.0;BNHS_0626
BN-80Taille04T12R7;0.0;0.0;40.0;BNHS_0626
BN-80Taille04T12R8;0.0;0.0;40.0;BNHS_0626
BN-80Taille04T7R2;0.0;0.0;40.0;BNHS_0626
BN-80Taille04T7R3;0.0;0.0;40.0;BNHS_0626
BN-80Taille04T9R6;0.0;0.0;40.0;BNHS_0626
BN-80Taille04T9R7;0.0;0.0;40.0;BNHS_0626
BN-80Taille04T9R8;0.0;0.0;40.0;BNHS_0626
BN-80Taille04T9R9;0.0;0.0;40.0;BNHS_0626
BN-80Taille06T7R15;0.0;0.0;40.0;BNHS_0626
BN-80Taille06T7R16;0.0;0.0;40.0;BNHS_0626
BN-80Taille06T7R17;0.0;0.0;40.0;BNHS_0626
BN-80Taille06T7R18;0.0;0.0;40.0;BNHS_0626
BN-80Taille06T7R19;0.0;0.0;40.0;BNHS_0626
BN-80Taille06T7R20;0.0;0.0;40.0;BNHS_0626
BN-80Taille06T7R22;0.0;0.0;40.0;BNHS_0626
BN-80Taille06T7R23;0.0;0.0;40.0;BNHS_0626
BN-80Taille06T7R24;0.0;0.0;40.0;BNHS_0626
BN-80Taille06T7R25;0.0;0.0;40.0;BNHS_0626
BN-80Taille06T7R26;0.0;0.0;40.0;BNHS_0626
BN-80Taille06T7R27;0.0;0.0;40.0;BNHS_0626
BN-80Taille06T7R28;0.0;0.0;40.0;BNHS_0626
BN-80Taille06T7R29;0.0;0.0;40.0;BNHS_0626
BN-80Taille06T7R30;0.0;0.0;40.0;BNHS_0626
BN-80Taille06T8R1;0.0;0.0;40.0;BNHS_0626
BN-80Taille06T8R10;0.0;0.0;40.0;BNHS_0626
BN-80Taille06T8R11;0.0;0.0;40.0;BNHS_0626
BN-80Taille06T8R12;0.0;0.0;40.0;BNHS_0626
BN-80Taille06T8R13;0.0;0.0;40.0;BNHS_0626
BN-80Taille06T8R14;0.0;0.0;40.0;BNHS_0626
BN-80Taille06T8R15;0.0;0.0;40.0;BNHS_0626
BN-80Taille06T8R16;0.0;0.0;40.0;BNHS_0626
BN-80Taille06T8R17;0.0;0.0;40.0;BNHS_0626
BN-80Taille06T8R18;0.0;0.0;40.0;BNHS_0626
BN-80Taille06T8R19;0.0;0.0;40.0;BNHS_0626
BN-80Taille06T8R2;0.0;0.0;40.0;BNHS_0626
BN-80Taille06T8R20;0.0;0.0;40.0;BNHS_0626
BN-80Taille06T8R21;0.0;0.0;40.0;BNHS_0626
BN-80Taille06T8R22;0.0;0.0;40.0;BNHS_0626
BN-80Taille06T8R23;0.0;0.0;40.0;BNHS_0626
BN-80Taille06T8R24;0.0;0.0;40.0;BNHS_0626
BN-80Taille06T8R25;0.0;0.0;40.0;BNHS_0626
BN-80Taille06T8R3;0.0;0.0;40.0;BNHS_0626
BN-80Taille06T8R4;0.0;0.0;40.0;BNHS_0626
BN-80Taille06T8R5;0.0;0.0;40.0;BNHS_0626
BN-80Taille06T8R6;0.0;0.0;40.0;BNHS_0626
BN-80Taille06T8R8;0.0;0.0;40.0;BNHS_0626
BN-80Taille06T8R9;0.0;0.0;40.0;BNHS_0626
BN-80Taille06Tr6FR2;0.0;0.0;40.0;BNHS_0626
BN-80Taille06Tr6FR3;0.0;0.0;40.0;BNHS_0626
BN-80Taille1C18FR10;0.0;0.0;40.0;BNHS_0626
BN-80Taille1C18FR11;0.0;0.0;40.0;BNHS_0626
BN-80Taille1C18FR12;0.0;0.0;40.0;BNHS_0626
BN-80Taille1C18FR13;0.0;0.0;40.0;BNHS_0626
BN-80Taille1C18FR14;0.0;0.0;40.0;BNHS_0626
BN-80Taille1C18FR15;0.0;0.0;40.0;BNHS_0626
BN-80Taille1C18FR16;0.0;0.0;40.0;BNHS_0626
BN-80Taille1WTrR13;0.0;0.0;40.0;BNHS_0626
BN-80Taille1WTrR23;0.0;0.0;40.0;BNHS_0626
BN-80Taille1WTrR29;0.0;0.0;40.0;BNHS_0626
BN-80Taille1WTrR41;0.0;0.0;40.0;BNHS_0626
BN-80Taille1WTrR42;0.0;0.0;40.0;BNHS_0626
BN-80TrTaille01B1F1;0.0;0.0;40.0;BNHS_0626
BN-80TrTaille01B1F10;0.0;0.0;40.0;BNHS_0626
BN-80TrTaille01B1F11;0.0;0.0;40.0;BNHS_0626
BN-80TrTaille01B1F12;0.0;0.0;40.0;BNHS_0626
BN-80TrTaille01B1F13;0.0;0.0;40.0;BNHS_0626
BN-80TrTaille01B1F15;0.0;0.0;40.0;BNHS_0626
BN-80TrTaille01B1F16;0.0;0.0;40.0;BNHS_0626
BN-80TrTaille01B1F17;0.0;0.0;40.0;BNHS_0626
BN-80TrTaille01B1F18;0.0;0.0;40.0;BNHS_0626
BN-80TrTaille01B1F19;0.0;0.0;40.0;BNHS_0626
BN-80TrTaille01B1F2;0.0;0.0;40.0;BNHS_0626
BN-80TrTaille01B1F20;0.0;0.0;40.0;BNHS_0626
BN-80TrTaille01B1F21;0.0;0.0;40.0;BNHS_0626
BN-80TrTaille01B1F3;0.0;0.0;40.0;BNHS_0626
BN-80TrTaille01B1F4;0.0;0.0;40.0;BNHS_0626
BN-80TrTaille01B1F5;0.0;0.0;40.0;BNHS_0626
BN-80TrTaille01B1F6;0.0;0.0;40.0;BNHS_0626
BN-80TrTaille01B1F7;0.0;0.0;40.0;BNHS_0626
BN-80TrTaille01B1F8;0.0;0.0;40.0;BNHS_0626
BN-80TrTaille01B3F30;0.0;0.0;40.0;BNHS_0626
BN-80TrTaille01B3F31;0.0;0.0;40.0;BNHS_0626
BN-80TrTaille01B3F32;0.0;0.0;40.0;BNHS_0626
BN-80TrTaille01B3F34;0.0;0.0;40.0;BNHS_0626
BN-80TrTaille01B3F35;0.0;0.0;40.0;BNHS_0626
BN-80TrTaille01B3F36;0.0;0.0;40.0;BNHS_0626
BN-80TrTaille01B3F37;0.0;0.0;40.0;BNHS_0626
BN-80TrTaille01B3F38;0.0;0.0;40.0;BNHS_0626
BN-80TrTaille01B3F39;0.0;0.0;40.0;BNHS_0626
BN-80TrTaille01B3F40;0.0;0.0;40.0;BNHS_0626
BN-80TrTaille01B3F41;0.0;0.0;40.0;BNHS_0626
BN-80TrTaille01B3F42;0.0;0.0;40.0;BNHS_0626
BN-80TrTaille01B3F43;0.0;0.0;40.0;BNHS_0626
BN-80TrTaille01B3F44;0.0;0.0;40.0;BNHS_0626
BN-80TrTaille01B3F45;0.0;0.0;40.0;BNHS_0626
BN-80TrTaille01B3F46;0.0;0.0;40.0;BNHS_0626
BN-80TrTaille01B3F47;0.0;0.0;40.0;BNHS_0626
BN-80TrTaille01B3F48;0.0;0.0;40.0;BNHS_0626
BN-80TrTaille01B4F23;0.0;0.0;40.0;BNHS_0626
BN-80TrTaille01B4F24;0.0;0.0;40.0;BNHS_0626
BN-80TrTaille01B4F25;0.0;0.0;40.0;BNHS_0626
BN-80TrTaille01B4F26;0.0;0.0;40.0;BNHS_0626
BN-80TrTaille01B4F27;0.0;0.0;40.0;BNHS_0626
BN-80TrTaille01B4F28;0.0;0.0;40.0;BNHS_0626
BN-80TrTaille01B4F29;0.0;0.0;40.0;BNHS_0626
BN-80TrTaille01B4F58;0.0;0.0;40.0;BNHS_0626
BN-80TrTaille01B4F59;0.0;0.0;40.0;BNHS_0626
BN-102TrP5ER14;0.0;0.0;38.0;BNHS_0626
BN-80TrTaille01B4F60;0.0;0.0;40.0;BNHS_0626
BN-80TrTaille01B4F61;0.0;0.0;40.0;BNHS_0626
BN-80TrTaille01B4F62;0.0;0.0;40.0;BNHS_0626
BN-80TrTaille01B4F63;0.0;0.0;40.0;BNHS_0626
BN-80TrTaille01B4F64;0.0;0.0;40.0;BNHS_0626
BN-80TrTaille01B4F65;0.0;0.0;40.0;BNHS_0626
BN-80TrTaille01B4F66;0.0;0.0;40.0;BNHS_0626
BN-80TrTaille01B4F67;0.0;0.0;40.0;BNHS_0626
BN-80TrTaille01B4F68;0.0;0.0;40.0;BNHS_0626
BN-80TrTaille01B4F69;0.0;0.0;40.0;BNHS_0626
BN-80TrTaille01B4F70;0.0;0.0;40.0;BNHS_0626
BN-80TrTaille01B4F71;0.0;0.0;40.0;BNHS_0626
BN-80TrTaille01B4F72;0.0;0.0;40.0;BNHS_0626
BN-80TrTaille01B4F73;0.0;0.0;40.0;BNHS_0626
BN-80TrTaille01B4F74;0.0;0.0;40.0;BNHS_0626
BN-80TrTaille01B4F75;0.0;0.0;40.0;BNHS_0626
BN-80TrTaille01B4F76;0.0;0.0;40.0;BNHS_0626
BN-80TrTaille01B4F77;0.0;0.0;40.0;BNHS_0626
BN-80TrTaille01B4F78;0.0;0.0;40.0;BNHS_0626
BN-80TrTaille01B4F79;0.0;0.0;40.0;BNHS_0626
BN-80TrTaille01B4F80;0.0;0.0;40.0;BNHS_0626
BN-80TrTaille01B4F81;0.0;0.0;40.0;BNHS_0626
BN-80TrTaille01B4F82;0.0;0.0;40.0;BNHS_0626
BN-80TrTaille01B4F83;0.0;0.0;40.0;BNHS_0626
BN-80TrTaille01B4F84;0.0;0.0;40.0;BNHS_0626
BN-80TrTaille01B4F85;0.0;0.0;40.0;BNHS_0626
BN-80TrTaille01B4F86;0.0;0.0;40.0;BNHS_0626
BN-80TrTaille01B4F87;0.0;0.0;40.0;BNHS_0626
BN-80TrTaille01B4F88;0.0;0.0;40.0;BNHS_0626
BN-80TrWF181;0.0;0.0;40.0;BNHS_0626
BN-80TrWF182;0.0;0.0;40.0;BNHS_0626
BN-80TrWF183;0.0;0.0;40.0;BNHS_0626
BN-80TrWF184;0.0;0.0;40.0;BNHS_0626
BN-80TrWF252;0.0;0.0;40.0;BNHS_0626
BN-80TrWF253;0.0;0.0;40.0;BNHS_0626
BN-80TrWF260;0.0;0.0;40.0;BNHS_0626
BN-80TrWF276;0.0;0.0;40.0;BNHS_0626
BN-80TrWF278;0.0;0.0;40.0;BNHS_0626
BN-80TrWF279;0.0;0.0;40.0;BNHS_0626
BN-80TrWF284;0.0;0.0;40.0;BNHS_0626
BN-80TrWF285;0.0;0.0;40.0;BNHS_0626
BN-80TrWF293;0.0;0.0;40.0;BNHS_0626
BN-120TailleS1T12R1;0.0;0.0;40.0;BNHS_0626
BN-120TailleS1T12R2;0.0;0.0;40.0;BNHS_0626
BN-120TailleS1T12R3;0.0;0.0;40.0;BNHS_0626
BN-120TailleS1T12R4;0.0;0.0;40.0;BNHS_0626
BN-120TailleS1T12R5;0.0;0.0;40.0;BNHS_0626
BN-120TailleS1T12R6;0.0;0.0;40.0;BNHS_0626
BN-120TailleS1T12R7;0.0;0.0;40.0;BNHS_0626
BN-120TailleS1T12R8;0.0;0.0;40.0;BNHS_0626
BN-120TailleS1T12R9;0.0;0.0;40.0;BNHS_0626
BN-120TailleS1T12R10;0.0;0.0;40.0;BNHS_0626
BN-120TailleS1T12R11;0.0;0.0;40.0;BNHS_0626
BN-120TailleS1T12R12;0.0;0.0;40.0;BNHS_0626
BN-120TailleS1T12R13;0.0;0.0;40.0;BNHS_0626
BN-120TailleS1T12R14;0.0;0.0;40.0;BNHS_0626
BN-140Taille2ST2Rcp3TrWFR1;0.0;0.0;40.0;BNHS_0626
BN-140Taille2ST2Rcp3TrWFR10;0.0;0.0;40.0;BNHS_0626
BN-140Taille2ST2Rcp3TrWFR11;0.0;0.0;40.0;BNHS_0626
BN-140Taille2ST2Rcp3TrWFR12;0.0;0.0;40.0;BNHS_0626
BN-140Taille2ST2Rcp3TrWFR13;0.0;0.0;40.0;BNHS_0626
BN-140Taille2ST2Rcp3TrWFR14;0.0;0.0;40.0;BNHS_0626
BN-140Taille2ST2Rcp3TrWFR15;0.0;0.0;40.0;BNHS_0626
BN-140Taille2ST2Rcp3TrWFR16;0.0;0.0;40.0;BNHS_0626
BN-140Taille2ST2Rcp3TrWFR17;0.0;0.0;40.0;BNHS_0626
BN-140Taille2ST2Rcp3TrWFR2;0.0;0.0;40.0;BNHS_0626
BN-140Taille2ST2Rcp3TrWFR3;0.0;0.0;40.0;BNHS_0626
BN-140Taille2ST2Rcp3TrWFR4;0.0;0.0;40.0;BNHS_0626
BN-140Taille2ST2Rcp3TrWFR5;0.0;0.0;40.0;BNHS_0626
BN-140Taille2ST2Rcp3TrWFR6;0.0;0.0;40.0;BNHS_0626
BN-140Taille2ST2Rcp3TrWFR7;0.0;0.0;40.0;BNHS_0626
BN-140Taille2ST2Rcp3TrWFR8;0.0;0.0;40.0;BNHS_0626
BN-140Taille2ST2Rcp3TrWFR9;0.0;0.0;40.0;BNHS_0626
BN-40Taille1CSt2T1R21;0.0;0.0;40.0;BNHS_0626
BN-Taille7-112-TRE1;0.0;0.0;40.0;BNHS_0626
BN-Taille7-112-TRE2;0.0;0.0;40.0;BNHS_0626
BN-Taille7-112-TRE4;0.0;0.0;40.0;BNHS_0626
BN-Taille7-112-TRE5;0.0;0.0;40.0;BNHS_0626
BN-Taille7-112-TRE6;0.0;0.0;40.0;BNHS_0626
BN-Taille7-112-TRE7;0.0;0.0;40.0;BNHS_0626
BN-Taille7-112-TRE8;0.0;0.0;40.0;BNHS_0626
BN-Taille7-112-TRE9;0.0;0.0;40.0;BNHS_0626
BN-Taille7-112-TRE10;0.0;0.0;40.0;BNHS_0626
BN-Taille7-112-TRE11;0.0;0.0;40.0;BNHS_0626
BN-Taille7-112-TRE12;0.0;0.0;40.0;BNHS_0626
BN-Taille7-112-TRE13;0.0;0.0;40.0;BNHS_0626
BN-Taille7-112-TRE14;0.0;0.0;40.0;BNHS_0626
BN-Taille7-112-TRE15;0.0;0.0;40.0;BNHS_0626
BN-Taille7-112-TRE16;0.0;0.0;40.0;BNHS_0626
BN-Taille7-112-TRE17;0.0;0.0;40.0;BNHS_0626
BN-Taille7-112-TRE18;0.0;0.0;40.0;BNHS_0626
BN-Taille7-112-TRE19;0.0;0.0;40.0;BNHS_0626
BN-Taille7-112-TRE20;0.0;0.0;40.0;BNHS_0626
BN-Taille7-112-TRE21;0.0;0.0;40.0;BNHS_0626
BN-Taille7-112-TRE22;0.0;0.0;40.0;BNHS_0626
BN-Taille7-112-TRW1;0.0;0.0;40.0;BNHS_0626
BN-Taille7-112-TRW2;0.0;0.0;40.0;BNHS_0626
BN-Taille7-112-TRW3;0.0;0.0;40.0;BNHS_0626
BN-Taille7-112-TRW4;0.0;0.0;40.0;BNHS_0626
BN-Taille7-112-TRW5;0.0;0.0;40.0;BNHS_0626
BN-Taille7-112-TRW6;0.0;0.0;40.0;BNHS_0626
BN-Taille7-112-TRW7;0.0;0.0;40.0;BNHS_0626
BN-Taille7-112-TRW8;0.0;0.0;40.0;BNHS_0626
BN-Taille7-112-TRW9;0.0;0.0;40.0;BNHS_0626
BN-Taille7-112-TRW10;0.0;0.0;40.0;BNHS_0626
BN-Taille7-123-TRW1;0.0;0.0;40.0;BNHS_0626
BN-Taille7-123-TRW2;0.0;0.0;40.0;BNHS_0626
BN-Taille7-123-TRW3;0.0;0.0;40.0;BNHS_0626
BN-Taille7-123-TRW4;0.0;0.0;40.0;BNHS_0626
BN-Taille7-123-TRW5;0.0;0.0;40.0;BNHS_0626
BN-Taille7-123-TRW6;0.0;0.0;40.0;BNHS_0626
BN-Taille7-123-TRW7;0.0;0.0;40.0;BNHS_0626
BN-Taille7-123-TRW8;0.0;0.0;40.0;BNHS_0626
BN-Taille7-123-TRW9;0.0;0.0;40.0;BNHS_0626
BN-Taille7-123-TRW10;0.0;0.0;40.0;BNHS_0626
BN-Taille7-123-TRW11;0.0;0.0;40.0;BNHS_0626
BN-Taille7-123-TRW12;0.0;0.0;40.0;BNHS_0626
BN-Taille7-123-TRW13;0.0;0.0;40.0;BNHS_0626
BN-Taille7-123-TRW14;0.0;0.0;40.0;BNHS_0626
BN-Taille7-123-TRW15;0.0;0.0;40.0;BNHS_0626
BN-Taille7-123-TRW16;0.0;0.0;40.0;BNHS_0626
BN-Taille7-123-TRW17;0.0;0.0;40.0;BNHS_0626
BN-Taille7-123-TRE1;0.0;0.0;40.0;BNHS_0626
BN-Taille7-123-TRE2;0.0;0.0;40.0;BNHS_0626
BN-Taille7-123-TRE3;0.0;0.0;40.0;BNHS_0626
BN-Taille7-123-TRE4;0.0;0.0;40.0;BNHS_0626
BN-Taille7-123-TRE5;0.0;0.0;40.0;BNHS_0626
BN-Taille7-123-TRE6;0.0;0.0;40.0;BNHS_0626
BN-Taille2-RCP8- TREFR2;0.0;0.0;40.0;BNHS_0626
BN-Taille2-RCP8- TREFR3;0.0;0.0;40.0;BNHS_0626
BN-Taille2-RCP8- TREFR4;0.0;0.0;40.0;BNHS_0626
BN-Taille2-RCP8- TREFR5;0.0;0.0;40.0;BNHS_0626
BN-Taille2-RCP8- TREFR6;0.0;0.0;40.0;BNHS_0626
BN-Taille2-RCP8- TREFR7;0.0;0.0;40.0;BNHS_0626
BN-Taille2-RCP8- TREFR8;0.0;0.0;40.0;BNHS_0626
BN-Taille2-RCP8- TREFR9;0.0;0.0;40.0;BNHS_0626
BN-Taille2-RCP8- TREFR10;0.0;0.0;40.0;BNHS_0626
BN-Taille2-RCP8- TREFR11;0.0;0.0;40.0;BNHS_0626
BN-Taille2-RCP8- TREFR12;0.0;0.0;40.0;BNHS_0626
BN-Taille2-RCP8- TREFR13;0.0;0.0;40.0;BNHS_0626
BN-Taille2-RCP8- TRWFR1;0.0;0.0;40.0;BNHS_0626
BN-Taille2-RCP8- TRWFR2;0.0;0.0;40.0;BNHS_0626
BN-Taille2-RCP8- TRWFR3;0.0;0.0;40.0;BNHS_0626
BN-Taille2-RCP8- TRWFR4;0.0;0.0;40.0;BNHS_0626
BN-Taille2-RCP8- TRWFR5;0.0;0.0;40.0;BNHS_0626
BN-Taille2-RCP8- TRWFR6;0.0;0.0;40.0;BNHS_0626
BN-Taille2-RCP8- TRWFR7;0.0;0.0;40.0;BNHS_0626
BN-Taille2-RCP8- TRWFR8;0.0;0.0;40.0;BNHS_0626
BN-Taille2-RCP8- TRWFR9;0.0;0.0;40.0;BNHS_0626
BN-Taille2-RCP8- TRWFR10;0.0;0.0;40.0;BNHS_0626
BN-Taille2-RCP8- TRWFR11;0.0;0.0;40.0;BNHS_0626
BN-Taille2-RCP8- TRWFR12;0.0;0.0;40.0;BNHS_0626
BN-Taille2-RCP8- TRWFR13;0.0;0.0;40.0;BNHS_0626
BN-Taille2-RCP8- TRWFR14;0.0;0.0;40.0;BNHS_0626
BN-Taille2-RCP8- TRWFR15;0.0;0.0;40.0;BNHS_0626
BN-Taille2-RCP8- TRWFR17;0.0;0.0;40.0;BNHS_0626
BN-Taille2-RCP8- TRWFR18;0.0;0.0;40.0;BNHS_0626
BN-Taille2-BOUCLE3- TRWFR6;0.0;0.0;40.0;BNHS_0626
BN-Taille2-BOUCLE3- TRWFR7;0.0;0.0;40.0;BNHS_0626
BN-Taille2-BOUCLE3- TRWFR8;0.0;0.0;40.0;BNHS_0626
BN-Taille2-BOUCLE3- TRWFR9;0.0;0.0;40.0;BNHS_0626
BN-Taille2-BOUCLE3- TRWFR10;0.0;0.0;40.0;BNHS_0626
BN-Taille2-BOUCLE3- TRWFR11;0.0;0.0;40.0;BNHS_0626
BN-Taille2-BOUCLE3- TRWFR12;0.0;0.0;40.0;BNHS_0626
BN-Taille2-BOUCLE3- TRWFR13;0.0;0.0;40.0;BNHS_0626
BN-Taille2-BOUCLE3- TRWFR14;0.0;0.0;40.0;BNHS_0626
BN-Taille2-BOUCLE3- TRWFR15;0.0;0.0;40.0;BNHS_0626
BN-Taille2-BOUCLE3- TRWFR16;0.0;0.0;40.0;BNHS_0626
BN-Taille2-BOUCLE3- TRWFR17;0.0;0.0;40.0;BNHS_0626
BN-Taille2-BOUCLE3- TRWFR18;0.0;0.0;40.0;BNHS_0626
BN-Taille2-BOUCLE3- TRWFR19;0.0;0.0;40.0;BNHS_0626
BN-Taille2-BOUCLE3- TRWFR20;0.0;0.0;40.0;BNHS_0626
BN-Taille2-BOUCLE3- TRWFR21;0.0;0.0;40.0;BNHS_0626
BN-Taille2-BOUCLE3- TRWFR22;0.0;0.0;40.0;BNHS_0626
BN-Taille2-BOUCLE3- TRWFR23;0.0;0.0;40.0;BNHS_0626
BN-Taille2-BOUCLE4- TREFR1;0.0;0.0;40.0;BNHS_0626
BN-Taille2-BOUCLE4- TREFR2;0.0;0.0;40.0;BNHS_0626
BN-Taille2-BOUCLE4- TREFR3;0.0;0.0;40.0;BNHS_0626
BN-Taille2-BOUCLE4- TREFR4;0.0;0.0;40.0;BNHS_0626
BN-Taille2-BOUCLE4- TREFR5;0.0;0.0;40.0;BNHS_0626
BN-Taille2-BOUCLE4- TREFR6;0.0;0.0;40.0;BNHS_0626
BN-103TrT01EFR41;0.0;0.0;39.0;BNHS_0626
BN-80Taille03T14R1;0.0;0.0;39.0;BNHS_0626
BN-80Taille03T14R2;0.0;0.0;39.0;BNHS_0626
BN-80Taille03T14R3;0.0;0.0;39.0;BNHS_0626
BN-80Taille03T14R4;0.0;0.0;39.0;BNHS_0626
BN-80Taille03T14R5;0.0;0.0;39.0;BNHS_0626
BN-80Taille03T14R6;0.0;0.0;39.0;BNHS_0626
BN-80Taille03T14R7;0.0;0.0;39.0;BNHS_0626
BN-80Taille03Tr12R12;0.0;0.0;39.0;BNHS_0626
BN-80Taille03Tr12R13;0.0;0.0;39.0;BNHS_0626
BN-80Taille03Tr12R14;0.0;0.0;39.0;BNHS_0626
BN-80Taille03Tr12R15;0.0;0.0;39.0;BNHS_0626
BN-80Taille03Tr12R16;0.0;0.0;39.0;BNHS_0626
BN-88TrP5ER1;0.0;0.0;38.5;BNHS_0626
BN-88TrP5ER15;0.0;0.0;38.5;BNHS_0626
BN-88TrP5ER16;0.0;0.0;38.5;BNHS_0626
BN-88TrP5ER17;0.0;0.0;38.5;BNHS_0626
BN-88TrP5ER18;0.0;0.0;38.5;BNHS_0626
BN-88TrP5ER19;0.0;0.0;38.5;BNHS_0626
BN-88TrP5ER2;0.0;0.0;38.5;BNHS_0626
BN-88TrP5ER20;0.0;0.0;38.5;BNHS_0626
BN-88TrP5ER22;0.0;0.0;38.5;BNHS_0626
BN-88TrP5ER3;0.0;0.0;38.5;BNHS_0626
BN-88TrP5ER4;0.0;0.0;38.5;BNHS_0626
BN-88TrP5ER5;0.0;0.0;38.5;BNHS_0626
BN-88TrP5ER6;0.0;0.0;38.5;BNHS_0626
BN-88TrP5ER7;0.0;0.0;38.5;BNHS_0626
BN-88TrP5ER8;0.0;0.0;38.5;BNHS_0626
BN-88TrP5ER9;0.0;0.0;38.5;BNHS_0626
BN-100TrSt1ER8;0.0;0.0;38.0;BNHS_0626
BN-102ChTrE8E2;0.0;0.0;38.0;BNHS_0626
BN-102TrP5ER1;0.0;0.0;38.0;BNHS_0626
BN-102TrP5ER10;0.0;0.0;38.0;BNHS_0626
BN-102TrP5ER11;0.0;0.0;38.0;BNHS_0626
BN-102TrP5ER12;0.0;0.0;38.0;BNHS_0626
BN-102TrP5ER13;0.0;0.0;38.0;BNHS_0626
BN-102TrP5ER15;0.0;0.0;38.0;BNHS_0626
BN-102TrP5ER16;0.0;0.0;38.0;BNHS_0626
BN-102TrP5ER17;0.0;0.0;38.0;BNHS_0626
BN-102TrP5ER18;0.0;0.0;38.0;BNHS_0626
BN-102TrP5ER2;0.0;0.0;38.0;BNHS_0626
BN-102TrP5ER24;0.0;0.0;38.0;BNHS_0626
BN-102TrP5ER25;0.0;0.0;38.0;BNHS_0626
BN-102TrP5ER26;0.0;0.0;38.0;BNHS_0626
BN-102TrP5ER27;0.0;0.0;38.0;BNHS_0626
BN-102TrP5ER28;0.0;0.0;38.0;BNHS_0626
BN-102TrP5ER29;0.0;0.0;38.0;BNHS_0626
BN-102TrP5ER3;0.0;0.0;38.0;BNHS_0626
BN-102TrP5ER30;0.0;0.0;38.0;BNHS_0626
BN-102TrP5ER31;0.0;0.0;38.0;BNHS_0626
BN-102TrP5ER32;0.0;0.0;38.0;BNHS_0626
BN-102TrP5ER4;0.0;0.0;38.0;BNHS_0626
BN-102TrP5ER5;0.0;0.0;38.0;BNHS_0626
BN-102TrP5ER6;0.0;0.0;38.0;BNHS_0626
BN-102TrP5ER7;0.0;0.0;38.0;BNHS_0626
BN-102TrP5ER8;0.0;0.0;38.0;BNHS_0626
BN-102TrP5ER9;0.0;0.0;38.0;BNHS_0626
BN-103TrT01EFR42;0.0;0.0;38.0;BNHS_0626
BN-109TrP5CR14;0.0;0.0;38.0;BNHS_0626
BN-109TrP5CR15;0.0;0.0;38.0;BNHS_0626
BN-109TrP5CR16;0.0;0.0;38.0;BNHS_0626
BN-109TrP5CR17;0.0;0.0;38.0;BNHS_0626
BN-109TrP5CR18;0.0;0.0;38.0;BNHS_0626
BN-109TrP5CR19;0.0;0.0;38.0;BNHS_0626
BN-109TrP5CR20;0.0;0.0;38.0;BNHS_0626
BN-109TrP5CR21;0.0;0.0;38.0;BNHS_0626
BN-109TrP5CR22;0.0;0.0;38.0;BNHS_0626
BN-109TrP5CR23;0.0;0.0;38.0;BNHS_0626
BN-109TrP5CR24;0.0;0.0;38.0;BNHS_0626
BN-109TrP5CR25;0.0;0.0;38.0;BNHS_0626
BN-109TrP5CR26;0.0;0.0;38.0;BNHS_0626
BN-109TrP5CR27;0.0;0.0;38.0;BNHS_0626
BN-109TrP5CR28;0.0;0.0;38.0;BNHS_0626
BN-109TrP5CR29;0.0;0.0;38.0;BNHS_0626
BN-109TrP5CR30;0.0;0.0;38.0;BNHS_0626
BN-109TrP5CR31;0.0;0.0;38.0;BNHS_0626
BN-109TrP5CR32;0.0;0.0;38.0;BNHS_0626
BN-109TrP5CR33;0.0;0.0;38.0;BNHS_0626
BN-109TrP5CR34;0.0;0.0;38.0;BNHS_0626
BN-109TrP5CR35;0.0;0.0;38.0;BNHS_0626
BN-109TrP5CR36;0.0;0.0;38.0;BNHS_0626
BN-109TrP5CR37;0.0;0.0;38.0;BNHS_0626
BN-109TrP5CR38;0.0;0.0;38.0;BNHS_0626
BN-109TrP5CR39;0.0;0.0;38.0;BNHS_0626
BN-109TrP5CR40;0.0;0.0;38.0;BNHS_0626
BN-109TrP5CR41;0.0;0.0;38.0;BNHS_0626
BN-109TrP5CR42;0.0;0.0;38.0;BNHS_0626
BN-109TrP5CR43;0.0;0.0;38.0;BNHS_0626
BN-109TrP5CR44;0.0;0.0;38.0;BNHS_0626
BN-109TrP5CR45;0.0;0.0;38.0;BNHS_0626
BN-109TrP5CR46;0.0;0.0;38.0;BNHS_0626
BN-109TrP5CR47;0.0;0.0;38.0;BNHS_0626
BN-109TrP5CR48;0.0;0.0;38.0;BNHS_0626
BN-109TrP5CR49;0.0;0.0;38.0;BNHS_0626
BN-109TrP5CR50;0.0;0.0;38.0;BNHS_0626
BN-109TrP5CR51;0.0;0.0;38.0;BNHS_0626
BN-109TrP5CR52;0.0;0.0;38.0;BNHS_0626
BN-109TrP5CR53;0.0;0.0;38.0;BNHS_0626
BN-120Taille1C6R1;0.0;0.0;38.0;BNHS_0626
BN-120Taille1C6R2;0.0;0.0;38.0;BNHS_0626
BN-120Taille1C6R3;0.0;0.0;38.0;BNHS_0626
BN-120Taille1C6R4;0.0;0.0;38.0;BNHS_0626
BN-120Taille1C6R5;0.0;0.0;38.0;BNHS_0626
BN-120Taille1C6R6;0.0;0.0;38.0;BNHS_0626
BN-120Taille1C6R7;0.0;0.0;38.0;BNHS_0626
BN-120Taille1C6R8;0.0;0.0;38.0;BNHS_0626
BN-123TrWR29;0.0;0.0;38.0;BNHS_0626
BN-123TrWR30;0.0;0.0;38.0;BNHS_0626
BN-123TrWR31;0.0;0.0;38.0;BNHS_0626
BN-123TrWR32;0.0;0.0;38.0;BNHS_0626
BN-123TrWR33;0.0;0.0;38.0;BNHS_0626
BN-123TrWR34;0.0;0.0;38.0;BNHS_0626
BN-123TrWR35;0.0;0.0;38.0;BNHS_0626
BN-123TrWR36;0.0;0.0;38.0;BNHS_0626
BN-123TrWR37;0.0;0.0;38.0;BNHS_0626
BN-123TrWR38;0.0;0.0;38.0;BNHS_0626
BN-123TrWR39;0.0;0.0;38.0;BNHS_0626
BN-123TrWR40;0.0;0.0;38.0;BNHS_0626
BN-123TrWR41;0.0;0.0;38.0;BNHS_0626
BN-40Taille1WTrW7FR0;0.0;0.0;38.0;BNHS_0626
BN-40Taille1WTrW7FR1;0.0;0.0;38.0;BNHS_0626
BN-40Taille1WTrW7FR10;0.0;0.0;38.0;BNHS_0626
BN-40Taille1WTrW7FR11;0.0;0.0;38.0;BNHS_0626
BN-40Taille1WTrW7FR12;0.0;0.0;38.0;BNHS_0626
BN-40Taille1WTrW7FR2;0.0;0.0;38.0;BNHS_0626
BN-40Taille1WTrW7FR6;0.0;0.0;38.0;BNHS_0626
BN-40Taille1WTrW7FR7;0.0;0.0;38.0;BNHS_0626
BN-40Taille1WTrW7FR8;0.0;0.0;38.0;BNHS_0626
BN-40Taille1WTrW7FR9;0.0;0.0;38.0;BNHS_0626
BN-80Taille01T7R32;0.0;0.0;38.0;BNHS_0626
BN-80Taille01T7R33;0.0;0.0;38.0;BNHS_0626
BN-80Taille01T7R34;0.0;0.0;38.0;BNHS_0626
BN-80Taille01T7R35;0.0;0.0;38.0;BNHS_0626
BN-80Taille01T7R36;0.0;0.0;38.0;BNHS_0626
BN-80Taille03T13R1;0.0;0.0;38.0;BNHS_0626
BN-80Taille03T13R10;0.0;0.0;38.0;BNHS_0626
BN-80Taille03T13R11;0.0;0.0;38.0;BNHS_0626
BN-80Taille03T13R12;0.0;0.0;38.0;BNHS_0626
BN-80Taille03T13R13;0.0;0.0;38.0;BNHS_0626
BN-80Taille03T13R14;0.0;0.0;38.0;BNHS_0626
BN-80Taille03T13R15;0.0;0.0;38.0;BNHS_0626
BN-80Taille03T13R16;0.0;0.0;38.0;BNHS_0626
BN-80Taille03T13R17;0.0;0.0;38.0;BNHS_0626
BN-80Taille03T13R18;0.0;0.0;38.0;BNHS_0626
BN-80Taille03T13R19;0.0;0.0;38.0;BNHS_0626
BN-80Taille03T13R2;0.0;0.0;38.0;BNHS_0626
BN-80Taille03T13R20;0.0;0.0;38.0;BNHS_0626
BN-80Taille03T13R21;0.0;0.0;38.0;BNHS_0626
BN-80Taille03T13R22;0.0;0.0;38.0;BNHS_0626
BN-80Taille03T13R3;0.0;0.0;38.0;BNHS_0626
BN-80Taille03T13R4;0.0;0.0;38.0;BNHS_0626
BN-80Taille03T13R5;0.0;0.0;38.0;BNHS_0626
BN-80Taille03T13R6;0.0;0.0;38.0;BNHS_0626
BN-80Taille03T13R7;0.0;0.0;38.0;BNHS_0626
BN-80Taille03T13R8;0.0;0.0;38.0;BNHS_0626
BN-80Taille03T13R9;0.0;0.0;38.0;BNHS_0626
BN-80Taille03T15R1;0.0;0.0;38.0;BNHS_0626
BN-80Taille03T15R2;0.0;0.0;38.0;BNHS_0626
BN-80Taille03T15R3;0.0;0.0;38.0;BNHS_0626
BN-80Taille03T15R4;0.0;0.0;38.0;BNHS_0626
BN-80Taille03T15R5;0.0;0.0;38.0;BNHS_0626
BN-80Taille03T15R6;0.0;0.0;38.0;BNHS_0626
BN-80Taille03T15R7;0.0;0.0;38.0;BNHS_0626
BN-80Taille03T15R8;0.0;0.0;38.0;BNHS_0626
BN-80Taille06T7R12;0.0;0.0;38.0;BNHS_0626
BN-80Taille06T7R13;0.0;0.0;38.0;BNHS_0626
BN-80Taille06T7R14;0.0;0.0;38.0;BNHS_0626
BN-80TrTaille01B0F20;0.0;0.0;38.0;BNHS_0626
BN-80TrTaille01B0F21;0.0;0.0;38.0;BNHS_0626
BN-80TrTaille01B0F22;0.0;0.0;38.0;BNHS_0626
BN-80TrTaille01B0F23;0.0;0.0;38.0;BNHS_0626
BN-80TrTaille01B0F24;0.0;0.0;38.0;BNHS_0626
BN-80TrTaille01B0F25;0.0;0.0;38.0;BNHS_0626
BN-80TrTaille01B0F26;0.0;0.0;38.0;BNHS_0626
BN-80TrTaille01B0F27;0.0;0.0;38.0;BNHS_0626
BN-80TrTaille01B0F28;0.0;0.0;38.0;BNHS_0626
BN-80TrTaille01B0F29;0.0;0.0;38.0;BNHS_0626
BN-80TrTaille01B0F30;0.0;0.0;38.0;BNHS_0626
BN-80TrTaille01B0F31;0.0;0.0;38.0;BNHS_0626
BN-80TrTaille01B0F32;0.0;0.0;38.0;BNHS_0626
BN-80TrTaille01B0F33;0.0;0.0;38.0;BNHS_0626
BN-80TrTaille01B0F34;0.0;0.0;38.0;BNHS_0626
BN-80TrTaille01B0F35;0.0;0.0;38.0;BNHS_0626
BN-80TrTaille01B0F36;0.0;0.0;38.0;BNHS_0626
BN-80TrTaille01B0F37;0.0;0.0;38.0;BNHS_0626
BN-80TrTaille01B0F38;0.0;0.0;38.0;BNHS_0626
BN-80TrTaille01B0F39;0.0;0.0;38.0;BNHS_0626
BN-80TrTaille01B0F40;0.0;0.0;38.0;BNHS_0626
BN-88ChTrW5E1;0.0;0.0;38.0;BNHS_0626
BN-88ChTrW5E2;0.0;0.0;38.0;BNHS_0626
BN-88TrP5ER86;0.0;0.0;38.0;BNHS_0626
BN-88TrP5ER87;0.0;0.0;38.0;BNHS_0626
BN-88TrP5ER88;0.0;0.0;38.0;BNHS_0626
BN-88TrP5WR104;0.0;0.0;38.0;BNHS_0626
BN-88TrP5WR105;0.0;0.0;38.0;BNHS_0626
BN-88TrP5WR106;0.0;0.0;38.0;BNHS_0626
BN-88TrP5WR107;0.0;0.0;38.0;BNHS_0626
BN-88TrP5WR108;0.0;0.0;38.0;BNHS_0626
BN-40TrTaille1CStWFR25;0.0;0.0;38.0;BNHS_0626
BN-40TrTaille1CStWFR26;0.0;0.0;38.0;BNHS_0626
BN-40TrTaille1CStWFR27;0.0;0.0;38.0;BNHS_0626
BN-40TrTaille1CStWFR28;0.0;0.0;38.0;BNHS_0626
BN-130TrWSt2Rcp3FR5;0.0;0.0;38.0;BNHS_0626
BN-130TrWSt2Rcp3FR6;0.0;0.0;38.0;BNHS_0626
BN-130TrWSt2Rcp3FR7;0.0;0.0;38.0;BNHS_0626
BN-130TrWSt2Rcp3FR8;0.0;0.0;38.0;BNHS_0626
BN-130TrWSt2Rcp3FR9;0.0;0.0;38.0;BNHS_0626
BN-130TrWSt2Rcp3FR10;0.0;0.0;38.0;BNHS_0626
BN-40Tr1CSPWEFR1;0.0;0.0;38.0;BNHS_0626
BN-40Tr1CSPWEFR2;0.0;0.0;38.0;BNHS_0626
BN-40Tr1CSPWEFR3;0.0;0.0;38.0;BNHS_0626
BN-40Tr1CSPWEFR4;0.0;0.0;38.0;BNHS_0626
BN-40Tr1CSPWEFR5;0.0;0.0;38.0;BNHS_0626
BN-40Tr1CSPWEFR6;0.0;0.0;38.0;BNHS_0626
BN-40Tr1CSPWEFR7;0.0;0.0;38.0;BNHS_0626
BN-40Tr1CSPWEFR8;0.0;0.0;38.0;BNHS_0626
BN-40Tr1CSPWEFR9;0.0;0.0;38.0;BNHS_0626
BN-40Tr1CSPWWFR1;0.0;0.0;38.0;BNHS_0626
BN-40Tr1CSPWWFR2;0.0;0.0;38.0;BNHS_0626
BN-40Tr1CSPWWFR3;0.0;0.0;38.0;BNHS_0626
BN-40Tr1CSPWWFR4;0.0;0.0;38.0;BNHS_0626
BN-40Tr1CSPWWFR5;0.0;0.0;38.0;BNHS_0626
BN-40Tr1CSPWWFR6;0.0;0.0;38.0;BNHS_0626
BN-40Tr1CSPWWFR7;0.0;0.0;38.0;BNHS_0626
BN-40Tr1CSPWWFR8;0.0;0.0;38.0;BNHS_0626
BN-40Tr1CSPWWFR9;0.0;0.0;38.0;BNHS_0626
BN-48-1C-SAT2-STEFR1;0.0;0.0;38.0;BNHS_0626
BN-48-1C-SAT2-STEFR2;0.0;0.0;38.0;BNHS_0626
BN-48-1C-SAT2-STEFR3;0.0;0.0;38.0;BNHS_0626
BN-48-1C-SAT2-STEFR4;0.0;0.0;38.0;BNHS_0626
BN-48-1C-SAT2-STEFR5;0.0;0.0;38.0;BNHS_0626
BN-48-1C-SAT2-STEFR6;0.0;0.0;38.0;BNHS_0626
BN-48-1C-SAT2-STEFR7;0.0;0.0;38.0;BNHS_0626
BN-48-1C-SAT2-STEFR8;0.0;0.0;38.0;BNHS_0626
BN-48-1C-SAT2-STEFR9;0.0;0.0;38.0;BNHS_0626
BN-48-1C-SAT2-STEFR10;0.0;0.0;38.0;BNHS_0626
BN-48-1C-SAT2-STEFR11;0.0;0.0;38.0;BNHS_0626
BN-48-1C-SAT2-STEFR12;0.0;0.0;38.0;BNHS_0626
BN-48-1C-SAT2-STEFR13;0.0;0.0;38.0;BNHS_0626
BN-48-1C-SAT2-STEFR14;0.0;0.0;38.0;BNHS_0626
BN-48-1C-SAT2-STEFR15;0.0;0.0;38.0;BNHS_0626
BN-100TrP5WR10;0.0;0.0;37.0;BNHS_0626
BN-100TrP5WR11;0.0;0.0;37.0;BNHS_0626
BN-100TrP5WR12;0.0;0.0;37.0;BNHS_0626
BN-100TrP5WR13;0.0;0.0;37.0;BNHS_0626
BN-100TrP5WR14;0.0;0.0;37.0;BNHS_0626
BN-100TrP5WR15;0.0;0.0;37.0;BNHS_0626
BN-100TrP5WR16;0.0;0.0;37.0;BNHS_0626
BN-100TrP5WR17;0.0;0.0;37.0;BNHS_0626
BN-100TrP5WR18;0.0;0.0;37.0;BNHS_0626
BN-100TrP5WR19;0.0;0.0;37.0;BNHS_0626
BN-100TrP5WR20;0.0;0.0;37.0;BNHS_0626
BN-100TrP5WR21;0.0;0.0;37.0;BNHS_0626
BN-100TrP5WR22;0.0;0.0;37.0;BNHS_0626
BN-100TrP5WR23;0.0;0.0;37.0;BNHS_0626
BN-100TrP5WR24;0.0;0.0;37.0;BNHS_0626
BN-100TrP5WR25;0.0;0.0;37.0;BNHS_0626
BN-100TrP5WR26;0.0;0.0;37.0;BNHS_0626
BN-100TrP5WR27;0.0;0.0;37.0;BNHS_0626
BN-100TrP5WR28;0.0;0.0;37.0;BNHS_0626
BN-100TrP5WR29;0.0;0.0;37.0;BNHS_0626
BN-100TrP5WR30;0.0;0.0;37.0;BNHS_0626
BN-100TrP5WR31;0.0;0.0;37.0;BNHS_0626
BN-100TrP5WR32;0.0;0.0;37.0;BNHS_0626
BN-100TrP5WR33;0.0;0.0;37.0;BNHS_0626
BN-100TrP5WR34;0.0;0.0;37.0;BNHS_0626
BN-100TrP5WR35;0.0;0.0;37.0;BNHS_0626
BN-100TrP5WR36;0.0;0.0;37.0;BNHS_0626
BN-100TrP5WR37;0.0;0.0;37.0;BNHS_0626
BN-100TrP5WR38;0.0;0.0;37.0;BNHS_0626
BN-100TrP5WR39;0.0;0.0;37.0;BNHS_0626
BN-100TrP5WR4;0.0;0.0;37.0;BNHS_0626
BN-100TrP5WR40;0.0;0.0;37.0;BNHS_0626
BN-100TrP5WR5;0.0;0.0;37.0;BNHS_0626
BN-100TrP5WR6;0.0;0.0;37.0;BNHS_0626
BN-100TrP5WR7;0.0;0.0;37.0;BNHS_0626
BN-100TrP5WR8;0.0;0.0;37.0;BNHS_0626
BN-100TrP5WR9;0.0;0.0;37.0;BNHS_0626
BN-103TrT01EFR43;0.0;0.0;37.0;BNHS_0626
BN-88TrP5ER36;0.0;0.0;37.0;BNHS_0626
BN-88TrP5ER37;0.0;0.0;37.0;BNHS_0626
BN-88TrP5ER38;0.0;0.0;37.0;BNHS_0626
BN-88TrP5ER39;0.0;0.0;37.0;BNHS_0626
BN-88TrP5ER40;0.0;0.0;37.0;BNHS_0626
BN-88TrP5ER41;0.0;0.0;37.0;BNHS_0626
BN-88TrP5ER42;0.0;0.0;37.0;BNHS_0626
BN-88TrP5ER43;0.0;0.0;37.0;BNHS_0626
BN-88TrP5ER44;0.0;0.0;37.0;BNHS_0626
BN-88TrP5ER45;0.0;0.0;37.0;BNHS_0626
BN-88TrP5ER46;0.0;0.0;37.0;BNHS_0626
BN-88TrP5ER47;0.0;0.0;37.0;BNHS_0626
BN-88TrP5ER48;0.0;0.0;37.0;BNHS_0626
BN-88TrP5ER49;0.0;0.0;37.0;BNHS_0626
BN-88TrP5ER50;0.0;0.0;37.0;BNHS_0626
BN-88TrP5ER51;0.0;0.0;37.0;BNHS_0626
BN-88TrP5ER52;0.0;0.0;37.0;BNHS_0626
BN-88TrP5ER53;0.0;0.0;37.0;BNHS_0626
BN-88TrP5ER54;0.0;0.0;37.0;BNHS_0626
BN-88TrP5ER55;0.0;0.0;37.0;BNHS_0626
BN-88TrP5ER56;0.0;0.0;37.0;BNHS_0626
BN-88TrP5ER57;0.0;0.0;37.0;BNHS_0626
BN-88TrP5ER82;0.0;0.0;37.0;BNHS_0626
BN-88TrP5ER83;0.0;0.0;37.0;BNHS_0626
BN-88TrP5ER84;0.0;0.0;37.0;BNHS_0626
BN-88TrP5ER85;0.0;0.0;37.0;BNHS_0626
BN-88TrP5WR22;0.0;0.0;37.0;BNHS_0626
BN-88TrP5WR23;0.0;0.0;37.0;BNHS_0626
BN-88TrP5WR24;0.0;0.0;37.0;BNHS_0626
BN-88TrP5WR25;0.0;0.0;37.0;BNHS_0626
BN-88TrP5WR26;0.0;0.0;37.0;BNHS_0626
BN-88TrP5WR27;0.0;0.0;37.0;BNHS_0626
BN-88TrP5WR28;0.0;0.0;37.0;BNHS_0626
BN-88TrP5WR29;0.0;0.0;37.0;BNHS_0626
BN-88TrP5WR30;0.0;0.0;37.0;BNHS_0626
BN-88TrP5WR1;0.0;0.0;36.7;BNHS_0626
BN-88TrP5WR10;0.0;0.0;36.7;BNHS_0626
BN-88TrP5WR11;0.0;0.0;36.7;BNHS_0626
BN-88TrP5WR12;0.0;0.0;36.7;BNHS_0626
BN-88TrP5WR13;0.0;0.0;36.7;BNHS_0626
BN-88TrP5WR14;0.0;0.0;36.7;BNHS_0626
BN-88TrP5WR16;0.0;0.0;36.7;BNHS_0626
BN-88TrP5WR18;0.0;0.0;36.7;BNHS_0626
BN-88TrP5WR19;0.0;0.0;36.7;BNHS_0626
BN-88TrP5WR2;0.0;0.0;36.7;BNHS_0626
BN-88TrP5WR20;0.0;0.0;36.7;BNHS_0626
BN-88TrP5WR21;0.0;0.0;36.7;BNHS_0626
BN-88TrP5WR3;0.0;0.0;36.7;BNHS_0626
BN-88TrP5WR4;0.0;0.0;36.7;BNHS_0626
BN-88TrP5WR5;0.0;0.0;36.7;BNHS_0626
BN-88TrP5WR6;0.0;0.0;36.7;BNHS_0626
BN-88TrP5WR7;0.0;0.0;36.7;BNHS_0626
BN-88TrP5WR8;0.0;0.0;36.7;BNHS_0626
BN-88TrP5WR9;0.0;0.0;36.7;BNHS_0626
BN-103TrT01EFR44;0.0;0.0;36.0;BNHS_0626
BN-109TrP5ER1;0.0;0.0;36.0;BNHS_0626
BN-109TrP5ER2;0.0;0.0;36.0;BNHS_0626
BN-109TrP5ER3;0.0;0.0;36.0;BNHS_0626
BN-109TrP5ER4;0.0;0.0;36.0;BNHS_0626
BN-40TrP5WF25;0.0;0.0;36.0;BNHS_0626
BN-40TrP5WF7;0.0;0.0;36.0;BNHS_0626
BN-80Taille01T7R43;0.0;0.0;36.0;BNHS_0626
BN-80Taille01T7R44;0.0;0.0;36.0;BNHS_0626
BN-80Taille01T7R45;0.0;0.0;36.0;BNHS_0626
BN-80Taille01T7R46;0.0;0.0;36.0;BNHS_0626
BN-80Taille01T7R47;0.0;0.0;36.0;BNHS_0626
BN-88TrP5ER23;0.0;0.0;36.0;BNHS_0626
BN-88TrP5ER24;0.0;0.0;36.0;BNHS_0626
BN-88TrP5ER25;0.0;0.0;36.0;BNHS_0626
BN-88TrP5ER26;0.0;0.0;36.0;BNHS_0626
BN-88TrP5ER27;0.0;0.0;36.0;BNHS_0626
BN-88TrP5ER28;0.0;0.0;36.0;BNHS_0626
BN-88TrP5ER29;0.0;0.0;36.0;BNHS_0626
BN-88TrP5ER30;0.0;0.0;36.0;BNHS_0626
BN-88TrP5ER31;0.0;0.0;36.0;BNHS_0626
BN-88TrP5ER32;0.0;0.0;36.0;BNHS_0626
BN-88TrP5ER33;0.0;0.0;36.0;BNHS_0626
BN-88TrP5ER34;0.0;0.0;36.0;BNHS_0626
BN-88TrP5ER35;0.0;0.0;36.0;BNHS_0626
BN-88TrP5ER89;0.0;0.0;36.0;BNHS_0626
BN-88TrP5ER90;0.0;0.0;36.0;BNHS_0626
BN-88TrP5ER91;0.0;0.0;36.0;BNHS_0626
BN-88TrP5ER92;0.0;0.0;36.0;BNHS_0626
BN-88TrP5ER93;0.0;0.0;36.0;BNHS_0626
BN-100TrP5BisWR1;0.0;0.0;35.0;BNHS_0626
BN-100TrP5BisWR2;0.0;0.0;35.0;BNHS_0626
BN-100TrP5BisWR3;0.0;0.0;35.0;BNHS_0626
BN-100TrP5BisWR4;0.0;0.0;35.0;BNHS_0626
BN-100TrP5BisWR5;0.0;0.0;35.0;BNHS_0626
BN-100TrP5BisWR6;0.0;0.0;35.0;BNHS_0626
BN-100TrP5BisWR7;0.0;0.0;35.0;BNHS_0626
BN-100TrP5BisWR8;0.0;0.0;35.0;BNHS_0626
BN-100TrSt3ER11;0.0;0.0;35.0;BNHS_0626
BN-100TrSt3ER12;0.0;0.0;35.0;BNHS_0626
BN-100TrSt3ER13;0.0;0.0;35.0;BNHS_0626
BN-100TrT01B1FR1;0.0;0.0;35.0;BNHS_0626
BN-100TrT01B1FR10;0.0;0.0;35.0;BNHS_0626
BN-100TrT01B1FR11;0.0;0.0;35.0;BNHS_0626
BN-100TrT01B1FR12;0.0;0.0;35.0;BNHS_0626
BN-100TrT01B1FR13;0.0;0.0;35.0;BNHS_0626
BN-100TrT01B1FR14;0.0;0.0;35.0;BNHS_0626
BN-100TrT01B1FR15;0.0;0.0;35.0;BNHS_0626
BN-100TrT01B1FR16;0.0;0.0;35.0;BNHS_0626
BN-100TrT01B1FR17;0.0;0.0;35.0;BNHS_0626
BN-100TrT01B1FR18;0.0;0.0;35.0;BNHS_0626
BN-100TrT01B1FR19;0.0;0.0;35.0;BNHS_0626
BN-123TrWR24;0.0;0.0;35.0;BNHS_0626
BN-100TrT01B1FR2;0.0;0.0;35.0;BNHS_0626
BN-100TrT01B1FR20;0.0;0.0;35.0;BNHS_0626
BN-100TrT01B1FR21;0.0;0.0;35.0;BNHS_0626
BN-100TrT01B1FR22;0.0;0.0;35.0;BNHS_0626
BN-100TrT01B1FR23;0.0;0.0;35.0;BNHS_0626
BN-100TrT01B1FR24;0.0;0.0;35.0;BNHS_0626
BN-100TrT01B1FR25;0.0;0.0;35.0;BNHS_0626
BN-100TrT01B1FR26;0.0;0.0;35.0;BNHS_0626
BN-100TrT01B1FR27;0.0;0.0;35.0;BNHS_0626
BN-100TrT01B1FR28;0.0;0.0;35.0;BNHS_0626
BN-100TrT01B1FR29;0.0;0.0;35.0;BNHS_0626
BN-100TrT01B1FR3;0.0;0.0;35.0;BNHS_0626
BN-100TrT01B1FR30;0.0;0.0;35.0;BNHS_0626
BN-100TrT01B1FR31;0.0;0.0;35.0;BNHS_0626
BN-100TrT01B1FR32;0.0;0.0;35.0;BNHS_0626
BN-100TrT01B1FR33;0.0;0.0;35.0;BNHS_0626
BN-100TrT01B1FR34;0.0;0.0;35.0;BNHS_0626
BN-100TrT01B1FR35;0.0;0.0;35.0;BNHS_0626
BN-100TrT01B1FR36;0.0;0.0;35.0;BNHS_0626
BN-100TrT01B1FR37;0.0;0.0;35.0;BNHS_0626
BN-100TrT01B1FR38;0.0;0.0;35.0;BNHS_0626
BN-100TrT01B1FR39;0.0;0.0;35.0;BNHS_0626
BN-100TrT01B1FR4;0.0;0.0;35.0;BNHS_0626
BN-100TrT01B1FR40;0.0;0.0;35.0;BNHS_0626
BN-100TrT01B1FR41;0.0;0.0;35.0;BNHS_0626
BN-100TrT01B1FR42;0.0;0.0;35.0;BNHS_0626
BN-100TrT01B1FR43;0.0;0.0;35.0;BNHS_0626
BN-100TrT01B1FR44;0.0;0.0;35.0;BNHS_0626
BN-100TrT01B1FR45;0.0;0.0;35.0;BNHS_0626
BN-100TrT01B1FR46;0.0;0.0;35.0;BNHS_0626
BN-100TrT01B1FR47;0.0;0.0;35.0;BNHS_0626
BN-100TrT01B1FR48;0.0;0.0;35.0;BNHS_0626
BN-100TrT01B1FR5;0.0;0.0;35.0;BNHS_0626
BN-100TrT01B1FR6;0.0;0.0;35.0;BNHS_0626
BN-100TrT01B1FR7;0.0;0.0;35.0;BNHS_0626
BN-100TrT01B1FR8;0.0;0.0;35.0;BNHS_0626
BN-100TrT01B1FR9;0.0;0.0;35.0;BNHS_0626
BN-100TrT01WFR21;0.0;0.0;35.0;BNHS_0626
BN-100TrT01WFR22;0.0;0.0;35.0;BNHS_0626
BN-100TrT01WFR51;0.0;0.0;35.0;BNHS_0626
BN-100TrT01WFR52;0.0;0.0;35.0;BNHS_0626
BN-100TrT01WFR53;0.0;0.0;35.0;BNHS_0626
BN-100TrT01WFR54;0.0;0.0;35.0;BNHS_0626
BN-100TrT01WFR55;0.0;0.0;35.0;BNHS_0626
BN-100TrT01WFR56;0.0;0.0;35.0;BNHS_0626
BN-100TrT01WFR57;0.0;0.0;35.0;BNHS_0626
BN-100TrT01WFR58;0.0;0.0;35.0;BNHS_0626
BN-100TrT01WFR59;0.0;0.0;35.0;BNHS_0626
BN-100TrT01WFR60;0.0;0.0;35.0;BNHS_0626
BN-100TrT01WFR61;0.0;0.0;35.0;BNHS_0626
BN-102ChTrE7E2;0.0;0.0;35.0;BNHS_0626
BN-103TrT01EFR45;0.0;0.0;35.0;BNHS_0626
BN-120TailleFOE4R6;0.0;0.0;35.0;BNHS_0626
BN-120TailleFOW3R1;0.0;0.0;35.0;BNHS_0626
BN-120TailleFOW3R10;0.0;0.0;35.0;BNHS_0626
BN-120TailleFOW3R11;0.0;0.0;35.0;BNHS_0626
BN-120TailleFOW3R13;0.0;0.0;35.0;BNHS_0626
BN-120TailleFOW3R14;0.0;0.0;35.0;BNHS_0626
BN-120TailleFOW3R15;0.0;0.0;35.0;BNHS_0626
BN-120TailleFOW3R16;0.0;0.0;35.0;BNHS_0626
BN-120TailleFOW3R17;0.0;0.0;35.0;BNHS_0626
BN-120TailleFOW3R18;0.0;0.0;35.0;BNHS_0626
BN-120TailleFOW3R19;0.0;0.0;35.0;BNHS_0626
BN-120TailleFOW3R2;0.0;0.0;35.0;BNHS_0626
BN-120TailleFOW3R3;0.0;0.0;35.0;BNHS_0626
BN-120TailleFOW3R4;0.0;0.0;35.0;BNHS_0626
BN-120TailleFOW3R5;0.0;0.0;35.0;BNHS_0626
BN-120TailleFOW3R6;0.0;0.0;35.0;BNHS_0626
BN-120TailleFOW3R7;0.0;0.0;35.0;BNHS_0626
BN-120TailleFOW3R8;0.0;0.0;35.0;BNHS_0626
BN-120TailleFOW3R9;0.0;0.0;35.0;BNHS_0626
BN-120TrRcp2St2ER23;0.0;0.0;35.0;BNHS_0626
BN-120TrRcp3WR23;0.0;0.0;35.0;BNHS_0626
BN-120TrRcp3WR24;0.0;0.0;35.0;BNHS_0626
BN-120TrRcp3WR25;0.0;0.0;35.0;BNHS_0626
BN-120TrRcp3WR26;0.0;0.0;35.0;BNHS_0626
BN-120TrRcp3WR27;0.0;0.0;35.0;BNHS_0626
BN-120TrRcp3WR28;0.0;0.0;35.0;BNHS_0626
BN-120TrRcp3WR29;0.0;0.0;35.0;BNHS_0626
BN-120TrRcp3WR30;0.0;0.0;35.0;BNHS_0626
BN-120TrRcp3WR31;0.0;0.0;35.0;BNHS_0626
BN-120TrRcp3WR32;0.0;0.0;35.0;BNHS_0626
BN-120TrRcp3WR33;0.0;0.0;35.0;BNHS_0626
BN-120TrRcp3WR34;0.0;0.0;35.0;BNHS_0626
BN-120TrRcp3WR35;0.0;0.0;35.0;BNHS_0626
BN-120TrRcp3WR36;0.0;0.0;35.0;BNHS_0626
BN-120TrRcp3WR37;0.0;0.0;35.0;BNHS_0626
BN-120TrRcp3WR38;0.0;0.0;35.0;BNHS_0626
BN-120TrRcp3WR39;0.0;0.0;35.0;BNHS_0626
BN-120TrRcp3WR40;0.0;0.0;35.0;BNHS_0626
BN-120TrRcp3WR41;0.0;0.0;35.0;BNHS_0626
BN-120TrRcp3WR42;0.0;0.0;35.0;BNHS_0626
BN-120TrRcp3WR43;0.0;0.0;35.0;BNHS_0626
BN-120TrRcp3WR44;0.0;0.0;35.0;BNHS_0626
BN-120TrRcp3WR45;0.0;0.0;35.0;BNHS_0626
BN-120TrRcp3WR46;0.0;0.0;35.0;BNHS_0626
BN-120TrRcp3WR47;0.0;0.0;35.0;BNHS_0626
BN-120TrRcp3WR48;0.0;0.0;35.0;BNHS_0626
BN-123TrERp3R1;0.0;0.0;35.0;BNHS_0626
BN-123TrERp3R2;0.0;0.0;35.0;BNHS_0626
BN-123TrERp3R3;0.0;0.0;35.0;BNHS_0626
BN-123TrERp3R4;0.0;0.0;35.0;BNHS_0626
BN-123TrERp3R5;0.0;0.0;35.0;BNHS_0626
BN-123TrERp3R6;0.0;0.0;35.0;BNHS_0626
BN-123TrWR20;0.0;0.0;35.0;BNHS_0626
BN-123TrWR21;0.0;0.0;35.0;BNHS_0626
BN-123TrWR22;0.0;0.0;35.0;BNHS_0626
BN-123TrWR23;0.0;0.0;35.0;BNHS_0626
BN-123TrWR25;0.0;0.0;35.0;BNHS_0626
BN-123TrWR26;0.0;0.0;35.0;BNHS_0626
BN-123TrWR27;0.0;0.0;35.0;BNHS_0626
BN-123TrWR28;0.0;0.0;35.0;BNHS_0626
BN-124TrWR17;0.0;0.0;35.0;BNHS_0626
BN-124TrWR18;0.0;0.0;35.0;BNHS_0626
BN-40TrP5WF262;0.0;0.0;35.0;BNHS_0626
BN-40TrP5WF298;0.0;0.0;35.0;BNHS_0626
BN-40TrTaille1CFR39;0.0;0.0;35.0;BNHS_0626
BN-40TrTaille1CFR40;0.0;0.0;35.0;BNHS_0626
BN-40TrTaille1CFR41;0.0;0.0;35.0;BNHS_0626
BN-40TrTaille1CFR42;0.0;0.0;35.0;BNHS_0626
BN-40TrTaille1CFR43;0.0;0.0;35.0;BNHS_0626
BN-40TrTaille1CFR44;0.0;0.0;35.0;BNHS_0626
BN-40TrTaille1CFR45;0.0;0.0;35.0;BNHS_0626
BN-40TrTaille1CFR46;0.0;0.0;35.0;BNHS_0626
BN-40TrTaille1CFR47;0.0;0.0;35.0;BNHS_0626
BN-40TrTaille1CFR48;0.0;0.0;35.0;BNHS_0626
BN-40TrTaille1CFR49;0.0;0.0;35.0;BNHS_0626
BN-40TrTaille1CFR78;0.0;0.0;35.0;BNHS_0626
BN-40TrTaille1CFR79;0.0;0.0;35.0;BNHS_0626
BN-40TrTaille1CFR80;0.0;0.0;35.0;BNHS_0626
BN-40TrTaille1CFR81;0.0;0.0;35.0;BNHS_0626
BN-40TrTaille1CFR82;0.0;0.0;35.0;BNHS_0626
BN-40TrTaille1CFR83;0.0;0.0;35.0;BNHS_0626
BN-40TrTaille1CFR84;0.0;0.0;35.0;BNHS_0626
BN-40TrTaille1CFR85;0.0;0.0;35.0;BNHS_0626
BN-40TrTaille1CFR86;0.0;0.0;35.0;BNHS_0626
BN-40TrTaille1CFR87;0.0;0.0;35.0;BNHS_0626
BN-40TrTaille1CFR88;0.0;0.0;35.0;BNHS_0626
BN-40TrTaille1CFR89;0.0;0.0;35.0;BNHS_0626
BN-40TrTaille1CFR90;0.0;0.0;35.0;BNHS_0626
BN-80Taille01T7R37;0.0;0.0;35.0;BNHS_0626
BN-80Taille03T8R14;0.0;0.0;35.0;BNHS_0626
BN-80Taille03T8R15;0.0;0.0;35.0;BNHS_0626
BN-80Taille06T7R10;0.0;0.0;35.0;BNHS_0626
BN-80Taille06T7R11;0.0;0.0;35.0;BNHS_0626
BN-80Taille06T7R7;0.0;0.0;35.0;BNHS_0626
BN-80Taille06T7R8;0.0;0.0;35.0;BNHS_0626
BN-80Taille06T7R9;0.0;0.0;35.0;BNHS_0626
BN-80Taille1W11R4;0.0;0.0;35.0;BNHS_0626
BN-80Taille1W18FR20;0.0;0.0;35.0;BNHS_0626
BN-80Taille1W18FR21;0.0;0.0;35.0;BNHS_0626
BN-80Taille1W18FR22;0.0;0.0;35.0;BNHS_0626
BN-80Taille1W18FR23;0.0;0.0;35.0;BNHS_0626
BN-80Taille1W18FR24;0.0;0.0;35.0;BNHS_0626
BN-80Taille1W18FR25;0.0;0.0;35.0;BNHS_0626
BN-80Taille1W18FR26;0.0;0.0;35.0;BNHS_0626
BN-80Taille1W18FR27;0.0;0.0;35.0;BNHS_0626
BN-80Taille1W18FR29;0.0;0.0;35.0;BNHS_0626
BN-80TrTaille01B0F1;0.0;0.0;35.0;BNHS_0626
BN-80TrTaille01B0F10;0.0;0.0;35.0;BNHS_0626
BN-80TrTaille01B0F11;0.0;0.0;35.0;BNHS_0626
BN-80TrTaille01B0F12;0.0;0.0;35.0;BNHS_0626
BN-80TrTaille01B0F13;0.0;0.0;35.0;BNHS_0626
BN-80TrTaille01B0F14;0.0;0.0;35.0;BNHS_0626
BN-80TrTaille01B0F15;0.0;0.0;35.0;BNHS_0626
BN-80TrTaille01B0F16;0.0;0.0;35.0;BNHS_0626
BN-80TrTaille01B0F17;0.0;0.0;35.0;BNHS_0626
BN-80TrTaille01B0F18;0.0;0.0;35.0;BNHS_0626
BN-80TrTaille01B0F19;0.0;0.0;35.0;BNHS_0626
BN-80TrTaille01B0F2;0.0;0.0;35.0;BNHS_0626
BN-80TrTaille01B0F3;0.0;0.0;35.0;BNHS_0626
BN-80TrTaille01B0F4;0.0;0.0;35.0;BNHS_0626
BN-80TrTaille01B0F5;0.0;0.0;35.0;BNHS_0626
BN-80TrTaille01B0F6;0.0;0.0;35.0;BNHS_0626
BN-80TrTaille01B0F7;0.0;0.0;35.0;BNHS_0626
BN-80TrTaille01B0F8;0.0;0.0;35.0;BNHS_0626
BN-80TrTaille01B0F9;0.0;0.0;35.0;BNHS_0626
BN-80TrTaille01B4F30;0.0;0.0;35.0;BNHS_0626
BN-80TrTaille01B4F31;0.0;0.0;35.0;BNHS_0626
BN-80TrTaille01B4F32;0.0;0.0;35.0;BNHS_0626
BN-80TrTaille01B4F33;0.0;0.0;35.0;BNHS_0626
BN-80TrTaille01B4F34;0.0;0.0;35.0;BNHS_0626
BN-80TrTaille01B4F35;0.0;0.0;35.0;BNHS_0626
BN-80TrTaille01B4F36;0.0;0.0;35.0;BNHS_0626
BN-80TrTaille01B4F37;0.0;0.0;35.0;BNHS_0626
BN-80TrTaille01B4F38;0.0;0.0;35.0;BNHS_0626
BN-80TrTaille01B4F39;0.0;0.0;35.0;BNHS_0626
BN-80TrTaille01B4F40;0.0;0.0;35.0;BNHS_0626
BN-80TrTaille01B4F41;0.0;0.0;35.0;BNHS_0626
BN-80TrTaille01B4F42;0.0;0.0;35.0;BNHS_0626
BN-80TrTaille01B4F43;0.0;0.0;35.0;BNHS_0626
BN-80TrTaille01B4F44;0.0;0.0;35.0;BNHS_0626
BN-80TrWF119;0.0;0.0;35.0;BNHS_0626
BN-80TrWF121;0.0;0.0;35.0;BNHS_0626
BN-80TrWF123;0.0;0.0;35.0;BNHS_0626
BN-80TrWF126;0.0;0.0;35.0;BNHS_0626
BN-80TrWF309;0.0;0.0;35.0;BNHS_0626
BN-88ChTrW4E1;0.0;0.0;35.0;BNHS_0626
BN-88ChTrW4E2;0.0;0.0;35.0;BNHS_0626
BN-88TrP5ER58;0.0;0.0;35.0;BNHS_0626
BN-88TrP5ER59;0.0;0.0;35.0;BNHS_0626
BN-88TrP5ER60;0.0;0.0;35.0;BNHS_0626
BN-88TrP5ER61;0.0;0.0;35.0;BNHS_0626
BN-88TrP5ER62;0.0;0.0;35.0;BNHS_0626
BN-88TrP5ER63;0.0;0.0;35.0;BNHS_0626
BN-88TrP5ER64;0.0;0.0;35.0;BNHS_0626
BN-88TrP5ER65;0.0;0.0;35.0;BNHS_0626
BN-88TrP5ER66;0.0;0.0;35.0;BNHS_0626
BN-88TrP5ER67;0.0;0.0;35.0;BNHS_0626
BN-88TrP5ER68;0.0;0.0;35.0;BNHS_0626
BN-88TrP5ER69;0.0;0.0;35.0;BNHS_0626
BN-88TrP5ER70;0.0;0.0;35.0;BNHS_0626
BN-88TrP5ER71;0.0;0.0;35.0;BNHS_0626
BN-88TrP5ER72;0.0;0.0;35.0;BNHS_0626
BN-88TrP5ER73;0.0;0.0;35.0;BNHS_0626
BN-88TrP5ER74;0.0;0.0;35.0;BNHS_0626
BN-88TrP5ER75;0.0;0.0;35.0;BNHS_0626
BN-88TrP5ER76;0.0;0.0;35.0;BNHS_0626
BN-88TrP5ER77;0.0;0.0;35.0;BNHS_0626
BN-88TrP5ER78;0.0;0.0;35.0;BNHS_0626
BN-88TrP5ER79;0.0;0.0;35.0;BNHS_0626
BN-88TrP5ER80;0.0;0.0;35.0;BNHS_0626
BN-88TrP5ER81;0.0;0.0;35.0;BNHS_0626
BN-88TrP5WR100;0.0;0.0;35.0;BNHS_0626
BN-88TrP5WR101;0.0;0.0;35.0;BNHS_0626
BN-88TrP5WR102;0.0;0.0;35.0;BNHS_0626
BN-88TrP5WR103;0.0;0.0;35.0;BNHS_0626
BN-88TrP5WR113;0.0;0.0;35.0;BNHS_0626
BN-88TrP5WR115;0.0;0.0;35.0;BNHS_0626
BN-88TrP5WR116;0.0;0.0;35.0;BNHS_0626
BN-88TrP5WR117;0.0;0.0;35.0;BNHS_0626
BN-88TrP5WR118;0.0;0.0;35.0;BNHS_0626
BN-88TrP5WR119;0.0;0.0;35.0;BNHS_0626
BN-88TrP5WR120;0.0;0.0;35.0;BNHS_0626
BN-88TrP5WR121;0.0;0.0;35.0;BNHS_0626
BN-88TrP5WR122;0.0;0.0;35.0;BNHS_0626
BN-88TrP5WR123;0.0;0.0;35.0;BNHS_0626
BN-88TrP5WR124;0.0;0.0;35.0;BNHS_0626
BN-88TrP5WR125;0.0;0.0;35.0;BNHS_0626
BN-88TrP5WR31;0.0;0.0;35.0;BNHS_0626
BN-88TrP5WR32;0.0;0.0;35.0;BNHS_0626
BN-88TrP5WR33;0.0;0.0;35.0;BNHS_0626
BN-88TrP5WR34;0.0;0.0;35.0;BNHS_0626
BN-88TrP5WR35;0.0;0.0;35.0;BNHS_0626
BN-88TrP5WR36;0.0;0.0;35.0;BNHS_0626
BN-88TrP5WR37;0.0;0.0;35.0;BNHS_0626
BN-88TrP5WR38;0.0;0.0;35.0;BNHS_0626
BN-88TrP5WR39;0.0;0.0;35.0;BNHS_0626
BN-88TrP5WR40;0.0;0.0;35.0;BNHS_0626
BN-88TrP5WR41;0.0;0.0;35.0;BNHS_0626
BN-88TrP5WR42;0.0;0.0;35.0;BNHS_0626
BN-88TrP5WR43;0.0;0.0;35.0;BNHS_0626
BN-88TrP5WR44;0.0;0.0;35.0;BNHS_0626
BN-88TrP5WR45;0.0;0.0;35.0;BNHS_0626
BN-88TrP5WR46;0.0;0.0;35.0;BNHS_0626
BN-88TrP5WR47;0.0;0.0;35.0;BNHS_0626
BN-88TrP5WR48;0.0;0.0;35.0;BNHS_0626
BN-88TrP5WR49;0.0;0.0;35.0;BNHS_0626
BN-88TrP5WR50;0.0;0.0;35.0;BNHS_0626
BN-88TrP5WR51;0.0;0.0;35.0;BNHS_0626
BN-88TrP5WR52;0.0;0.0;35.0;BNHS_0626
BN-88TrP5WR53;0.0;0.0;35.0;BNHS_0626
BN-88TrP5WR54;0.0;0.0;35.0;BNHS_0626
BN-88TrP5WR55;0.0;0.0;35.0;BNHS_0626
BN-88TrP5WR56;0.0;0.0;35.0;BNHS_0626
BN-88TrP5WR57;0.0;0.0;35.0;BNHS_0626
BN-88TrP5WR58;0.0;0.0;35.0;BNHS_0626
BN-88TrP5WR59;0.0;0.0;35.0;BNHS_0626
BN-88TrP5WR60;0.0;0.0;35.0;BNHS_0626
BN-88TrP5WR61;0.0;0.0;35.0;BNHS_0626
BN-88TrP5WR62;0.0;0.0;35.0;BNHS_0626
BN-88TrP5WR63;0.0;0.0;35.0;BNHS_0626
BN-88TrP5WR64;0.0;0.0;35.0;BNHS_0626
BN-88TrP5WR65;0.0;0.0;35.0;BNHS_0626
BN-88TrP5WR66;0.0;0.0;35.0;BNHS_0626
BN-88TrP5WR67;0.0;0.0;35.0;BNHS_0626
BN-88TrP5WR68;0.0;0.0;35.0;BNHS_0626
BN-88TrP5WR69;0.0;0.0;35.0;BNHS_0626
BN-88TrP5WR70;0.0;0.0;35.0;BNHS_0626
BN-88TrP5WR71;0.0;0.0;35.0;BNHS_0626
BN-88TrP5WR72;0.0;0.0;35.0;BNHS_0626
BN-88TrP5WR73;0.0;0.0;35.0;BNHS_0626
BN-88TrP5WR74;0.0;0.0;35.0;BNHS_0626
BN-88TrP5WR75;0.0;0.0;35.0;BNHS_0626
BN-88TrP5WR76;0.0;0.0;35.0;BNHS_0626
BN-88TrP5WR77;0.0;0.0;35.0;BNHS_0626
BN-88TrP5WR96;0.0;0.0;35.0;BNHS_0626
BN-88TrP5WR97;0.0;0.0;35.0;BNHS_0626
BN-88TrP5WR98;0.0;0.0;35.0;BNHS_0626
BN-88TrP5WR99;0.0;0.0;35.0;BNHS_0626
BN-93TrP5ER1;0.0;0.0;35.0;BNHS_0626
BN-93TrP5ER10;0.0;0.0;35.0;BNHS_0626
BN-93TrP5ER11;0.0;0.0;35.0;BNHS_0626
BN-93TrP5ER13;0.0;0.0;35.0;BNHS_0626
BN-93TrP5ER15;0.0;0.0;35.0;BNHS_0626
BN-93TrP5ER16;0.0;0.0;35.0;BNHS_0626
BN-93TrP5ER17;0.0;0.0;35.0;BNHS_0626
BN-93TrP5ER2;0.0;0.0;35.0;BNHS_0626
BN-93TrP5ER3;0.0;0.0;35.0;BNHS_0626
BN-93TrP5ER4;0.0;0.0;35.0;BNHS_0626
BN-93TrP5ER5;0.0;0.0;35.0;BNHS_0626
BN-93TrP5ER6;0.0;0.0;35.0;BNHS_0626
BN-93TrP5ER7;0.0;0.0;35.0;BNHS_0626
BN-93TrP5ER8;0.0;0.0;35.0;BNHS_0626
BN-93TrP5ER9;0.0;0.0;35.0;BNHS_0626
BN-93TrP5WR10;0.0;0.0;35.0;BNHS_0626
BN-93TrP5WR11;0.0;0.0;35.0;BNHS_0626
BN-93TrP5WR12;0.0;0.0;35.0;BNHS_0626
BN-93TrP5WR13;0.0;0.0;35.0;BNHS_0626
BN-93TrP5WR14;0.0;0.0;35.0;BNHS_0626
BN-93TrP5WR15;0.0;0.0;35.0;BNHS_0626
BN-93TrP5WR16;0.0;0.0;35.0;BNHS_0626
BN-93TrP5WR17;0.0;0.0;35.0;BNHS_0626
BN-93TrP5WR18;0.0;0.0;35.0;BNHS_0626
BN-93TrP5WR19;0.0;0.0;35.0;BNHS_0626
BN-93TrP5WR2;0.0;0.0;35.0;BNHS_0626
BN-93TrP5WR20;0.0;0.0;35.0;BNHS_0626
BN-93TrP5WR21;0.0;0.0;35.0;BNHS_0626
BN-93TrP5WR22;0.0;0.0;35.0;BNHS_0626
BN-93TrP5WR23;0.0;0.0;35.0;BNHS_0626
BN-93TrP5WR24;0.0;0.0;35.0;BNHS_0626
BN-93TrP5WR25;0.0;0.0;35.0;BNHS_0626
BN-93TrP5WR26;0.0;0.0;35.0;BNHS_0626
BN-93TrP5WR27;0.0;0.0;35.0;BNHS_0626
BN-93TrP5WR28;0.0;0.0;35.0;BNHS_0626
BN-93TrP5WR29;0.0;0.0;35.0;BNHS_0626
BN-93TrP5WR3;0.0;0.0;35.0;BNHS_0626
BN-93TrP5WR30;0.0;0.0;35.0;BNHS_0626
BN-93TrP5WR31;0.0;0.0;35.0;BNHS_0626
BN-93TrP5WR32;0.0;0.0;35.0;BNHS_0626
BN-93TrP5WR33;0.0;0.0;35.0;BNHS_0626
BN-93TrP5WR34;0.0;0.0;35.0;BNHS_0626
BN-93TrP5WR35;0.0;0.0;35.0;BNHS_0626
BN-93TrP5WR36;0.0;0.0;35.0;BNHS_0626
BN-93TrP5WR37;0.0;0.0;35.0;BNHS_0626
BN-93TrP5WR38;0.0;0.0;35.0;BNHS_0626
BN-93TrP5WR39;0.0;0.0;35.0;BNHS_0626
BN-93TrP5WR4;0.0;0.0;35.0;BNHS_0626
BN-93TrP5WR40;0.0;0.0;35.0;BNHS_0626
BN-93TrP5WR41;0.0;0.0;35.0;BNHS_0626
BN-93TrP5WR42;0.0;0.0;35.0;BNHS_0626
BN-93TrP5WR5;0.0;0.0;35.0;BNHS_0626
BN-93TrP5WR6;0.0;0.0;35.0;BNHS_0626
BN-93TrP5WR7;0.0;0.0;35.0;BNHS_0626
BN-93TrP5WR8;0.0;0.0;35.0;BNHS_0626
BN-93TrP5WR9;0.0;0.0;35.0;BNHS_0626
BN-130TrWSt1Rcp3FR19;0.0;0.0;35.0;BNHS_0626
BN-123TrESt1FR1;0.0;0.0;35.0;BNHS_0626
BN-123TrESt1FR10;0.0;0.0;35.0;BNHS_0626
BN-123TrESt1FR11;0.0;0.0;35.0;BNHS_0626
BN-123TrESt1FR12;0.0;0.0;35.0;BNHS_0626
BN-123TrESt1FR13;0.0;0.0;35.0;BNHS_0626
BN-123TrESt1FR14;0.0;0.0;35.0;BNHS_0626
BN-123TrESt1FR15;0.0;0.0;35.0;BNHS_0626
BN-123TrESt1FR16;0.0;0.0;35.0;BNHS_0626
BN-123TrESt1FR17;0.0;0.0;35.0;BNHS_0626
BN-123TrESt1FR18;0.0;0.0;35.0;BNHS_0626
BN-123TrESt1FR19;0.0;0.0;35.0;BNHS_0626
BN-123TrESt1FR2;0.0;0.0;35.0;BNHS_0626
BN-123TrESt1FR20;0.0;0.0;35.0;BNHS_0626
BN-123TrESt1FR21;0.0;0.0;35.0;BNHS_0626
BN-123TrESt1FR22;0.0;0.0;35.0;BNHS_0626
BN-123TrESt1FR23;0.0;0.0;35.0;BNHS_0626
BN-123TrESt1FR3;0.0;0.0;35.0;BNHS_0626
BN-123TrESt1FR4;0.0;0.0;35.0;BNHS_0626
BN-123TrESt1FR5;0.0;0.0;35.0;BNHS_0626
BN-123TrESt1FR6;0.0;0.0;35.0;BNHS_0626
BN-123TrESt1FR8;0.0;0.0;35.0;BNHS_0626
BN-123TrESt1FR9;0.0;0.0;35.0;BNHS_0626
BN-123TrWSt2Rcp1FR1;0.0;0.0;35.0;BNHS_0626
BN-123TrWSt2Rcp1FR14;0.0;0.0;35.0;BNHS_0626
BN-123TrWSt2Rcp1FR2;0.0;0.0;35.0;BNHS_0626
BN-123TrWSt2Rcp1FR3;0.0;0.0;35.0;BNHS_0626
BN-123TrWSt2Rcp1FR9;0.0;0.0;35.0;BNHS_0626
BN-48-1C-SAT1-TREFR35;0.0;0.0;35.0;BNHS_0626
BN-48-1C-SAT1-TREFR36;0.0;0.0;35.0;BNHS_0626
BN-48-1C-SAT1-TREFR37;0.0;0.0;35.0;BNHS_0626
BN-48-1C-SAT1-TREFR38;0.0;0.0;35.0;BNHS_0626
BN-48-1C-SAT1-TREFR39;0.0;0.0;35.0;BNHS_0626
BN-48-1C-SAT2-TEFR13;0.0;0.0;35.0;BNHS_0626
BN-48-1C-SAT2-TEFR14;0.0;0.0;35.0;BNHS_0626
BN-48-1C-SAT2-TEFR15;0.0;0.0;35.0;BNHS_0626
BN-48-1C-SAT2-TEFR16;0.0;0.0;35.0;BNHS_0626
BN-48-1C-SAT2-TEFR17;0.0;0.0;35.0;BNHS_0626
BN-48-1C-SAT2-TEFR18;0.0;0.0;35.0;BNHS_0626
BN-48-1C-SAT2-TEFR19;0.0;0.0;35.0;BNHS_0626
BN-48-1C-SAT2-TEFR20;0.0;0.0;35.0;BNHS_0626
BN-48-1C-SAT2-TEFR21;0.0;0.0;35.0;BNHS_0626
BN-48-1C-SAT2-TEFR22;0.0;0.0;35.0;BNHS_0626
BN-48-1C-SAT2-TEFR23;0.0;0.0;35.0;BNHS_0626
BN-48-1C-SAT2-TEFR24;0.0;0.0;35.0;BNHS_0626
BN-48-1C-SAT2-TEFR25;0.0;0.0;35.0;BNHS_0626
BN-48-1C-SAT2-TEFR26;0.0;0.0;35.0;BNHS_0626
BN-48-1C-SAT2-TEFR27;0.0;0.0;35.0;BNHS_0626
BN-48-1C-SAT2-TEFR28;0.0;0.0;35.0;BNHS_0626
BN-48-1C-SAT2-TEFR29;0.0;0.0;35.0;BNHS_0626
BN-48-1C-SAT2-TEFR30;0.0;0.0;35.0;BNHS_0626
BN-48-1C-SAT2-TEFR31;0.0;0.0;35.0;BNHS_0626
BN-48-1C-SAT2-TEFR39;0.0;0.0;35.0;BNHS_0626
BN-48-1C-SAT2-TEFR40;0.0;0.0;35.0;BNHS_0626
BN-48-1C-SAT2-TEFR41;0.0;0.0;35.0;BNHS_0626
BN-48-1C-SAT2-TEFR42;0.0;0.0;35.0;BNHS_0626
BN-48-1C-SAT2-TEFR43;0.0;0.0;35.0;BNHS_0626
BN-48-1C-SAT2-TEFR44;0.0;0.0;35.0;BNHS_0626
BN-48-1C-SAT2-TEFR45;0.0;0.0;35.0;BNHS_0626
BN-48-1C-SAT2-TEFR46;0.0;0.0;35.0;BNHS_0626
BN-48-1C-SAT2-TEFR47;0.0;0.0;35.0;BNHS_0626
BN-48-1C-SAT2-TEFR48;0.0;0.0;35.0;BNHS_0626
BN-48-1C-SAT2-TEFR49;0.0;0.0;35.0;BNHS_0626
BN-48-1C-SAT2-TEFR50;0.0;0.0;35.0;BNHS_0626
BN-48-1C-SAT2-TEFR51;0.0;0.0;35.0;BNHS_0626
BN-48-1C-SAT2-TEFR52;0.0;0.0;35.0;BNHS_0626
BN-48-1C-SAT2-TEFR53;0.0;0.0;35.0;BNHS_0626
BN-48-1C-SAT2-TEFR54;0.0;0.0;35.0;BNHS_0626
BN-48-1C-SAT2-TEFR55;0.0;0.0;35.0;BNHS_0626
BN-48-1C-SAT2-TEFR56;0.0;0.0;35.0;BNHS_0626
BN-48-1C-SAT2-TEFR57;0.0;0.0;35.0;BNHS_0626
BN-48-1C-SAT2-TEFR58;0.0;0.0;35.0;BNHS_0626
BN-48-1C-SAT2-TEFR59;0.0;0.0;35.0;BNHS_0626
BN-48-1C-SAT2-TEFR60;0.0;0.0;35.0;BNHS_0626
BN-48-1C-SAT2-TEFR61;0.0;0.0;35.0;BNHS_0626
BN-48-1C-SAT2-TEFR62;0.0;0.0;35.0;BNHS_0626
BN-48-1C-SAT2-TEFR63;0.0;0.0;35.0;BNHS_0626
BN-48-1C-SAT2-TEFR64;0.0;0.0;35.0;BNHS_0626
BN-48-1C-SAT2-TEFR65;0.0;0.0;35.0;BNHS_0626
BN-48-1C-SAT2-TEFR66;0.0;0.0;35.0;BNHS_0626
BN-48-1C-SAT2-TEFR67;0.0;0.0;35.0;BNHS_0626
BN-48-1C-SAT2-TEFR68;0.0;0.0;35.0;BNHS_0626
BN-48-1C-SAT2-TEFR69;0.0;0.0;35.0;BNHS_0626
BN-48-1C-SAT2-TEFR70;0.0;0.0;35.0;BNHS_0626
BN-48-1C-SAT2-TEFR71;0.0;0.0;35.0;BNHS_0626
BN-48-1C-SAT2-TEFR72;0.0;0.0;35.0;BNHS_0626
BN-48-1C-SAT2-TEFR73;0.0;0.0;35.0;BNHS_0626
BN-48-1C-SAT2-TEFR74;0.0;0.0;35.0;BNHS_0626
BN-48-1C-SAT2-TEFR75;0.0;0.0;35.0;BNHS_0626
BN-48-1C-SAT2-TEFR76;0.0;0.0;35.0;BNHS_0626
BN-48-1C-SAT2-TEFR77;0.0;0.0;35.0;BNHS_0626
BN-48-1C-SAT2-TEFR78;0.0;0.0;35.0;BNHS_0626
BN-48-1C-SAT2-TEFR79;0.0;0.0;35.0;BNHS_0626
BN-48-1C-SAT2-TEFR80;0.0;0.0;35.0;BNHS_0626
BN-48-1C-SAT2-TEFR81;0.0;0.0;35.0;BNHS_0626
BN-48-1C-SAT2-TEFR82;0.0;0.0;35.0;BNHS_0626
BN-48-1C-SAT2-TEFR83;0.0;0.0;35.0;BNHS_0626
BN-Taille126-TREF3;0.0;0.0;35.0;BNHS_0626
BN-Taille126-TREF4;0.0;0.0;35.0;BNHS_0626
BN-Taille126-TREF5;0.0;0.0;35.0;BNHS_0626
BN-Taille126-TREF6;0.0;0.0;35.0;BNHS_0626
BN-Taille126-TREF7;0.0;0.0;35.0;BNHS_0626
BN-Taille126-TREF8;0.0;0.0;35.0;BNHS_0626
BN-Taille126-TREF9;0.0;0.0;35.0;BNHS_0626
BN-Taille126-TREF10;0.0;0.0;35.0;BNHS_0626
BN-Taille126-TREF11;0.0;0.0;35.0;BNHS_0626
BN-Taille126-TRWF1;0.0;0.0;35.0;BNHS_0626
BN-Taille126-TRWF2;0.0;0.0;35.0;BNHS_0626
BN-Taille126-TRWF3;0.0;0.0;35.0;BNHS_0626
BN-Taille126-TRWF4;0.0;0.0;35.0;BNHS_0626
BN-Taille126-TRWF5;0.0;0.0;35.0;BNHS_0626
BN-Taille126-TRWF6;0.0;0.0;35.0;BNHS_0626
BN-Taille126-TRWF7;0.0;0.0;35.0;BNHS_0626
BN-Taille126-TRWF8;0.0;0.0;35.0;BNHS_0626
BN-Taille126-TRWF9;0.0;0.0;35.0;BNHS_0626
BN-Taille126-TRWF10;0.0;0.0;35.0;BNHS_0626
BN-Taille126-TRWF11;0.0;0.0;35.0;BNHS_0626
BN-Taille126-TRWF12;0.0;0.0;35.0;BNHS_0626
BN-Taille126-TRWF13;0.0;0.0;35.0;BNHS_0626
BN-Taille126-TRWF14;0.0;0.0;35.0;BNHS_0626
BN-Taille126-TRWF15;0.0;0.0;35.0;BNHS_0626
BN-Taille126-TRWF16;0.0;0.0;35.0;BNHS_0626
BN-Taille126-TRWF17;0.0;0.0;35.0;BNHS_0626
BN-Taille126-TRWF18;0.0;0.0;35.0;BNHS_0626
BN-Taille126-TRWF19;0.0;0.0;35.0;BNHS_0626
BN-Taille126-TRWF20;0.0;0.0;35.0;BNHS_0626
BN-Taille126-TRWF21;0.0;0.0;35.0;BNHS_0626
BN-103TrT01EFR46;0.0;0.0;34.0;BNHS_0626
BN-93TrP5WR43;0.0;0.0;34.0;BNHS_0626
BN-93TrP5WR44;0.0;0.0;34.0;BNHS_0626
BN-93TrP5WR45;0.0;0.0;34.0;BNHS_0626
BN-93TrP5WR46;0.0;0.0;34.0;BNHS_0626
BN-93TrP5WR47;0.0;0.0;34.0;BNHS_0626
BN-93TrP5WR48;0.0;0.0;34.0;BNHS_0626
BN-93TrP5WR49;0.0;0.0;34.0;BNHS_0626
BN-93TrP5WR50;0.0;0.0;34.0;BNHS_0626
BN-93TrP5WR51;0.0;0.0;34.0;BNHS_0626
BN-93TrP5WR52;0.0;0.0;34.0;BNHS_0626
BN-93TrP5WR53;0.0;0.0;34.0;BNHS_0626
BN-93TrP5WR54;0.0;0.0;34.0;BNHS_0626
BN-93TrP5WR55;0.0;0.0;34.0;BNHS_0626
BN-93TrP5WR56;0.0;0.0;34.0;BNHS_0626
BN-93TrP5WR57;0.0;0.0;34.0;BNHS_0626
BN-93TrP5WR58;0.0;0.0;34.0;BNHS_0626
BN-93TrP5WR59;0.0;0.0;34.0;BNHS_0626
BN-93TrP5WR60;0.0;0.0;34.0;BNHS_0626
BN-93TrP5WR61;0.0;0.0;34.0;BNHS_0626
BN-93TrP5WR62;0.0;0.0;34.0;BNHS_0626
BN-93TrP5WR63;0.0;0.0;34.0;BNHS_0626
BN-93TrP5WR64;0.0;0.0;34.0;BNHS_0626
BN-93TrP5WR65;0.0;0.0;34.0;BNHS_0626
BN-93TrP5WR66;0.0;0.0;34.0;BNHS_0626
BN-93TrP5WR67;0.0;0.0;34.0;BNHS_0626
BN-93TrP5WR68;0.0;0.0;34.0;BNHS_0626
BN-93TrP5WR69;0.0;0.0;34.0;BNHS_0626
BN-93TrP5WR70;0.0;0.0;34.0;BNHS_0626
BN-93TrP5WR71;0.0;0.0;34.0;BNHS_0626
BN-93TrP5WR72;0.0;0.0;34.0;BNHS_0626
BN-93TrP5WR73;0.0;0.0;34.0;BNHS_0626
BN-93TrP5WR74;0.0;0.0;34.0;BNHS_0626
BN-103TrT01EFR47;0.0;0.0;33.0;BNHS_0626
BN-140TrSt3EFR1;0.0;0.0;33.0;BNHS_0626
BN-140TrSt3EFR2;0.0;0.0;33.0;BNHS_0626
BN-140TrSt3EFR3;0.0;0.0;33.0;BNHS_0626
BN-140TrSt3EFR4;0.0;0.0;33.0;BNHS_0626
BN-140TrSt3EFR5;0.0;0.0;33.0;BNHS_0626
BN-140TrSt3EFR6;0.0;0.0;33.0;BNHS_0626
BN-140TrSt3EFR7;0.0;0.0;33.0;BNHS_0626
BN-140TrSt3EFR8;0.0;0.0;33.0;BNHS_0626
BN-140TrSt3EFR9;0.0;0.0;33.0;BNHS_0626
BN-140TrSt3EFR9Bis;0.0;0.0;33.0;BNHS_0626
BN-70FoTrEFR21;0.0;0.0;33.0;BNHS_0626
BN-70FoTrEFR22;0.0;0.0;33.0;BNHS_0626
BN-70FoTrEFR23;0.0;0.0;33.0;BNHS_0626
BN-80TrFOEF4;0.0;0.0;33.0;BNHS_0626
BN-88BisChTrW10E3;0.0;0.0;33.0;BNHS_0626
BN-88BisChTrW9E4;0.0;0.0;33.0;BNHS_0626
BN-88ChTrW7E2;0.0;0.0;33.0;BNHS_0626
BN-88ChTrW7E3;0.0;0.0;33.0;BNHS_0626
BN-103TrT01EFR48;0.0;0.0;32.0;BNHS_0626
BN-80TrWF118;0.0;0.0;32.0;BNHS_0626
BN-88ChTrW11E1;0.0;0.0;32.0;BNHS_0626
BN-88ChTrW11E2;0.0;0.0;32.0;BNHS_0626
BN-130TrWSt1Rcp3FR1;0.0;0.0;32.0;BNHS_0626
BN-130TrWSt1Rcp3FR2;0.0;0.0;32.0;BNHS_0626
BN-130TrWSt1Rcp3FR3;0.0;0.0;32.0;BNHS_0626
BN-130TrWSt1Rcp3FR4;0.0;0.0;32.0;BNHS_0626
BN-130TrWSt1Rcp3FR5;0.0;0.0;32.0;BNHS_0626
BN-130TrWSt1Rcp3FR6;0.0;0.0;32.0;BNHS_0626
BN-130TrWSt1Rcp3FR7;0.0;0.0;32.0;BNHS_0626
BN-130TrWSt1Rcp3FR8;0.0;0.0;32.0;BNHS_0626
BN-130TrWSt1Rcp3FR9;0.0;0.0;32.0;BNHS_0626
BN-103TrT01EFR49;0.0;0.0;31.0;BNHS_0626
BN-100TrT01EFR10;0.0;0.0;30.0;BNHS_0626
BN-100TrT01EFR11;0.0;0.0;30.0;BNHS_0626
BN-100TrT01EFR12;0.0;0.0;30.0;BNHS_0626
BN-100TrT01EFR13;0.0;0.0;30.0;BNHS_0626
BN-100TrT01EFR4;0.0;0.0;30.0;BNHS_0626
BN-100TrT01EFR5;0.0;0.0;30.0;BNHS_0626
BN-100TrT01EFR6;0.0;0.0;30.0;BNHS_0626
BN-100TrT01EFR7;0.0;0.0;30.0;BNHS_0626
BN-100TrT01EFR8;0.0;0.0;30.0;BNHS_0626
BN-100TrT01EFR9;0.0;0.0;30.0;BNHS_0626
BN-100TrT01WFR17;0.0;0.0;30.0;BNHS_0626
BN-100TrT01WFR18;0.0;0.0;30.0;BNHS_0626
BN-100TrT01WFR19;0.0;0.0;30.0;BNHS_0626
BN-100TrT01WFR20;0.0;0.0;30.0;BNHS_0626
BN-103TrT01EFR50;0.0;0.0;30.0;BNHS_0626
BN-103TrT01EFR51;0.0;0.0;30.0;BNHS_0626
BN-103TrT01EFR52;0.0;0.0;30.0;BNHS_0626
BN-103TrT01EFR53;0.0;0.0;30.0;BNHS_0626
BN-103TrT01EFR54;0.0;0.0;30.0;BNHS_0626
BN-103TrT01EFR55;0.0;0.0;30.0;BNHS_0626
BN-103TrT01EFR56;0.0;0.0;30.0;BNHS_0626
BN-103TrT01EFR57;0.0;0.0;30.0;BNHS_0626
BN-103TrT01EFR58;0.0;0.0;30.0;BNHS_0626
BN-103TrT01EFR59;0.0;0.0;30.0;BNHS_0626
BN-103TrT01EFR60;0.0;0.0;30.0;BNHS_0626
BN-103TrT01EFR61;0.0;0.0;30.0;BNHS_0626
BN-120Taille1C6R10;0.0;0.0;30.0;BNHS_0626
BN-120Taille1C6R11;0.0;0.0;30.0;BNHS_0626
BN-120Taille1C6R9;0.0;0.0;30.0;BNHS_0626
BN-120TailleFOE4R7;0.0;0.0;30.0;BNHS_0626
BN-120TailleFOE4R8;0.0;0.0;30.0;BNHS_0626
BN-120TailleS1FR1;0.0;0.0;30.0;BNHS_0626
BN-120TailleS1FR10;0.0;0.0;30.0;BNHS_0626
BN-120TailleS1FR11;0.0;0.0;30.0;BNHS_0626
BN-120TailleS1FR12;0.0;0.0;30.0;BNHS_0626
BN-120TailleS1FR13;0.0;0.0;30.0;BNHS_0626
BN-120TailleS1FR2;0.0;0.0;30.0;BNHS_0626
BN-120TailleS1FR3;0.0;0.0;30.0;BNHS_0626
BN-120TailleS1FR4;0.0;0.0;30.0;BNHS_0626
BN-120TailleS1FR5;0.0;0.0;30.0;BNHS_0626
BN-120TailleS1FR6;0.0;0.0;30.0;BNHS_0626
BN-120TailleS1FR7;0.0;0.0;30.0;BNHS_0626
BN-120TailleS1FR8;0.0;0.0;30.0;BNHS_0626
BN-120TailleS1FR9;0.0;0.0;30.0;BNHS_0626
BN-120TailleS1T6R1;0.0;0.0;30.0;BNHS_0626
BN-120TailleS1T6R10;0.0;0.0;30.0;BNHS_0626
BN-120TailleS1T6R11;0.0;0.0;30.0;BNHS_0626
BN-120TailleS1T6R12;0.0;0.0;30.0;BNHS_0626
BN-120TailleS1T6R13;0.0;0.0;30.0;BNHS_0626
BN-120TailleS1T6R14;0.0;0.0;30.0;BNHS_0626
BN-120TailleS1T6R15;0.0;0.0;30.0;BNHS_0626
BN-120TailleS1T6R16;0.0;0.0;30.0;BNHS_0626
BN-120TailleS1T6R17;0.0;0.0;30.0;BNHS_0626
BN-120TailleS1T6R2;0.0;0.0;30.0;BNHS_0626
BN-120TailleS1T6R3;0.0;0.0;30.0;BNHS_0626
BN-120TailleS1T6R4;0.0;0.0;30.0;BNHS_0626
BN-120TailleS1T6R5;0.0;0.0;30.0;BNHS_0626
BN-120TailleS1T6R6;0.0;0.0;30.0;BNHS_0626
BN-120TailleS1T6R7;0.0;0.0;30.0;BNHS_0626
BN-120TailleS1T6R8;0.0;0.0;30.0;BNHS_0626
BN-120TailleS1T6R9;0.0;0.0;30.0;BNHS_0626
BN-120TailleS1T7R12;0.0;0.0;30.0;BNHS_0626
BN-120TailleS1T7R13;0.0;0.0;30.0;BNHS_0626
BN-120TailleS1T7R14;0.0;0.0;30.0;BNHS_0626
BN-120TailleS1T9R25;0.0;0.0;30.0;BNHS_0626
BN-120TailleS1T9R26;0.0;0.0;30.0;BNHS_0626
BN-120TailleS1T9R28;0.0;0.0;30.0;BNHS_0626
BN-120TailleS1T9R29;0.0;0.0;30.0;BNHS_0626
BN-120TailleS1T9R30;0.0;0.0;30.0;BNHS_0626
BN-120TailleS1T9R31;0.0;0.0;30.0;BNHS_0626
BN-120TailleS1T9R32;0.0;0.0;30.0;BNHS_0626
BN-120TailleS1T9R33;0.0;0.0;30.0;BNHS_0626
BN-120TailleS1Tr2FR1;0.0;0.0;30.0;BNHS_0626
BN-120TailleS1Tr2FR10;0.0;0.0;30.0;BNHS_0626
BN-120TailleS1Tr2FR2;0.0;0.0;30.0;BNHS_0626
BN-120TailleS1Tr2FR3;0.0;0.0;30.0;BNHS_0626
BN-120TailleS1Tr2FR4;0.0;0.0;30.0;BNHS_0626
BN-120TailleS1Tr2FR5;0.0;0.0;30.0;BNHS_0626
BN-120TailleS1Tr2FR6;0.0;0.0;30.0;BNHS_0626
BN-120TailleS1Tr2FR7;0.0;0.0;30.0;BNHS_0626
BN-120TailleS1Tr2FR8;0.0;0.0;30.0;BNHS_0626
BN-120TailleS1Tr2FR9;0.0;0.0;30.0;BNHS_0626
BN-120Tr1CP3ER1;0.0;0.0;30.0;BNHS_0626
BN-120Tr1CP3ER2;0.0;0.0;30.0;BNHS_0626
BN-120Tr1CP3ER3;0.0;0.0;30.0;BNHS_0626
BN-120Tr1CP3ER4;0.0;0.0;30.0;BNHS_0626
BN-120Tr1CP3ER5;0.0;0.0;30.0;BNHS_0626
BN-120Tr1CP3ER6;0.0;0.0;30.0;BNHS_0626
BN-120Tr1CP3ER7;0.0;0.0;30.0;BNHS_0626
BN-120Tr1CP3ER8;0.0;0.0;30.0;BNHS_0626
BN-120Tr1CP3ER8Bis;0.0;0.0;30.0;BNHS_0626
BN-120Tr1CP3WR1;0.0;0.0;30.0;BNHS_0626
BN-120TrRcp3WR20;0.0;0.0;30.0;BNHS_0626
BN-120TrRcp3WR21;0.0;0.0;30.0;BNHS_0626
BN-120TrRcp3WR22;0.0;0.0;30.0;BNHS_0626
BN-123TrWR16;0.0;0.0;30.0;BNHS_0626
BN-123TrWR17;0.0;0.0;30.0;BNHS_0626
BN-123TrWR18;0.0;0.0;30.0;BNHS_0626
BN-123TrWR19;0.0;0.0;30.0;BNHS_0626
BN-130TrSt1Rcp2FR18;0.0;0.0;30.0;BNHS_0626
BN-130TrSt1Rcp2FR19;0.0;0.0;30.0;BNHS_0626
BN-130TrSt1Rcp2FR20;0.0;0.0;30.0;BNHS_0626
BN-130TrSt1Rcp2FR21;0.0;0.0;30.0;BNHS_0626
BN-130TrSt1Rcp2FR22;0.0;0.0;30.0;BNHS_0626
BN-130TrSt1Rcp2FR23;0.0;0.0;30.0;BNHS_0626
BN-130TrSt1Rcp2FR24;0.0;0.0;30.0;BNHS_0626
BN-130TrSt1Rcp2FR25;0.0;0.0;30.0;BNHS_0626
BN-130TrSt1Rcp2FR26;0.0;0.0;30.0;BNHS_0626
BN-130TrSt1Rcp2FR27;0.0;0.0;30.0;BNHS_0626
BN-130TrSt1Rcp2FR28;0.0;0.0;30.0;BNHS_0626
BN-130TrSt1Rcp2FR29;0.0;0.0;30.0;BNHS_0626
BN-130TrSt1Rcp2FR30;0.0;0.0;30.0;BNHS_0626
BN-130TrSt1Rcp2FR31;0.0;0.0;30.0;BNHS_0626
BN-130TrSt1Rcp2FR32;0.0;0.0;30.0;BNHS_0626
BN-140TrSt3EFR10;0.0;0.0;30.0;BNHS_0626
BN-140TrSt3EFR11;0.0;0.0;30.0;BNHS_0626
BN-140TrSt3EFR12;0.0;0.0;30.0;BNHS_0626
BN-140TrSt3EFR13;0.0;0.0;30.0;BNHS_0626
BN-140TrSt3WFR10;0.0;0.0;30.0;BNHS_0626
BN-140TrSt3WFR11;0.0;0.0;30.0;BNHS_0626
BN-140TrSt3WFR12;0.0;0.0;30.0;BNHS_0626
BN-140TrSt3WFR13;0.0;0.0;30.0;BNHS_0626
BN-140TrSt3WFR14;0.0;0.0;30.0;BNHS_0626
BN-140TrSt3WFR15;0.0;0.0;30.0;BNHS_0626
BN-140TrSt3WFR16;0.0;0.0;30.0;BNHS_0626
BN-140TrSt3WFR17;0.0;0.0;30.0;BNHS_0626
BN-140TrSt3WFR36;0.0;0.0;30.0;BNHS_0626
BN-140TrSt3WFR37;0.0;0.0;30.0;BNHS_0626
BN-140TrSt3WFR38;0.0;0.0;30.0;BNHS_0626
BN-140TrSt3WFR39;0.0;0.0;30.0;BNHS_0626
BN-140TrSt3WFR40;0.0;0.0;30.0;BNHS_0626
BN-140TrSt3WFR41;0.0;0.0;30.0;BNHS_0626
BN-140TrSt3WFR42;0.0;0.0;30.0;BNHS_0626
BN-140TrSt3WFR43;0.0;0.0;30.0;BNHS_0626
BN-140TrSt3WFR44;0.0;0.0;30.0;BNHS_0626
BN-140TrSt3WFR52;0.0;0.0;30.0;BNHS_0626
BN-140TrSt3WFR53;0.0;0.0;30.0;BNHS_0626
BN-140TrSt3WFR54;0.0;0.0;30.0;BNHS_0626
BN-140TrSt3WFR55;0.0;0.0;30.0;BNHS_0626
BN-140TrSt3WFR56;0.0;0.0;30.0;BNHS_0626
BN-140TrSt3WFR57;0.0;0.0;30.0;BNHS_0626
BN-140TrSt3WFR58;0.0;0.0;30.0;BNHS_0626
BN-140TrSt3WFR59;0.0;0.0;30.0;BNHS_0626
BN-140TrSt3WFR60;0.0;0.0;30.0;BNHS_0626
BN-140TrSt3WFR61;0.0;0.0;30.0;BNHS_0626
BN-140TrSt3WFR62;0.0;0.0;30.0;BNHS_0626
BN-140TrSt3WFR63;0.0;0.0;30.0;BNHS_0626
BN-140TrSt3WFR64;0.0;0.0;30.0;BNHS_0626
BN-140TrSt3WFR65;0.0;0.0;30.0;BNHS_0626
BN-140TrSt3WFR8;0.0;0.0;30.0;BNHS_0626
BN-140TrSt3WFR9;0.0;0.0;30.0;BNHS_0626
BN-140TrSt4EFR21;0.0;0.0;30.0;BNHS_0626
BN-140TrSt4EFR22;0.0;0.0;30.0;BNHS_0626
BN-140TrSt4EFR23;0.0;0.0;30.0;BNHS_0626
BN-140TrSt4EFR24;0.0;0.0;30.0;BNHS_0626
BN-140TrSt4EFR25;0.0;0.0;30.0;BNHS_0626
BN-140TrSt4EFR26;0.0;0.0;30.0;BNHS_0626
BN-140TrSt4EFR27;0.0;0.0;30.0;BNHS_0626
BN-40TailleFoST3R10;0.0;0.0;30.0;BNHS_0626
BN-40TailleFoST3R11;0.0;0.0;30.0;BNHS_0626
BN-40TrTaille1CFR1;0.0;0.0;30.0;BNHS_0626
BN-40TrTaille1CFR10;0.0;0.0;30.0;BNHS_0626
BN-40TrTaille1CFR11;0.0;0.0;30.0;BNHS_0626
BN-40TrTaille1CFR113;0.0;0.0;30.0;BNHS_0626
BN-40TrTaille1CFR114;0.0;0.0;30.0;BNHS_0626
BN-40TrTaille1CFR12;0.0;0.0;30.0;BNHS_0626
BN-40TrTaille1CFR13;0.0;0.0;30.0;BNHS_0626
BN-40TrTaille1CFR14;0.0;0.0;30.0;BNHS_0626
BN-40TrTaille1CFR15;0.0;0.0;30.0;BNHS_0626
BN-40TrTaille1CFR16;0.0;0.0;30.0;BNHS_0626
BN-40TrTaille1CFR17;0.0;0.0;30.0;BNHS_0626
BN-40TrTaille1CFR18;0.0;0.0;30.0;BNHS_0626
BN-40TrTaille1CFR19;0.0;0.0;30.0;BNHS_0626
BN-40TrTaille1CFR20;0.0;0.0;30.0;BNHS_0626
BN-40TrTaille1CFR21;0.0;0.0;30.0;BNHS_0626
BN-40TrTaille1CFR22;0.0;0.0;30.0;BNHS_0626
BN-40TrTaille1CFR23;0.0;0.0;30.0;BNHS_0626
BN-40TrTaille1CFR24;0.0;0.0;30.0;BNHS_0626
BN-40TrTaille1CFR25;0.0;0.0;30.0;BNHS_0626
BN-40TrTaille1CFR26;0.0;0.0;30.0;BNHS_0626
BN-40TrTaille1CFR27;0.0;0.0;30.0;BNHS_0626
BN-40TrTaille1CFR28;0.0;0.0;30.0;BNHS_0626
BN-40TrTaille1CFR29;0.0;0.0;30.0;BNHS_0626
BN-40TrTaille1CFR3;0.0;0.0;30.0;BNHS_0626
BN-40TrTaille1CFR30;0.0;0.0;30.0;BNHS_0626
BN-40TrTaille1CFR31;0.0;0.0;30.0;BNHS_0626
BN-40TrTaille1CFR32;0.0;0.0;30.0;BNHS_0626
BN-40TrTaille1CFR33;0.0;0.0;30.0;BNHS_0626
BN-40TrTaille1CFR34;0.0;0.0;30.0;BNHS_0626
BN-40TrTaille1CFR35;0.0;0.0;30.0;BNHS_0626
BN-40TrTaille1CFR36;0.0;0.0;30.0;BNHS_0626
BN-40TrTaille1CFR37;0.0;0.0;30.0;BNHS_0626
BN-40TrTaille1CFR38;0.0;0.0;30.0;BNHS_0626
BN-40TrTaille1CFR4;0.0;0.0;30.0;BNHS_0626
BN-40TrTaille1CFR5;0.0;0.0;30.0;BNHS_0626
BN-40TrTaille1CFR6;0.0;0.0;30.0;BNHS_0626
BN-40TrTaille1CFR7;0.0;0.0;30.0;BNHS_0626
BN-40TrTaille1CFR8;0.0;0.0;30.0;BNHS_0626
BN-40TrTaille1CFR9;0.0;0.0;30.0;BNHS_0626
BN-40TrTaille1CStWFR12;0.0;0.0;30.0;BNHS_0626
BN-40TrTaille1CStWFR13;0.0;0.0;30.0;BNHS_0626
BN-40TrTaille1CStWFR14;0.0;0.0;30.0;BNHS_0626
BN-40TrTaille1CStWFR15;0.0;0.0;30.0;BNHS_0626
BN-40TrTaille1CStWFR16;0.0;0.0;30.0;BNHS_0626
BN-40TrTaille1CStWFR17;0.0;0.0;30.0;BNHS_0626
BN-40TrTaille1CStWFR18;0.0;0.0;30.0;BNHS_0626
BN-40TrTaille1CStWFR19;0.0;0.0;30.0;BNHS_0626
BN-40TrTaille1CStWFR20;0.0;0.0;30.0;BNHS_0626
BN-40TrTaille1CStWFR21;0.0;0.0;30.0;BNHS_0626
BN-40TrTaille1CStWFR22;0.0;0.0;30.0;BNHS_0626
BN-40TrTaille1CStWFR23;0.0;0.0;30.0;BNHS_0626
BN-40TrTaille1CStWFR24;0.0;0.0;30.0;BNHS_0626
BN-80Taille1C19R12;0.0;0.0;30.0;BNHS_0626
BN-80Taille1C19R13;0.0;0.0;30.0;BNHS_0626
BN-80Taille1C19R14;0.0;0.0;30.0;BNHS_0626
BN-80Taille1W17R27;0.0;0.0;30.0;BNHS_0626
BN-80Taille1W17R28;0.0;0.0;30.0;BNHS_0626
BN-80Taille1W18FR100;0.0;0.0;30.0;BNHS_0626
BN-80Taille1W18FR101;0.0;0.0;30.0;BNHS_0626
BN-80Taille1W18FR102;0.0;0.0;30.0;BNHS_0626
BN-80Taille1W18FR104;0.0;0.0;30.0;BNHS_0626
BN-80Taille1W18FR105;0.0;0.0;30.0;BNHS_0626
BN-80Taille1W18FR106;0.0;0.0;30.0;BNHS_0626
BN-80Taille1W18FR31;0.0;0.0;30.0;BNHS_0626
BN-80Taille1W18FR32;0.0;0.0;30.0;BNHS_0626
BN-80Taille1W18FR33;0.0;0.0;30.0;BNHS_0626
BN-80Taille1W18FR34;0.0;0.0;30.0;BNHS_0626
BN-80Taille1W18FR55;0.0;0.0;30.0;BNHS_0626
BN-80Taille1W18FR56;0.0;0.0;30.0;BNHS_0626
BN-80Taille1W18FR57;0.0;0.0;30.0;BNHS_0626
BN-80Taille1W18FR58;0.0;0.0;30.0;BNHS_0626
BN-80Taille1W18FR59;0.0;0.0;30.0;BNHS_0626
BN-80Taille1W18FR61;0.0;0.0;30.0;BNHS_0626
BN-80Taille1W18FR63;0.0;0.0;30.0;BNHS_0626
BN-80Taille1W18FR64;0.0;0.0;30.0;BNHS_0626
BN-80Taille1W18FR65;0.0;0.0;30.0;BNHS_0626
BN-80Taille1W18FR90;0.0;0.0;30.0;BNHS_0626
BN-80Taille1W18FR91;0.0;0.0;30.0;BNHS_0626
BN-80Taille1W18FR92;0.0;0.0;30.0;BNHS_0626
BN-80Taille1W18FR93;0.0;0.0;30.0;BNHS_0626
BN-80Taille1W18FR94;0.0;0.0;30.0;BNHS_0626
BN-80Taille1W18FR95;0.0;0.0;30.0;BNHS_0626
BN-80Taille1W18FR96;0.0;0.0;30.0;BNHS_0626
BN-80Taille1W18FR97;0.0;0.0;30.0;BNHS_0626
BN-80Taille1W18FR98;0.0;0.0;30.0;BNHS_0626
BN-80Taille1W18FR99;0.0;0.0;30.0;BNHS_0626
BN-80Taille1WFOFR1;0.0;0.0;30.0;BNHS_0626
BN-80Taille1WFOFR10;0.0;0.0;30.0;BNHS_0626
BN-80Taille1WFOFR11;0.0;0.0;30.0;BNHS_0626
BN-80Taille1WFOFR12;0.0;0.0;30.0;BNHS_0626
BN-80Taille1WFOFR13;0.0;0.0;30.0;BNHS_0626
BN-80Taille1WFOFR14;0.0;0.0;30.0;BNHS_0626
BN-80Taille1WFOFR15;0.0;0.0;30.0;BNHS_0626
BN-80Taille1WFOFR16;0.0;0.0;30.0;BNHS_0626
BN-80Taille1WFOFR17;0.0;0.0;30.0;BNHS_0626
BN-80Taille1WFOFR18;0.0;0.0;30.0;BNHS_0626
BN-80Taille1WFOFR2;0.0;0.0;30.0;BNHS_0626
BN-80Taille1WFOFR3;0.0;0.0;30.0;BNHS_0626
BN-80Taille1WFOFR4;0.0;0.0;30.0;BNHS_0626
BN-80Taille1WFOFR5;0.0;0.0;30.0;BNHS_0626
BN-80Taille1WFOFR6;0.0;0.0;30.0;BNHS_0626
BN-80Taille1WFOFR7;0.0;0.0;30.0;BNHS_0626
BN-80Taille1WFOFR8;0.0;0.0;30.0;BNHS_0626
BN-80Taille1WFOFR9;0.0;0.0;30.0;BNHS_0626
BN-80TrEF85;0.0;0.0;30.0;BNHS_0626
BN-80TrWF40;0.0;0.0;30.0;BNHS_0626
BN-80TrWF41;0.0;0.0;30.0;BNHS_0626
BN-80TrWF42;0.0;0.0;30.0;BNHS_0626
BN-80TrWF43;0.0;0.0;30.0;BNHS_0626
BN-80TrWF44;0.0;0.0;30.0;BNHS_0626
BN-88BisChTrW5E3;0.0;0.0;30.0;BNHS_0626
BN-88BisChTrW8E3;0.0;0.0;30.0;BNHS_0626
BN-88ChTrW13E1;0.0;0.0;30.0;BNHS_0626
BN-88ChTrW13E2;0.0;0.0;30.0;BNHS_0626
BN-88ChTrW14E1;0.0;0.0;30.0;BNHS_0626
BN-88ChTrW14E2;0.0;0.0;30.0;BNHS_0626
BN-140TailleSt3W1R22;0.0;0.0;30.0;BNHS_0626
BN-140TrSt3WFR67;0.0;0.0;30.0;BNHS_0626
BN-140TrSt3WFR68;0.0;0.0;30.0;BNHS_0626
BN-140TrSt3WFR69;0.0;0.0;30.0;BNHS_0626
BN-140TrSt3WFR73;0.0;0.0;30.0;BNHS_0626
BN-140TrSt3WFR74;0.0;0.0;30.0;BNHS_0626
BN-140TrSt3WFR75;0.0;0.0;30.0;BNHS_0626
BN-140TrSt3WFR76;0.0;0.0;30.0;BNHS_0626
BN-140TrSt3WFR77;0.0;0.0;30.0;BNHS_0626
BN-140TrSt3WFR78;0.0;0.0;30.0;BNHS_0626
BN-140TrSt3WFR79;0.0;0.0;30.0;BNHS_0626
BN-140TrSt3WFR80;0.0;0.0;30.0;BNHS_0626
BN-140TrSt3WFR81;0.0;0.0;30.0;BNHS_0626
BN-140TrSt3WFR82;0.0;0.0;30.0;BNHS_0626
BN-140TrSt3WFR83;0.0;0.0;30.0;BNHS_0626
BN-140TrSt3WFR84;0.0;0.0;30.0;BNHS_0626
BN-140TrSt3WFR85;0.0;0.0;30.0;BNHS_0626
BN-140TrSt3WFR86;0.0;0.0;30.0;BNHS_0626
BN-140TrSt3WFR87;0.0;0.0;30.0;BNHS_0626
BN-140TrSt3WFR88;0.0;0.0;30.0;BNHS_0626
BN-40Tr1CSPWEFR21;0.0;0.0;30.0;BNHS_0626
BN-40Tr1CSPWEFR22;0.0;0.0;30.0;BNHS_0626
BN-40Tr1CSPWEFR23;0.0;0.0;30.0;BNHS_0626
BN-120TrRcp3St2WFR14;0.0;0.0;30.0;BNHS_0626
BN-120TrRcp3St2WFR15;0.0;0.0;30.0;BNHS_0626
BN-120TrRcp3St2WFR16;0.0;0.0;30.0;BNHS_0626
BN-120TrRcp3St2WFR17;0.0;0.0;30.0;BNHS_0626
BN-120TrRcp3St2WFR18;0.0;0.0;30.0;BNHS_0626
BN-120TrRcp3St2WFR19;0.0;0.0;30.0;BNHS_0626
BN-120TrRcp3St2WFR20;0.0;0.0;30.0;BNHS_0626
BN-120TrRcp3St2WFR21;0.0;0.0;30.0;BNHS_0626
BN-120TrRcp3St2WFR22;0.0;0.0;30.0;BNHS_0626
BN-120TrRcp3St2WFR23;0.0;0.0;30.0;BNHS_0626
BN-120TrRcp3St2WFR24;0.0;0.0;30.0;BNHS_0626
BN-120TrRcp3St2WFR25;0.0;0.0;30.0;BNHS_0626
BN-120TrRcp3St2WFR26;0.0;0.0;30.0;BNHS_0626
BN-120TrRcp3St2WFR27;0.0;0.0;30.0;BNHS_0626
BN-120TrRcp3St2WFR28;0.0;0.0;30.0;BNHS_0626
BN-120TrRcp3St2WFR29;0.0;0.0;30.0;BNHS_0626
BN-120TrRcp3St2WFR30;0.0;0.0;30.0;BNHS_0626
BN-120TrRcp3St2WFR31;0.0;0.0;30.0;BNHS_0626
BN-120TrRcp3St2WFR32;0.0;0.0;30.0;BNHS_0626
BN-120TrRcp3St2WFR33;0.0;0.0;30.0;BNHS_0626
BN-120TrRcp3St2WFR34;0.0;0.0;30.0;BNHS_0626
BN-120TrRcp3St2WFR35;0.0;0.0;30.0;BNHS_0626
BN-48-1C-SAT1-TREFR19;0.0;0.0;30.0;BNHS_0626
BN-48-1C-SAT1-TREFR20;0.0;0.0;30.0;BNHS_0626
BN-48-1C-SAT1-TREFR21;0.0;0.0;30.0;BNHS_0626
BN-48-1C-SAT1-TREFR22;0.0;0.0;30.0;BNHS_0626
BN-48-1C-SAT1-TREFR23;0.0;0.0;30.0;BNHS_0626
BN-48-1C-SAT1-TREFR24;0.0;0.0;30.0;BNHS_0626
BN-48-1C-SAT1-TREFR25;0.0;0.0;30.0;BNHS_0626
BN-48-1C-SAT1-TREFR31;0.0;0.0;30.0;BNHS_0626
BN-48-1C-SAT1-TREFR32;0.0;0.0;30.0;BNHS_0626
BN-48-1C-SAT1-TREFR33;0.0;0.0;30.0;BNHS_0626
BN-48-1C-SAT1-TREFR34;0.0;0.0;30.0;BNHS_0626
BN-48-1C-SAT1-TREFR40;0.0;0.0;30.0;BNHS_0626
BN-48-1C-SAT1-TREFR41;0.0;0.0;30.0;BNHS_0626
BN-48-1C-SAT1-TREFR42;0.0;0.0;30.0;BNHS_0626
BN-48-1C-SAT1-TREFR43;0.0;0.0;30.0;BNHS_0626
BN-48-1C-SAT1-TREFR44;0.0;0.0;30.0;BNHS_0626
BN-48-1C-SAT1-TREFR45;0.0;0.0;30.0;BNHS_0626
BN-48-1C-SAT1-TREFR46;0.0;0.0;30.0;BNHS_0626
BN-48-1C-SAT1-TREFR47;0.0;0.0;30.0;BNHS_0626
BN-48-1C-SAT1-TREFR48;0.0;0.0;30.0;BNHS_0626
BN-48-1C-SAT1-TREFR49;0.0;0.0;30.0;BNHS_0626
BN-48-1C-SAT1-TREFR50;0.0;0.0;30.0;BNHS_0626
BN-48-1C-SAT1-TREFR51;0.0;0.0;30.0;BNHS_0626
BN-48-1C-SAT1-TREFR52;0.0;0.0;30.0;BNHS_0626
BN-48-1C-SAT1-TREFR53;0.0;0.0;30.0;BNHS_0626
BN-48-1C-SAT1-TREFR54;0.0;0.0;30.0;BNHS_0626
BN-48-1C-SAT1-TREFR55;0.0;0.0;30.0;BNHS_0626
BN-48-1C-SAT1-TREFR56;0.0;0.0;30.0;BNHS_0626
BN-48-1C-SAT1-TREFR57;0.0;0.0;30.0;BNHS_0626
BN-48-1C-SAT1-TREFR58;0.0;0.0;30.0;BNHS_0626
BN-48-1C-SAT1-TREFR59;0.0;0.0;30.0;BNHS_0626
BN-48-1C-SAT1-TREFR60;0.0;0.0;30.0;BNHS_0626
BN-48-1C-SAT1-TREFR61;0.0;0.0;30.0;BNHS_0626
BN-48-1C-SAT1-TREFR62;0.0;0.0;30.0;BNHS_0626
BN-48-1C-SAT1-TREFR63;0.0;0.0;30.0;BNHS_0626
BN-48-1C-SAT1-TREFR64;0.0;0.0;30.0;BNHS_0626
BN-48-1C-SAT1-TREFR65;0.0;0.0;30.0;BNHS_0626
BN-48-1C-SAT1-TREFR66;0.0;0.0;30.0;BNHS_0626
BN-48-1C-SAT1-TREFR67;0.0;0.0;30.0;BNHS_0626
BN-48-1C-SAT1-TREFR68;0.0;0.0;30.0;BNHS_0626
BN-48-1C-SAT1-TREFR69;0.0;0.0;30.0;BNHS_0626
BN-48-1C-SAT1-TREFR70;0.0;0.0;30.0;BNHS_0626
BN-48-1C-SAT1-TREFR71;0.0;0.0;30.0;BNHS_0626
BN-48-1C-SAT1-TREFR72;0.0;0.0;30.0;BNHS_0626
BN-48-1C-SAT1-TREFR73;0.0;0.0;30.0;BNHS_0626
BN-48-1C-SAT1-TREFR74;0.0;0.0;30.0;BNHS_0626
BN-48-1C-SAT1-TREFR75;0.0;0.0;30.0;BNHS_0626
BN-48-1C-SAT1-TREFR76;0.0;0.0;30.0;BNHS_0626
BN-48-1C-SAT1-TREFR77;0.0;0.0;30.0;BNHS_0626
BN-48-1C-SAT1-TREFR78;0.0;0.0;30.0;BNHS_0626
BN-48-1C-SAT1-TREFR79;0.0;0.0;30.0;BNHS_0626
BN-48-1C-SAT1-TREFR80;0.0;0.0;30.0;BNHS_0626
BN-48-1C-SAT1-TREFR81;0.0;0.0;30.0;BNHS_0626
BN-48-1C-SAT1-TREFR82;0.0;0.0;30.0;BNHS_0626
BN-48-1C-SAT1-TREFR83;0.0;0.0;30.0;BNHS_0626
BN-48-1C-SAT1-TREFR84;0.0;0.0;30.0;BNHS_0626
BN-48-1C-SAT1-TREFR85;0.0;0.0;30.0;BNHS_0626
BN-48-1C-SAT1-TREFR86;0.0;0.0;30.0;BNHS_0626
BN-48-1C-SAT1-TREFR87;0.0;0.0;30.0;BNHS_0626
BN-48-1C-SAT1-TREFR89;0.0;0.0;30.0;BNHS_0626
BN-48-1C-SAT1-TREFR90;0.0;0.0;30.0;BNHS_0626
BN-48-1C-SAT1-TREFR91;0.0;0.0;30.0;BNHS_0626
BN-48-1C-SAT2-TEFR32;0.0;0.0;30.0;BNHS_0626
BN-48-1C-SAT2-TEFR33;0.0;0.0;30.0;BNHS_0626
BN-48-1C-SAT2-TEFR34;0.0;0.0;30.0;BNHS_0626
BN-48-1C-SAT2-TEFR35;0.0;0.0;30.0;BNHS_0626
BN-48-1C-SAT2-TEFR36;0.0;0.0;30.0;BNHS_0626
BN-48-1C-SAT2-TEFR37;0.0;0.0;30.0;BNHS_0626
BN-48-1C-SAT2-TEFR38;0.0;0.0;30.0;BNHS_0626
BN-60-1C-SAT2-TEFR1;0.0;0.0;30.0;BNHS_0626
BN-60-1C-SAT2-TEFR2;0.0;0.0;30.0;BNHS_0626
BN-60-1C-SAT2-TEFR3;0.0;0.0;30.0;BNHS_0626
BN-60-1C-SAT2-TEFR4;0.0;0.0;30.0;BNHS_0626
BN-60-1C-SAT2-TEFR5;0.0;0.0;30.0;BNHS_0626
BN-60-1C-SAT2-TEFR6;0.0;0.0;30.0;BNHS_0626
BN-60-1C-SAT2-TEFR7;0.0;0.0;30.0;BNHS_0626
BN-60-1C-SAT2-TEFR8;0.0;0.0;30.0;BNHS_0626
BN-60-1C-SAT2-TEFR9;0.0;0.0;30.0;BNHS_0626
BN-60-1C-SAT2-TEFR10;0.0;0.0;30.0;BNHS_0626
BN-60-1C-SAT2-TEFR11;0.0;0.0;30.0;BNHS_0626
BN-60-1C-SAT2-TEFR12;0.0;0.0;30.0;BNHS_0626
BN-60-1C-SAT2-TEFR13;0.0;0.0;30.0;BNHS_0626
BN-60-1C-SAT2-TEFR14;0.0;0.0;30.0;BNHS_0626
BN-60-1C-SAT2-TEFR15;0.0;0.0;30.0;BNHS_0626
BN-60-1C-SAT2-TEFR16;0.0;0.0;30.0;BNHS_0626
BN-60-1C-SAT2-TEFR17;0.0;0.0;30.0;BNHS_0626
BN-60-1C-SAT2-TEFR18;0.0;0.0;30.0;BNHS_0626
BN-60-1C-SAT2-TEFR19;0.0;0.0;30.0;BNHS_0626
BN-60-1C-SAT2-TEFR20;0.0;0.0;30.0;BNHS_0626
BN-60-1C-SAT2-TEFR21;0.0;0.0;30.0;BNHS_0626
BN-60-1C-SAT2-TEFR22;0.0;0.0;30.0;BNHS_0626
BN-60-1C-SAT2-TEFR23;0.0;0.0;30.0;BNHS_0626
BN-60-1C-SAT2-TEFR24;0.0;0.0;30.0;BNHS_0626
BN-60-1C-SAT2-TEFR25;0.0;0.0;30.0;BNHS_0626
BN-60-1C-SAT2-TEFR26;0.0;0.0;30.0;BNHS_0626
BN-60-1C-SAT2-TEFR27;0.0;0.0;30.0;BNHS_0626
BN-60-1C-SAT2-TEFR28;0.0;0.0;30.0;BNHS_0626
BN-60-1C-SAT2-TEFR29;0.0;0.0;30.0;BNHS_0626
BN-60-1C-SAT2-TEFR30;0.0;0.0;30.0;BNHS_0626
BN-60-1C-SAT2-TEFR31;0.0;0.0;30.0;BNHS_0626
BN-60-1C-SAT2-TEFR32;0.0;0.0;30.0;BNHS_0626
BN-60-1C-SAT2-TEFR33;0.0;0.0;30.0;BNHS_0626
BN-60-1C-SAT2-TEFR34;0.0;0.0;30.0;BNHS_0626
BN-60-1C-SAT2-TEFR35;0.0;0.0;30.0;BNHS_0626
BN-60-1C-SAT2-TEFR36;0.0;0.0;30.0;BNHS_0626
BN-60-1C-SAT2-TEFR37;0.0;0.0;30.0;BNHS_0626
BN-60-1C-SAT2-TEFR38;0.0;0.0;30.0;BNHS_0626
BN-60-1C-SAT2-TEFR39;0.0;0.0;30.0;BNHS_0626
BN-60-1C-SAT2-TEFR40;0.0;0.0;30.0;BNHS_0626
BN-60-1C-SAT2-TEFR41;0.0;0.0;30.0;BNHS_0626
BN-60-1C-SAT2-TEFR42;0.0;0.0;30.0;BNHS_0626
BN-60-1C-SAT2-TEFR43;0.0;0.0;30.0;BNHS_0626
BN-60-1C-SAT2-TEFR44;0.0;0.0;30.0;BNHS_0626
BN-60-1C-SAT2-TEFR45;0.0;0.0;30.0;BNHS_0626
BN-60-1C-SAT2-TEFR46;0.0;0.0;30.0;BNHS_0626
BN-60-1C-SAT2-TEFR47;0.0;0.0;30.0;BNHS_0626
BN-60-1C-SAT2-TEFR48;0.0;0.0;30.0;BNHS_0626
BN-60-1C-SAT2-TEFR49;0.0;0.0;30.0;BNHS_0626
BN-60-1C-SAT2-TEFR50;0.0;0.0;30.0;BNHS_0626
BN-60-1C-SAT2-TEFR51;0.0;0.0;30.0;BNHS_0626
BN-60-1C-SAT2-TEFR52;0.0;0.0;30.0;BNHS_0626
BN-60-1C-SAT2-TEFR53;0.0;0.0;30.0;BNHS_0626
BN-60-1C-SAT2-TEFR54;0.0;0.0;30.0;BNHS_0626
BN-60-1C-SAT2-TEFR55;0.0;0.0;30.0;BNHS_0626
BN-60-1C-SAT2-TEFR56;0.0;0.0;30.0;BNHS_0626
BN-60-1C-SAT2-TEFR57;0.0;0.0;30.0;BNHS_0626
BN-60-1C-SAT2-TEFR58;0.0;0.0;30.0;BNHS_0626
BN-60-1C-SAT2-TEFR59;0.0;0.0;30.0;BNHS_0626
BN-60-1C-SAT2-TEFR60;0.0;0.0;30.0;BNHS_0626
BN-60-1C-SAT2-TWFR1;0.0;0.0;30.0;BNHS_0626
BN-60-1C-SAT2-TWFR2;0.0;0.0;30.0;BNHS_0626
BN-60-1C-SAT2-TWFR3;0.0;0.0;30.0;BNHS_0626
BN-60-1C-SAT2-TWFR4;0.0;0.0;30.0;BNHS_0626
BN-60-1C-SAT2-TWFR5;0.0;0.0;30.0;BNHS_0626
BN-60-1C-SAT2-TWFR6;0.0;0.0;30.0;BNHS_0626
BN-60-1C-SAT2-TWFR7;0.0;0.0;30.0;BNHS_0626
BN-60-1C-SAT2-TWFR8;0.0;0.0;30.0;BNHS_0626
BN-60-1C-SAT2-TWFR9;0.0;0.0;30.0;BNHS_0626
BN-60-1C-SAT2-TWFR10;0.0;0.0;30.0;BNHS_0626
BN-140TrSt3WFR1;0.0;0.0;29.0;BNHS_0626
BN-140TrSt3WFR2;0.0;0.0;29.0;BNHS_0626
BN-140TrSt3WFR3;0.0;0.0;29.0;BNHS_0626
BN-140TrSt3WFR4;0.0;0.0;29.0;BNHS_0626
BN-140TrSt3WFR5;0.0;0.0;29.0;BNHS_0626
BN-140TrSt3WFR51;0.0;0.0;29.0;BNHS_0626
BN-140TrSt3WFR6;0.0;0.0;29.0;BNHS_0626
BN-140TrSt3WFR7;0.0;0.0;29.0;BNHS_0626
BN-123TrTaille04EFR1;0.0;0.0;28.0;BNHS_0626
BN-123TrTaille04EFR10;0.0;0.0;28.0;BNHS_0626
BN-123TrTaille04EFR2;0.0;0.0;28.0;BNHS_0626
BN-123TrTaille04EFR3;0.0;0.0;28.0;BNHS_0626
BN-123TrTaille04EFR4;0.0;0.0;28.0;BNHS_0626
BN-123TrTaille04EFR5;0.0;0.0;28.0;BNHS_0626
BN-123TrTaille04EFR6;0.0;0.0;28.0;BNHS_0626
BN-123TrTaille04EFR7;0.0;0.0;28.0;BNHS_0626
BN-123TrTaille04EFR9;0.0;0.0;28.0;BNHS_0626
BN-123TrTaille04WFR1;0.0;0.0;28.0;BNHS_0626
BN-123TrTaille04WFR2;0.0;0.0;28.0;BNHS_0626
BN-123TrTaille04WFR3;0.0;0.0;28.0;BNHS_0626
BN-123TrTaille04WFR4;0.0;0.0;28.0;BNHS_0626
BN-123TrTaille04WFR5;0.0;0.0;28.0;BNHS_0626
BN-123TrTaille04WFR6;0.0;0.0;28.0;BNHS_0626
BN-123TrTaille04WFR7;0.0;0.0;28.0;BNHS_0626
BN-123TrTaille04WFR8;0.0;0.0;28.0;BNHS_0626
BN-123TrTaille04WFR9;0.0;0.0;28.0;BNHS_0626
BN-140TrSt2EFR1;0.0;0.0;28.0;BNHS_0626
BN-140TrSt2EFR2;0.0;0.0;28.0;BNHS_0626
BN-140TrSt3EFR14;0.0;0.0;28.0;BNHS_0626
BN-140TrSt3EFR15;0.0;0.0;28.0;BNHS_0626
BN-140TrSt3WFR50;0.0;0.0;28.0;BNHS_0626
BN-140TrSt4WFR4;0.0;0.0;28.0;BNHS_0626
BN-80Taille1W18FR50;0.0;0.0;28.0;BNHS_0626
BN-80Taille1W18FR51;0.0;0.0;28.0;BNHS_0626
BN-80Taille1W18FR52;0.0;0.0;28.0;BNHS_0626
BN-80Taille1W18FR53;0.0;0.0;28.0;BNHS_0626
BN-80Taille1W18FR54;0.0;0.0;28.0;BNHS_0626
BN-80TrWF112;0.0;0.0;28.0;BNHS_0626
BN-80TrWF114;0.0;0.0;28.0;BNHS_0626
BN-88BisChTrW7E4;0.0;0.0;28.0;BNHS_0626
BN-88ChTrW10E1;0.0;0.0;28.0;BNHS_0626
BN-88ChTrW10E2;0.0;0.0;28.0;BNHS_0626
BN-88ChTrW12E1;0.0;0.0;28.0;BNHS_0626
BN-88ChTrW12E2;0.0;0.0;28.0;BNHS_0626
BN-140TrSt3WFR49;0.0;0.0;27.0;BNHS_0626
BN-140TrSt4WFR1;0.0;0.0;27.0;BNHS_0626
BN-140TrSt4WFR1Bis;0.0;0.0;27.0;BNHS_0626
BN-140TrSt4WFR2;0.0;0.0;27.0;BNHS_0626
BN-140TrSt4WFR3;0.0;0.0;27.0;BNHS_0626
BN-40TrP5EF41;0.0;0.0;27.0;BNHS_0626
BN-140TailleSt3W1R1;0.0;0.0;27.0;BNHS_0626
BN-140TailleSt3W1R2;0.0;0.0;27.0;BNHS_0626
BN-140TailleSt3W1R3;0.0;0.0;27.0;BNHS_0626
BN-140TailleSt3W1R4;0.0;0.0;27.0;BNHS_0626
BN-140TailleSt3W1R5;0.0;0.0;27.0;BNHS_0626
BN-40Tr1CSPEWFR1;0.0;0.0;27.0;BNHS_0626
BN-40Tr1CSPEWFR2;0.0;0.0;27.0;BNHS_0626
BN-40Tr1CSPEWFR3;0.0;0.0;27.0;BNHS_0626
BN-40Tr1CSPEWFR4;0.0;0.0;27.0;BNHS_0626
BN-40Tr1CSPEWFR5;0.0;0.0;27.0;BNHS_0626
BN-40Tr1CSPEWFR6;0.0;0.0;27.0;BNHS_0626
BN-40Tr1CSPEWFR7;0.0;0.0;27.0;BNHS_0626
BN-40Tr1CSPEWFR8;0.0;0.0;27.0;BNHS_0626
BN-40Tr1CSPEWFR9;0.0;0.0;27.0;BNHS_0626
BN-40Tr1CSPEWFR10;0.0;0.0;27.0;BNHS_0626
BN-140TrSt3WFR48;0.0;0.0;26.0;BNHS_0626
BN-100TailleSQz2R1;0.0;0.0;25.0;BNHS_0626
BN-100TailleSQz2R15;0.0;0.0;25.0;BNHS_0626
BN-100TailleSQz2R16;0.0;0.0;25.0;BNHS_0626
BN-100TailleSQz2R17;0.0;0.0;25.0;BNHS_0626
BN-100TailleSQz2R18;0.0;0.0;25.0;BNHS_0626
BN-100TailleSQz2R19;0.0;0.0;25.0;BNHS_0626
BN-100TailleSQz2R20;0.0;0.0;25.0;BNHS_0626
BN-100TailleSQz3R10;0.0;0.0;25.0;BNHS_0626
BN-100TailleSQz3R11;0.0;0.0;25.0;BNHS_0626
BN-100TailleSQz3R12;0.0;0.0;25.0;BNHS_0626
BN-100TailleSQz3R2;0.0;0.0;25.0;BNHS_0626
BN-100TailleSQz3R3;0.0;0.0;25.0;BNHS_0626
BN-100TailleSQz3R4;0.0;0.0;25.0;BNHS_0626
BN-100TailleSQz3R5;0.0;0.0;25.0;BNHS_0626
BN-100TailleSQz3R6;0.0;0.0;25.0;BNHS_0626
BN-100TailleSQz3R7;0.0;0.0;25.0;BNHS_0626
BN-100TailleSQz3R8;0.0;0.0;25.0;BNHS_0626
BN-100TailleSQz3R9;0.0;0.0;25.0;BNHS_0626
BN-100TrSQtzR10;0.0;0.0;25.0;BNHS_0626
BN-100TrSQtzR11;0.0;0.0;25.0;BNHS_0626
BN-100TrSQtzR12;0.0;0.0;25.0;BNHS_0626
BN-100TrSQtzR13;0.0;0.0;25.0;BNHS_0626
BN-100TrSQtzR14;0.0;0.0;25.0;BNHS_0626
BN-100TrSQtzR15;0.0;0.0;25.0;BNHS_0626
BN-100TrSQtzR16;0.0;0.0;25.0;BNHS_0626
BN-100TrSQtzR17;0.0;0.0;25.0;BNHS_0626
BN-100TrSQtzR18;0.0;0.0;25.0;BNHS_0626
BN-100TrSQtzR19;0.0;0.0;25.0;BNHS_0626
BN-100TrSQtzR2;0.0;0.0;25.0;BNHS_0626
BN-100TrSQtzR20;0.0;0.0;25.0;BNHS_0626
BN-100TrSQtzR21;0.0;0.0;25.0;BNHS_0626
BN-100TrSQtzR22;0.0;0.0;25.0;BNHS_0626
BN-100TrSQtzR23;0.0;0.0;25.0;BNHS_0626
BN-100TrSQtzR24;0.0;0.0;25.0;BNHS_0626
BN-100TrSQtzR25;0.0;0.0;25.0;BNHS_0626
BN-100TrSQtzR26;0.0;0.0;25.0;BNHS_0626
BN-100TrSQtzR27;0.0;0.0;25.0;BNHS_0626
BN-100TrSQtzR28;0.0;0.0;25.0;BNHS_0626
BN-100TrSQtzR3;0.0;0.0;25.0;BNHS_0626
BN-100TrSQtzR4;0.0;0.0;25.0;BNHS_0626
BN-100TrSQtzR5;0.0;0.0;25.0;BNHS_0626
BN-100TrSQtzR6;0.0;0.0;25.0;BNHS_0626
BN-100TrSQtzR7;0.0;0.0;25.0;BNHS_0626
BN-100TrSQtzR8;0.0;0.0;25.0;BNHS_0626
BN-100TrSQtzR9;0.0;0.0;25.0;BNHS_0626
BN-100TrT01WFR1;0.0;0.0;25.0;BNHS_0626
BN-100TrT01WFR12;0.0;0.0;25.0;BNHS_0626
BN-100TrT01WFR13;0.0;0.0;25.0;BNHS_0626
BN-100TrT01WFR14;0.0;0.0;25.0;BNHS_0626
BN-100TrT01WFR15;0.0;0.0;25.0;BNHS_0626
BN-100TrT01WFR16;0.0;0.0;25.0;BNHS_0626
BN-100TrT01WFR2;0.0;0.0;25.0;BNHS_0626
BN-100TrT01WFR3;0.0;0.0;25.0;BNHS_0626
BN-100TrT01WFR4;0.0;0.0;25.0;BNHS_0626
BN-100TrT01WFR5;0.0;0.0;25.0;BNHS_0626
BN-100TrT01WFR6;0.0;0.0;25.0;BNHS_0626
BN-120TailleS1E4R1;0.0;0.0;25.0;BNHS_0626
BN-120TailleS1E4R13;0.0;0.0;25.0;BNHS_0626
BN-120TailleS1E4R14;0.0;0.0;25.0;BNHS_0626
BN-120TailleS1E4R15;0.0;0.0;25.0;BNHS_0626
BN-120TailleS1E4R16;0.0;0.0;25.0;BNHS_0626
BN-120TailleS1E4R17;0.0;0.0;25.0;BNHS_0626
BN-120TailleS1E4R18;0.0;0.0;25.0;BNHS_0626
BN-120TailleS1E4R19;0.0;0.0;25.0;BNHS_0626
BN-120TailleS1E4R2;0.0;0.0;25.0;BNHS_0626
BN-120TailleS1E4R20;0.0;0.0;25.0;BNHS_0626
BN-120TailleS1E4R21;0.0;0.0;25.0;BNHS_0626
BN-120TailleS1E4R3;0.0;0.0;25.0;BNHS_0626
BN-120TailleS1E4R4;0.0;0.0;25.0;BNHS_0626
BN-120TailleS1T10R1;0.0;0.0;25.0;BNHS_0626
BN-120TailleS1T10R10;0.0;0.0;25.0;BNHS_0626
BN-120TailleS1T10R11;0.0;0.0;25.0;BNHS_0626
BN-120TailleS1T10R12;0.0;0.0;25.0;BNHS_0626
BN-120TailleS1T10R13;0.0;0.0;25.0;BNHS_0626
BN-120TailleS1T10R14;0.0;0.0;25.0;BNHS_0626
BN-120TailleS1T10R15;0.0;0.0;25.0;BNHS_0626
BN-120TailleS1T10R16;0.0;0.0;25.0;BNHS_0626
BN-120TailleS1T10R17;0.0;0.0;25.0;BNHS_0626
BN-120TailleS1T10R18;0.0;0.0;25.0;BNHS_0626
BN-120TailleS1T10R19;0.0;0.0;25.0;BNHS_0626
BN-120TailleS1T10R2;0.0;0.0;25.0;BNHS_0626
BN-120TailleS1T10R20;0.0;0.0;25.0;BNHS_0626
BN-120TailleS1T10R21;0.0;0.0;25.0;BNHS_0626
BN-120TailleS1T10R22;0.0;0.0;25.0;BNHS_0626
BN-120TailleS1T10R23;0.0;0.0;25.0;BNHS_0626
BN-120TailleS1T10R24;0.0;0.0;25.0;BNHS_0626
BN-120TailleS1T10R25;0.0;0.0;25.0;BNHS_0626
BN-120TailleS1T10R26;0.0;0.0;25.0;BNHS_0626
BN-120TailleS1T10R27;0.0;0.0;25.0;BNHS_0626
BN-120TailleS1T10R28;0.0;0.0;25.0;BNHS_0626
BN-120TailleS1T10R29;0.0;0.0;25.0;BNHS_0626
BN-120TailleS1T10R3;0.0;0.0;25.0;BNHS_0626
BN-120TailleS1T10R30;0.0;0.0;25.0;BNHS_0626
BN-120TailleS1T10R31;0.0;0.0;25.0;BNHS_0626
BN-120TailleS1T10R32;0.0;0.0;25.0;BNHS_0626
BN-120TailleS1T10R33;0.0;0.0;25.0;BNHS_0626
BN-120TailleS1T10R34;0.0;0.0;25.0;BNHS_0626
BN-120TailleS1T10R35;0.0;0.0;25.0;BNHS_0626
BN-120TailleS1T10R36;0.0;0.0;25.0;BNHS_0626
BN-120TailleS1T10R4;0.0;0.0;25.0;BNHS_0626
BN-120TailleS1T10R5;0.0;0.0;25.0;BNHS_0626
BNW-100-TR-E-R3;0.0;0.0;10.0;BNHS_0626
BN-120TailleS1T10R6;0.0;0.0;25.0;BNHS_0626
BN-120TailleS1T10R7;0.0;0.0;25.0;BNHS_0626
BN-120TailleS1T10R8;0.0;0.0;25.0;BNHS_0626
BN-120TailleS1T10R9;0.0;0.0;25.0;BNHS_0626
BN-120TailleS1TrFR11;0.0;0.0;25.0;BNHS_0626
BN-120TailleS1TrFR12;0.0;0.0;25.0;BNHS_0626
BN-120TailleS1TrFR13;0.0;0.0;25.0;BNHS_0626
BN-120TailleS1TrFR14;0.0;0.0;25.0;BNHS_0626
BN-120TailleS1TrFR15;0.0;0.0;25.0;BNHS_0626
BN-120TailleS1TrFR16;0.0;0.0;25.0;BNHS_0626
BN-120TailleS1TrFR17;0.0;0.0;25.0;BNHS_0626
BN-120TailleS1TrFR18;0.0;0.0;25.0;BNHS_0626
BN-120TailleS1TrFR19;0.0;0.0;25.0;BNHS_0626
BN-120TailleS1TrFR20;0.0;0.0;25.0;BNHS_0626
BN-120TailleS1TrFR21;0.0;0.0;25.0;BNHS_0626
BN-120TailleS1TrFR22;0.0;0.0;25.0;BNHS_0626
BN-120TailleS1TrFR23;0.0;0.0;25.0;BNHS_0626
BN-120TailleS1TrFR24;0.0;0.0;25.0;BNHS_0626
BN-120TailleS1TrFR25;0.0;0.0;25.0;BNHS_0626
BN-120TailleS1TrFR26;0.0;0.0;25.0;BNHS_0626
BN-120TailleS1TrFR27;0.0;0.0;25.0;BNHS_0626
BN-120TailleS1TrFR28;0.0;0.0;25.0;BNHS_0626
BN-120TailleS1TrFR29;0.0;0.0;25.0;BNHS_0626
BN-120TailleS1TrFR30;0.0;0.0;25.0;BNHS_0626
BN-120TailleS1TrFR31;0.0;0.0;25.0;BNHS_0626
BN-120TailleS1TrFR32;0.0;0.0;25.0;BNHS_0626
BN-120TailleS1TrFR33;0.0;0.0;25.0;BNHS_0626
BN-120TailleS2T6R34;0.0;0.0;25.0;BNHS_0626
BN-120TailleS2T6R35;0.0;0.0;25.0;BNHS_0626
BN-120TailleS2T6R36;0.0;0.0;25.0;BNHS_0626
BN-120TailleS2T6R37;0.0;0.0;25.0;BNHS_0626
BN-120TailleS2T6R38;0.0;0.0;25.0;BNHS_0626
BN-120TailleS2T6R39;0.0;0.0;25.0;BNHS_0626
BN-120TrRcp3WR16;0.0;0.0;25.0;BNHS_0626
BN-120TrRcp3WR17;0.0;0.0;25.0;BNHS_0626
BN-120TrRcp3WR18;0.0;0.0;25.0;BNHS_0626
BN-120TrRcp3WR19;0.0;0.0;25.0;BNHS_0626
BN-120TrWS1FR1;0.0;0.0;25.0;BNHS_0626
BN-120TrWS1FR10;0.0;0.0;25.0;BNHS_0626
BN-120TrWS1FR11;0.0;0.0;25.0;BNHS_0626
BN-120TrWS1FR2;0.0;0.0;25.0;BNHS_0626
BN-120TrWS1FR3;0.0;0.0;25.0;BNHS_0626
BN-120TrWS1FR4;0.0;0.0;25.0;BNHS_0626
BN-120TrWS1FR5;0.0;0.0;25.0;BNHS_0626
BN-120TrWS1FR6;0.0;0.0;25.0;BNHS_0626
BN-120TrWS1FR7;0.0;0.0;25.0;BNHS_0626
BN-120TrWS1FR8;0.0;0.0;25.0;BNHS_0626
BN-120TrWS1FR9;0.0;0.0;25.0;BNHS_0626
BN-140TrSt2Rcp4WFR10;0.0;0.0;25.0;BNHS_0626
BN-140TrSt2Rcp4WFR11;0.0;0.0;25.0;BNHS_0626
BN-140TrSt2Rcp4WFR12;0.0;0.0;25.0;BNHS_0626
BN-140TrSt2Rcp4WFR6;0.0;0.0;25.0;BNHS_0626
BN-140TrSt2Rcp4WFR7;0.0;0.0;25.0;BNHS_0626
BN-140TrSt2Rcp4WFR8;0.0;0.0;25.0;BNHS_0626
BN-140TrSt2Rcp4WFR9;0.0;0.0;25.0;BNHS_0626
BN-140TrSt3WFR45;0.0;0.0;25.0;BNHS_0626
BN-140TrSt3WFR46;0.0;0.0;25.0;BNHS_0626
BN-140TrSt3WFR47;0.0;0.0;25.0;BNHS_0626
BN-80Taille1C19R15;0.0;0.0;25.0;BNHS_0626
BN-80Taille1C19R16;0.0;0.0;25.0;BNHS_0626
BN-80Taille1C19R17;0.0;0.0;25.0;BNHS_0626
BN-80Taille1C19R18;0.0;0.0;25.0;BNHS_0626
BN-80Taille1C19R19;0.0;0.0;25.0;BNHS_0626
BN-80Taille1C19R20;0.0;0.0;25.0;BNHS_0626
BN-80Taille1C19R21;0.0;0.0;25.0;BNHS_0626
BN-80Taille1C19R22;0.0;0.0;25.0;BNHS_0626
BN-80Taille1C19R23;0.0;0.0;25.0;BNHS_0626
BN-80Taille1C19R24;0.0;0.0;25.0;BNHS_0626
BN-80Taille1C19R25;0.0;0.0;25.0;BNHS_0626
BN-80Taille1W18FR87;0.0;0.0;25.0;BNHS_0626
BN-80Taille1W18FR88;0.0;0.0;25.0;BNHS_0626
BN-80Taille1W18FR89;0.0;0.0;25.0;BNHS_0626
BN-80TrWF45;0.0;0.0;25.0;BNHS_0626
BN-130TrESt2Rcp3FR5;0.0;0.0;25.0;BNHS_0626
BN-130TrESt2Rcp3FR6;0.0;0.0;25.0;BNHS_0626
BN-130TrESt2Rcp3FR7;0.0;0.0;25.0;BNHS_0626
BN-130TrESt2Rcp3FR8;0.0;0.0;25.0;BNHS_0626
BN-140Taille1WSt1TrEFR12;0.0;0.0;25.0;BNHS_0626
BN-140Taille1WSt1TrEFR13;0.0;0.0;25.0;BNHS_0626
BN-140Taille1WSt1TrEFR14;0.0;0.0;25.0;BNHS_0626
BN-140Taille1WSt1TrEFR15;0.0;0.0;25.0;BNHS_0626
BN-140Taille1WSt1TrEFR16;0.0;0.0;25.0;BNHS_0626
BN-140Taille1WSt1TrEFR17;0.0;0.0;25.0;BNHS_0626
BN-140Taille1WSt1TrEFR18;0.0;0.0;25.0;BNHS_0626
BN-140Taille1WSt1TrEFR19;0.0;0.0;25.0;BNHS_0626
BN-140Taille1WSt1TrEFR20;0.0;0.0;25.0;BNHS_0626
BN-140Taille1WSt1TrEFR21;0.0;0.0;25.0;BNHS_0626
BN-140Taille1WSt1TrEFR22;0.0;0.0;25.0;BNHS_0626
BN-140Taille1WSt1TrEFR23;0.0;0.0;25.0;BNHS_0626
BN-140Taille1WSt1TrEFR24;0.0;0.0;25.0;BNHS_0626
BN-140Taille1WSt1TrEFR25;0.0;0.0;25.0;BNHS_0626
BN-140Taille1WSt1TrEFR26;0.0;0.0;25.0;BNHS_0626
BN-140Taille1WSt1TrEFR27;0.0;0.0;25.0;BNHS_0626
BN-140Taille1WSt1TrEFR28;0.0;0.0;25.0;BNHS_0626
BN-140Taille1WSt1TrEFR29;0.0;0.0;25.0;BNHS_0626
BN-40Taille1CSt2T1R1;0.0;0.0;25.0;BNHS_0626
BN-40Taille1CSt2T2R1;0.0;0.0;25.0;BNHS_0626
BN-40Taille1CSt2T2R10;0.0;0.0;25.0;BNHS_0626
BN-40Taille1CSt2T2R11;0.0;0.0;25.0;BNHS_0626
BN-40Taille1CSt2T2R18;0.0;0.0;25.0;BNHS_0626
BN-40Taille1CSt2T2R19;0.0;0.0;25.0;BNHS_0626
BN-40Taille1CSt2T2R2;0.0;0.0;25.0;BNHS_0626
BN-40Taille1CSt2T2R20;0.0;0.0;25.0;BNHS_0626
BN-40Taille1CSt2T2R21;0.0;0.0;25.0;BNHS_0626
BN-40Taille1CSt2T2R22;0.0;0.0;25.0;BNHS_0626
BN-40Taille1CSt2T2R23;0.0;0.0;25.0;BNHS_0626
BN-40Taille1CSt2T2R24;0.0;0.0;25.0;BNHS_0626
BN-40Taille1CSt2T2R25;0.0;0.0;25.0;BNHS_0626
BN-40Taille1CSt2T2R26;0.0;0.0;25.0;BNHS_0626
BN-40Taille1CSt2T2R27;0.0;0.0;25.0;BNHS_0626
BN-40Taille1CSt2T2R28;0.0;0.0;25.0;BNHS_0626
BN-40Taille1CSt2T2R29;0.0;0.0;25.0;BNHS_0626
BN-40Taille1CSt2T2R3;0.0;0.0;25.0;BNHS_0626
BN-40Taille1CSt2T2R31;0.0;0.0;25.0;BNHS_0626
BN-40Taille1CSt2T2R4;0.0;0.0;25.0;BNHS_0626
BN-40Taille1CSt2T2R5;0.0;0.0;25.0;BNHS_0626
BN-40Taille1CSt2T2R6;0.0;0.0;25.0;BNHS_0626
BN-40Taille1CSt2T2R7;0.0;0.0;25.0;BNHS_0626
BN-40Taille1CSt2T2R8;0.0;0.0;25.0;BNHS_0626
BN-40Taille1CSt2T2R9;0.0;0.0;25.0;BNHS_0626
BN-48-1C-SAT1-TREFR26;0.0;0.0;25.0;BNHS_0626
BN-48-1C-SAT1-TREFR27;0.0;0.0;25.0;BNHS_0626
BN-48-1C-SAT1-TREFR28;0.0;0.0;25.0;BNHS_0626
BN-48-1C-SAT1-TREFR29;0.0;0.0;25.0;BNHS_0626
BN-48-1C-SAT1-TREFR30;0.0;0.0;25.0;BNHS_0626
BN-40-1C-SAT2-TW5FR1;0.0;0.0;25.0;BNHS_0626
BN-40-1C-SAT2-TW5FR2;0.0;0.0;25.0;BNHS_0626
BN-40-1C-SAT2-TW5FR3;0.0;0.0;25.0;BNHS_0626
BN-40-1C-SAT2-TW5FR4;0.0;0.0;25.0;BNHS_0626
BN-40-1C-SAT2-TW5FR5;0.0;0.0;25.0;BNHS_0626
BN-40-1C-SAT2-TW5FR6;0.0;0.0;25.0;BNHS_0626
BN-40-1C-SAT2-TW5FR7;0.0;0.0;25.0;BNHS_0626
BN-40-1C-SAT2-TW5FR8;0.0;0.0;25.0;BNHS_0626
BN-40-1C-SAT2-TW5FR9;0.0;0.0;25.0;BNHS_0626
BN-40-1C-SAT2-TW5FR10;0.0;0.0;25.0;BNHS_0626
BN-40-1C-SAT2-TW5FR11;0.0;0.0;25.0;BNHS_0626
BN-40-1C-SAT2-TW5FR12;0.0;0.0;25.0;BNHS_0626
BN-40-1C-SAT2-TW5FR13;0.0;0.0;25.0;BNHS_0626
BN-40-1C-SAT2-TW5FR14;0.0;0.0;25.0;BNHS_0626
BN-40-1C-SAT2-TW5FR15;0.0;0.0;25.0;BNHS_0626
BN-40-1C-SAT2-TW5FR16;0.0;0.0;25.0;BNHS_0626
BN-40-1C-SAT2-TW5FR17;0.0;0.0;25.0;BNHS_0626
BN-40-1C-SAT2-TW5FR18;0.0;0.0;25.0;BNHS_0626
BN-40-1C-SAT2-TW5FR19;0.0;0.0;25.0;BNHS_0626
BN-40-1C-SAT2-TW5FR20;0.0;0.0;25.0;BNHS_0626
BN-40-1C-SAT2-TW5FR21;0.0;0.0;25.0;BNHS_0626
BN-40-1C-SAT2-TW5FR22;0.0;0.0;25.0;BNHS_0626
BN-40-1C-SAT2-TW5FR23;0.0;0.0;25.0;BNHS_0626
BN-40-1C-SAT2-TW5FR24;0.0;0.0;25.0;BNHS_0626
BN-40-1C-SAT2-TW5FR25;0.0;0.0;25.0;BNHS_0626
BN-40-1C-SAT2-TW5FR26;0.0;0.0;25.0;BNHS_0626
BN-40-1C-SAT2-TW5FR27;0.0;0.0;25.0;BNHS_0626
BN-40-1C-SAT2-TW5FR28;0.0;0.0;25.0;BNHS_0626
BN-40-1C-SAT2-TW5FR29;0.0;0.0;25.0;BNHS_0626
BN-40-1C-SAT2-TW5FR30;0.0;0.0;25.0;BNHS_0626
BN-40-1C-SAT2-TW5FR31;0.0;0.0;25.0;BNHS_0626
BN-40-1C-SAT2-TW5FR32;0.0;0.0;25.0;BNHS_0626
BN-40-1C-SAT2-TW5FR33;0.0;0.0;25.0;BNHS_0626
BN-100TailleSQz3R13;0.0;0.0;24.0;BNHS_0626
BN-100TailleSQz3R14;0.0;0.0;24.0;BNHS_0626
BN-100TailleSQz3R15;0.0;0.0;24.0;BNHS_0626
BN-100TailleSQz3R16;0.0;0.0;24.0;BNHS_0626
BN-100TailleSQz3R17;0.0;0.0;24.0;BNHS_0626
BN-100TailleSQz3R18;0.0;0.0;24.0;BNHS_0626
BN-100TailleSQz4R5;0.0;0.0;24.0;BNHS_0626
BN-80Taille1W16R1;0.0;0.0;24.0;BNHS_0626
BN-80Taille1W16R2;0.0;0.0;24.0;BNHS_0626
BN-80Taille1W16R3;0.0;0.0;24.0;BNHS_0626
BN-80Taille1W16R4;0.0;0.0;24.0;BNHS_0626
BN-80Taille1W16R5;0.0;0.0;24.0;BNHS_0626
BN-80Taille1W16R6;0.0;0.0;24.0;BNHS_0626
BN-88ChTrW8E1;0.0;0.0;23.0;BNHS_0626
BN-88ChTrW8E3;0.0;0.0;23.0;BNHS_0626
BN-140TailleSt3W1R6;0.0;0.0;23.0;BNHS_0626
BN-140TailleSt3W1R7;0.0;0.0;23.0;BNHS_0626
BN-140Taille1WSt2T1R1;0.0;0.0;22.5;BNHS_0626
BN-140Taille1WSt2T1R2;0.0;0.0;22.5;BNHS_0626
BN-140Taille1WSt2T1R3;0.0;0.0;22.5;BNHS_0626
BN-140Taille1WSt2T1R4;0.0;0.0;22.5;BNHS_0626
BN-140Taille1WSt2T1R5;0.0;0.0;22.5;BNHS_0626
BN-140Taille1WSt2T1R6;0.0;0.0;22.5;BNHS_0626
BN-140Taille1WSt2T1R7;0.0;0.0;22.5;BNHS_0626
BN-140Taille1WSt2T1R8;0.0;0.0;22.5;BNHS_0626
BN-140Taille1WSt2TrEFR1;0.0;0.0;22.5;BNHS_0626
BN-140Taille1WSt2TrEFR10;0.0;0.0;22.5;BNHS_0626
BN-140Taille1WSt2TrEFR11;0.0;0.0;22.5;BNHS_0626
BN-140Taille1WSt2TrEFR12;0.0;0.0;22.5;BNHS_0626
BN-140Taille1WSt2TrEFR13;0.0;0.0;22.5;BNHS_0626
BN-140Taille1WSt2TrEFR14;0.0;0.0;22.5;BNHS_0626
BN-140Taille1WSt2TrEFR15;0.0;0.0;22.5;BNHS_0626
BN-140Taille1WSt2TrEFR16;0.0;0.0;22.5;BNHS_0626
BN-140Taille1WSt2TrEFR17;0.0;0.0;22.5;BNHS_0626
BN-140Taille1WSt2TrEFR2;0.0;0.0;22.5;BNHS_0626
BN-140Taille1WSt2TrEFR3;0.0;0.0;22.5;BNHS_0626
BN-140Taille1WSt2TrEFR4;0.0;0.0;22.5;BNHS_0626
BN-140Taille1WSt2TrEFR5;0.0;0.0;22.5;BNHS_0626
BN-140Taille1WSt2TrEFR6;0.0;0.0;22.5;BNHS_0626
BN-140Taille1WSt2TrEFR7;0.0;0.0;22.5;BNHS_0626
BN-140Taille1WSt2TrEFR8;0.0;0.0;22.5;BNHS_0626
BN-140Taille1WSt2TrEFR9;0.0;0.0;22.5;BNHS_0626
BN-100TailleSt3E4R1;0.0;0.0;22.0;BNHS_0626
BN-100TailleSt3E4R2;0.0;0.0;22.0;BNHS_0626
BN-100TailleSt3E4R3;0.0;0.0;22.0;BNHS_0626
BN-120TailleS2T6R30;0.0;0.0;22.0;BNHS_0626
BN-120TailleS2T6R31;0.0;0.0;22.0;BNHS_0626
BN-120TailleS2T6R32;0.0;0.0;22.0;BNHS_0626
BN-120TailleS2T6R33;0.0;0.0;22.0;BNHS_0626
BN-120TrRcp2St2ER80;0.0;0.0;22.0;BNHS_0626
BN-80Taille1C10R35;0.0;0.0;22.0;BNHS_0626
BN-88ChTrW9E1;0.0;0.0;22.0;BNHS_0626
BN-88ChTrW9E2;0.0;0.0;22.0;BNHS_0626
BN-100TailleSt3E3R14;0.0;0.0;20.0;BNHS_0626
BN-100TailleSt3E3R20;0.0;0.0;20.0;BNHS_0626
BN-100TailleSt3E3R21;0.0;0.0;20.0;BNHS_0626
BN-100TailleSt3E3R26;0.0;0.0;20.0;BNHS_0626
BN-100TailleSt3E3R27;0.0;0.0;20.0;BNHS_0626
BN-100TrSt3ER42;0.0;0.0;20.0;BNHS_0626
BN-100TrSt3ER45;0.0;0.0;20.0;BNHS_0626
BN-100TrSt3ER46;0.0;0.0;20.0;BNHS_0626
BN-120TailleS1T9R1;0.0;0.0;20.0;BNHS_0626
BN-120TailleS1T9R2;0.0;0.0;20.0;BNHS_0626
BN-120TailleS1T9R3;0.0;0.0;20.0;BNHS_0626
BN-120TailleS1T9R4;0.0;0.0;20.0;BNHS_0626
BN-120TailleS1T9R5;0.0;0.0;20.0;BNHS_0626
BN-120TailleS1T9R6;0.0;0.0;20.0;BNHS_0626
BN-120TailleS2E5R1;0.0;0.0;20.0;BNHS_0626
BN-120TailleS2E5R2;0.0;0.0;20.0;BNHS_0626
BN-120TailleS2E5R3;0.0;0.0;20.0;BNHS_0626
BN-120TailleS2E5R4;0.0;0.0;20.0;BNHS_0626
BN-120TailleS2E5R5;0.0;0.0;20.0;BNHS_0626
BN-120TailleS2T6R16;0.0;0.0;20.0;BNHS_0626
BN-120TailleS2T6R17;0.0;0.0;20.0;BNHS_0626
BN-120TailleS2T6R18;0.0;0.0;20.0;BNHS_0626
BN-120TailleS2T6R19;0.0;0.0;20.0;BNHS_0626
BN-120TailleS2T6R20;0.0;0.0;20.0;BNHS_0626
BN-120TailleS2T6R21;0.0;0.0;20.0;BNHS_0626
BN-120TailleS2T6R22;0.0;0.0;20.0;BNHS_0626
BN-120TailleS2T6R23;0.0;0.0;20.0;BNHS_0626
BN-120TailleS2T6R24;0.0;0.0;20.0;BNHS_0626
BN-120TailleS2T6R25;0.0;0.0;20.0;BNHS_0626
BN-120TailleS2T6R26;0.0;0.0;20.0;BNHS_0626
BN-120TailleS2T6R27;0.0;0.0;20.0;BNHS_0626
BN-120TailleS2T6R28;0.0;0.0;20.0;BNHS_0626
BN-120TailleS2T6R29;0.0;0.0;20.0;BNHS_0626
BN-120TrRcp3WR1;0.0;0.0;20.0;BNHS_0626
BN-120TrRcp3WR10;0.0;0.0;20.0;BNHS_0626
BN-120TrRcp3WR11;0.0;0.0;20.0;BNHS_0626
BN-120TrRcp3WR12;0.0;0.0;20.0;BNHS_0626
BN-120TrRcp3WR13;0.0;0.0;20.0;BNHS_0626
BN-120TrRcp3WR14;0.0;0.0;20.0;BNHS_0626
BN-120TrRcp3WR15;0.0;0.0;20.0;BNHS_0626
BN-120TrRcp3WR2;0.0;0.0;20.0;BNHS_0626
BN-120TrRcp3WR3;0.0;0.0;20.0;BNHS_0626
BN-120TrRcp3WR4;0.0;0.0;20.0;BNHS_0626
BN-120TrRcp3WR5;0.0;0.0;20.0;BNHS_0626
BN-120TrRcp3WR6;0.0;0.0;20.0;BNHS_0626
BN-120TrRcp3WR7;0.0;0.0;20.0;BNHS_0626
BN-120TrRcp3WR8;0.0;0.0;20.0;BNHS_0626
BN-120TrRcp3WR9;0.0;0.0;20.0;BNHS_0626
BN-120TrSt3WR1;0.0;0.0;20.0;BNHS_0626
BN-120TrSt3WR10;0.0;0.0;20.0;BNHS_0626
BN-120TrSt3WR11;0.0;0.0;20.0;BNHS_0626
BN-120TrSt3WR12;0.0;0.0;20.0;BNHS_0626
BN-120TrSt3WR13;0.0;0.0;20.0;BNHS_0626
BN-120TrSt3WR2;0.0;0.0;20.0;BNHS_0626
BN-120TrSt3WR3;0.0;0.0;20.0;BNHS_0626
BN-120TrSt3WR4;0.0;0.0;20.0;BNHS_0626
BN-120TrSt3WR5;0.0;0.0;20.0;BNHS_0626
BN-120TrSt3WR6;0.0;0.0;20.0;BNHS_0626
BN-120TrSt3WR7;0.0;0.0;20.0;BNHS_0626
BN-120TrSt3WR8;0.0;0.0;20.0;BNHS_0626
BN-120TrSt3WR9;0.0;0.0;20.0;BNHS_0626
BN-40TailleFoNT4R7;0.0;0.0;20.0;BNHS_0626
BN-40TailleSNVR15;0.0;0.0;20.0;BNHS_0626
BN-40TailleSNVR16;0.0;0.0;20.0;BNHS_0626
BN-40TailleSNVR17;0.0;0.0;20.0;BNHS_0626
BN-40TailleSNVR18;0.0;0.0;20.0;BNHS_0626
BN-40TailleSNVR19;0.0;0.0;20.0;BNHS_0626
BN-40TailleSNVR20;0.0;0.0;20.0;BNHS_0626
BN-40TailleSNVR6;0.0;0.0;20.0;BNHS_0626
BN-80Taille1W18FR66;0.0;0.0;20.0;BNHS_0626
BN-80Taille1W18FR67;0.0;0.0;20.0;BNHS_0626
BN-80Taille1W18FR68;0.0;0.0;20.0;BNHS_0626
BN-80Taille1W18FR75;0.0;0.0;20.0;BNHS_0626
BN-80Taille1W18FR77;0.0;0.0;20.0;BNHS_0626
BN-80Taille1W18FR79;0.0;0.0;20.0;BNHS_0626
BN-80Taille1W18FR81;0.0;0.0;20.0;BNHS_0626
BN-80Taille1W18FR82;0.0;0.0;20.0;BNHS_0626
BN-80Taille1W18FR83;0.0;0.0;20.0;BNHS_0626
BN-80Taille1W18FR84;0.0;0.0;20.0;BNHS_0626
BN-80Taille1W18FR85;0.0;0.0;20.0;BNHS_0626
BN-80Taille1W18FR86;0.0;0.0;20.0;BNHS_0626
BN-80Taille1W19R2;0.0;0.0;20.0;BNHS_0626
BN-80Taille1W19R3;0.0;0.0;20.0;BNHS_0626
BN-80Taille1W19R4;0.0;0.0;20.0;BNHS_0626
BN-80Taille1W19R5;0.0;0.0;20.0;BNHS_0626
BN-80Taille1W19R6;0.0;0.0;20.0;BNHS_0626
BN-80Taille1W19R7;0.0;0.0;20.0;BNHS_0626
BN-80TrW3GF8;0.0;0.0;20.0;BNHS_0626
BN-80TrWF39;0.0;0.0;20.0;BNHS_0626
BN-80TrWF53;0.0;0.0;20.0;BNHS_0626
BN-80TrWF54;0.0;0.0;20.0;BNHS_0626
BN-80TrWF60;0.0;0.0;20.0;BNHS_0626
BN-80TrWF84;0.0;0.0;20.0;BNHS_0626
BN-40Tr1CSPWEFR14;0.0;0.0;20.0;BNHS_0626
BN-40Tr1CSPWEFR15;0.0;0.0;20.0;BNHS_0626
BN-40Tr1CSPWEFR16;0.0;0.0;20.0;BNHS_0626
BN-40Tr1CSPWEFR17;0.0;0.0;20.0;BNHS_0626
BN-40Tr1CSPWEFR18;0.0;0.0;20.0;BNHS_0626
BN-40Tr1CSPWEFR19;0.0;0.0;20.0;BNHS_0626
BN-40Tr1CSPWEFR20;0.0;0.0;20.0;BNHS_0626
BN-120TailleS2TrEFR1;0.0;0.0;20.0;BNHS_0626
BN-120TailleS2TrEFR2;0.0;0.0;20.0;BNHS_0626
BN-120TailleS2TrEFR3;0.0;0.0;20.0;BNHS_0626
BN-120TailleS2TrEFR4;0.0;0.0;20.0;BNHS_0626
BN-120TailleS2TrEFR5;0.0;0.0;20.0;BNHS_0626
BN-120TailleS2TrEFR6;0.0;0.0;20.0;BNHS_0626
BN-120TailleS2TrEFR7;0.0;0.0;20.0;BNHS_0626
BN-120TailleS2TrEFR8;0.0;0.0;20.0;BNHS_0626
BN-120TailleS2TrEFR9;0.0;0.0;20.0;BNHS_0626
BN-120TailleS2TrEFR10;0.0;0.0;20.0;BNHS_0626
BN-120TailleS2TrEFR11;0.0;0.0;20.0;BNHS_0626
BN-120TailleS2TrEFR12;0.0;0.0;20.0;BNHS_0626
BN-120TailleS2TrEFR13;0.0;0.0;20.0;BNHS_0626
BN-120TailleS2TrEFR14;0.0;0.0;20.0;BNHS_0626
BN-120TailleS2TrEFR15;0.0;0.0;20.0;BNHS_0626
BN-120TailleS2TrEFR16;0.0;0.0;20.0;BNHS_0626
BN-120TailleS2TrEFR17;0.0;0.0;20.0;BNHS_0626
BN-120TailleS2TrEFR18;0.0;0.0;20.0;BNHS_0626
BN-120Taille1CP3W2R1;0.0;0.0;20.0;BNHS_0626
BN-120Taille1CP3W2R2;0.0;0.0;20.0;BNHS_0626
BN-120Taille1CP3W2R3;0.0;0.0;20.0;BNHS_0626
BN-120Taille1CP3W2R4;0.0;0.0;20.0;BNHS_0626
BN-120Taille1CP3W2R5;0.0;0.0;20.0;BNHS_0626
BN-120Taille1CP3W2R6;0.0;0.0;20.0;BNHS_0626
BN-120Taille1CP3W2R7;0.0;0.0;20.0;BNHS_0626
BN-120Taille1CP3W2R8;0.0;0.0;20.0;BNHS_0626
BN-120Taille1CP3W2R9;0.0;0.0;20.0;BNHS_0626
BN-120Taille1CP3W2R10;0.0;0.0;20.0;BNHS_0626
BN-48-1CSATBIS-TEFR9;0.0;0.0;20.0;BNHS_0626
BN-48-1CSATBIS-TEFR10;0.0;0.0;20.0;BNHS_0626
BN-48-1CSATBIS-TEFR11;0.0;0.0;20.0;BNHS_0626
BN-48-1CSATBIS-TEFR12;0.0;0.0;20.0;BNHS_0626
BN-48-1CSATBIS-TEFR13;0.0;0.0;20.0;BNHS_0626
BN-48-1CSATBIS-TEFR14;0.0;0.0;20.0;BNHS_0626
BN-48-1CSATBIS-TEFR15;0.0;0.0;20.0;BNHS_0626
BN-48-1CSATBIS-TEFR16;0.0;0.0;20.0;BNHS_0626
BN-48-1CSATBIS-TEFR17;0.0;0.0;20.0;BNHS_0626
BN-48-1CSATBIS-TEFR18;0.0;0.0;20.0;BNHS_0626
BN-48-1CSATBIS-TEFR19;0.0;0.0;20.0;BNHS_0626
BN-48-1CSATBIS-TEFR20;0.0;0.0;20.0;BNHS_0626
BN-48-1CSATBIS-TEFR21;0.0;0.0;20.0;BNHS_0626
BN-48-1CSATBIS-TEFR22;0.0;0.0;20.0;BNHS_0626
BN-48-1CSATBIS-TEFR23;0.0;0.0;20.0;BNHS_0626
BN-48-1CSATBIS-TEFR24;0.0;0.0;20.0;BNHS_0626
BN-48-1CSATBIS-TEFR25;0.0;0.0;20.0;BNHS_0626
BN-48-1CSATBIS-TEFR26;0.0;0.0;20.0;BNHS_0626
BN-48-1CSATBIS-TEFR27;0.0;0.0;20.0;BNHS_0626
BN-48-1CSATBIS-TEFR28;0.0;0.0;20.0;BNHS_0626
BN-48-1CSATBIS-TEFR29;0.0;0.0;20.0;BNHS_0626
BN-48-1CSATBIS-TEFR30;0.0;0.0;20.0;BNHS_0626
BN-48-1CSATBIS-TEFR31;0.0;0.0;20.0;BNHS_0626
BN-48-1CSATBIS-TEFR32;0.0;0.0;20.0;BNHS_0626
BN-48-1CSATBIS-TEFR33;0.0;0.0;20.0;BNHS_0626
BN-48-1CSATBIS-TEFR34;0.0;0.0;20.0;BNHS_0626
BN-48-1CSATBIS-TEFR35;0.0;0.0;20.0;BNHS_0626
BN-48-1CSATBIS-TEFR36;0.0;0.0;20.0;BNHS_0626
BN-48-1CSATBIS-TEFR37;0.0;0.0;20.0;BNHS_0626
BN-48-1CSATBIS-TEFR38;0.0;0.0;20.0;BNHS_0626
BN-48-1CSATBIS-TEFR39;0.0;0.0;20.0;BNHS_0626
BN-48-1CSATBIS-TEFR40;0.0;0.0;20.0;BNHS_0626
BN-48-1CSATBIS-TEFR41;0.0;0.0;20.0;BNHS_0626
BN-48-1CSATBIS-TEFR42;0.0;0.0;20.0;BNHS_0626
BN-48-1CSATBIS-TEFR43;0.0;0.0;20.0;BNHS_0626
BN-48-1CSATBIS-TEFR44;0.0;0.0;20.0;BNHS_0626
BN-48-1CSATBIS-TEFR45;0.0;0.0;20.0;BNHS_0626
BN-48-1CSATBIS-TEFR46;0.0;0.0;20.0;BNHS_0626
BN-48-1CSATBIS-TEFR47;0.0;0.0;20.0;BNHS_0626
BN-48-1CSATBIS-TEFR48;0.0;0.0;20.0;BNHS_0626
BN-48-1CSATBIS-TEFR49;0.0;0.0;20.0;BNHS_0626
BN-48-1CSATBIS-TEFR50;0.0;0.0;20.0;BNHS_0626
BN-48-1C-SAT2-SUI-TEFR1;0.0;0.0;20.0;BNHS_0626
BN-48-1C-SAT2-SUI-TEFR2;0.0;0.0;20.0;BNHS_0626
BN-48-1C-SAT2-SUI-TEFR3;0.0;0.0;20.0;BNHS_0626
BN-48-1C-SAT2-SUI-TEFR4;0.0;0.0;20.0;BNHS_0626
BN-48-1C-SAT2-SUI-TEFR5;0.0;0.0;20.0;BNHS_0626
BN-48-1C-SAT2-SUI-TEFR6;0.0;0.0;20.0;BNHS_0626
BN-48-1C-SAT2-SUI-TEFR7;0.0;0.0;20.0;BNHS_0626
BN-48-1C-SAT2-SUI-TEFR8;0.0;0.0;20.0;BNHS_0626
BN-48-1C-SAT2-SUI-TEFR9;0.0;0.0;20.0;BNHS_0626
BN-48-1C-SAT2-SUI-TEFR10;0.0;0.0;20.0;BNHS_0626
BN-48-1C-SAT2-SUI-TEFR11;0.0;0.0;20.0;BNHS_0626
BN-48-1C-SAT2-SUI-TEFR12;0.0;0.0;20.0;BNHS_0626
BN-48-1C-SAT2-SUI-TEFR13;0.0;0.0;20.0;BNHS_0626
BN-48-1C-SAT2-SUI-TEFR14;0.0;0.0;20.0;BNHS_0626
BN-48-1C-SAT2-SUI-TEFR15;0.0;0.0;20.0;BNHS_0626
BN-48-1C-SAT2-SUI-TEFR16;0.0;0.0;20.0;BNHS_0626
BN-48-1C-SAT2-SUI-TEFR17;0.0;0.0;20.0;BNHS_0626
BN-48-1C-SAT2-SUI-TEFR18;0.0;0.0;20.0;BNHS_0626
BN-48-1C-SAT2-SUI-TEFR19;0.0;0.0;20.0;BNHS_0626
BN-48-1C-SAT2-SUI-TEFR22;0.0;0.0;20.0;BNHS_0626
BN-48-1C-SAT2-SUI-TEFR23;0.0;0.0;20.0;BNHS_0626
BN-48-1C-SAT2-SUI-TEFRE1;0.0;0.0;20.0;BNHS_0626
BN-48-1C-SAT2-SUI-TEFR24;0.0;0.0;20.0;BNHS_0626
BN-48-1C-SAT2-SUI-TEFR25;0.0;0.0;20.0;BNHS_0626
BN-48-1C-SAT2-SUI-TEFR26;0.0;0.0;20.0;BNHS_0626
BN-48-1C-SAT2-SUI-TEFR27;0.0;0.0;20.0;BNHS_0626
BN-48-1C-SAT2-SUI-TEFR28;0.0;0.0;20.0;BNHS_0626
BN-48-1C-SAT2-SUI-TEFR29;0.0;0.0;20.0;BNHS_0626
BN-48-1C-SAT2-SUI-TEFR30;0.0;0.0;20.0;BNHS_0626
BN-48-1C-SAT2-SUI-TEFR31;0.0;0.0;20.0;BNHS_0626
BN-48-1C-SAT2-SUI-TEFR32;0.0;0.0;20.0;BNHS_0626
BN-48-1C-SAT2-SUI-TEFR33;0.0;0.0;20.0;BNHS_0626
BN-48-1C-SAT2-SUI-TEFR34;0.0;0.0;20.0;BNHS_0626
BN-48-1C-SAT2-SUI-TEFR35;0.0;0.0;20.0;BNHS_0626
BN-48-1C-SAT2-SUI-TEFR36;0.0;0.0;20.0;BNHS_0626
BN-48-1C-SAT2-SUI-TEFR37;0.0;0.0;20.0;BNHS_0626
BN-48-1C-SAT2-SUI-TEFR38;0.0;0.0;20.0;BNHS_0626
BN-48-1C-SAT2-SUI-TEFR39;0.0;0.0;20.0;BNHS_0626
BN-48-1C-SAT2-SUI-TEFR40;0.0;0.0;20.0;BNHS_0626
BN-48-1C-SAT2-SUI-TEFR41;0.0;0.0;20.0;BNHS_0626
BN-48-1C-SAT2-SUI-TEFR42;0.0;0.0;20.0;BNHS_0626
BN-48-1C-SAT2-SUI-TEFR43;0.0;0.0;20.0;BNHS_0626
BN-48-1C-SAT2-SUI-TEFR44;0.0;0.0;20.0;BNHS_0626
BN-48-1C-SAT2-SUI-TEFR45;0.0;0.0;20.0;BNHS_0626
BN-48-1C-SAT2-SUI-TEFR46;0.0;0.0;20.0;BNHS_0626
BN-48-1C-SAT2-SUI-TEFR47;0.0;0.0;20.0;BNHS_0626
BN-48-1C-SAT2-SUI-TEFR48;0.0;0.0;20.0;BNHS_0626
BN-48-1C-SAT2-SUI-TEFR49;0.0;0.0;20.0;BNHS_0626
BN-48-1C-SAT2-SUI-TEFR50;0.0;0.0;20.0;BNHS_0626
BN-48-1C-SAT2-SUI-TEFR51;0.0;0.0;20.0;BNHS_0626
BN-48-1C-SAT2-SUI-TEFR52;0.0;0.0;20.0;BNHS_0626
BN-48-1C-SAT2-SUI-TEFR53;0.0;0.0;20.0;BNHS_0626
BN-48-1C-SAT2-SUI-TEFR54;0.0;0.0;20.0;BNHS_0626
BN-48-1C-SAT2-SUI-TEFR55;0.0;0.0;20.0;BNHS_0626
BN-48-1C-SAT2-SUI-TEFR56;0.0;0.0;20.0;BNHS_0626
BN-48-1C-SAT2-SUI-TEFR57;0.0;0.0;20.0;BNHS_0626
BN-48-1C-SAT2-SUI-TEFR58;0.0;0.0;20.0;BNHS_0626
BN-48-1C-SAT2-SUI-TEFR59;0.0;0.0;20.0;BNHS_0626
BN-48-1C-SAT2-SUI-TEFR60;0.0;0.0;20.0;BNHS_0626
BN-48-1C-SAT2-SUI-TEFR61;0.0;0.0;20.0;BNHS_0626
BN-48-1C-SAT2-SUI-TEFR62;0.0;0.0;20.0;BNHS_0626
BN-48-1C-SAT2-SUI-TEFR63;0.0;0.0;20.0;BNHS_0626
BN-48-1C-SAT2-SUI-TEFR64;0.0;0.0;20.0;BNHS_0626
BN-48-1C-SAT2-SUI-TEFR65;0.0;0.0;20.0;BNHS_0626
BN-60-1C-SAT1-TEFR1;0.0;0.0;20.0;BNHS_0626
BN-60-1C-SAT1-TEFR2;0.0;0.0;20.0;BNHS_0626
BN-60-1C-SAT1-TEFR3;0.0;0.0;20.0;BNHS_0626
BN-60-1C-SAT1-TEFR4;0.0;0.0;20.0;BNHS_0626
BN-60-1C-SAT1-TEFR5;0.0;0.0;20.0;BNHS_0626
BN-60-1C-SAT1-TEFR6;0.0;0.0;20.0;BNHS_0626
BN-60-1C-SAT1-TEFR7;0.0;0.0;20.0;BNHS_0626
BN-60-1C-SAT1-TEFR8;0.0;0.0;20.0;BNHS_0626
BN-60-1C-SAT1-TEFR9;0.0;0.0;20.0;BNHS_0626
BN-60-1C-SAT1-TEFR10;0.0;0.0;20.0;BNHS_0626
BN-60-1C-SAT1-TEFR11;0.0;0.0;20.0;BNHS_0626
BN-60-1C-SAT1-TEFR12;0.0;0.0;20.0;BNHS_0626
BN-60-1C-SAT1-TEFR13;0.0;0.0;20.0;BNHS_0626
BN-60-1C-SAT1-TEFR14;0.0;0.0;20.0;BNHS_0626
BN-60-1C-SAT1-TEFR15;0.0;0.0;20.0;BNHS_0626
BN-60-1C-SAT1-TEFR16;0.0;0.0;20.0;BNHS_0626
BN-60-1C-SAT1-TEFR17;0.0;0.0;20.0;BNHS_0626
BN-60-1C-SAT1-TEFR18;0.0;0.0;20.0;BNHS_0626
BN-60-1C-SAT1-TEFR19;0.0;0.0;20.0;BNHS_0626
BN-60-1C-SAT1-TEFR20;0.0;0.0;20.0;BNHS_0626
BN-60-1C-SAT1-TEFR21;0.0;0.0;20.0;BNHS_0626
BN-60-1C-SAT1-TEFR22;0.0;0.0;20.0;BNHS_0626
BN-60-1C-SAT1-TEFR23;0.0;0.0;20.0;BNHS_0626
BN-60-1C-SAT1-TEFR24;0.0;0.0;20.0;BNHS_0626
BN-60-1C-SAT1-TEFR25;0.0;0.0;20.0;BNHS_0626
BN-60-1C-SAT1-TWFR1;0.0;0.0;20.0;BNHS_0626
BN-60-1C-SAT1-TWFR2;0.0;0.0;20.0;BNHS_0626
BN-60-1C-SAT1-TWFR3;0.0;0.0;20.0;BNHS_0626
BN-60-1C-SAT1-TWFR4;0.0;0.0;20.0;BNHS_0626
BN-60-1C-SAT1-TWFR5;0.0;0.0;20.0;BNHS_0626
BN-60-1C-SAT1-TWFR6;0.0;0.0;20.0;BNHS_0626
BN-60-1C-SAT1-TWFR7;0.0;0.0;20.0;BNHS_0626
BN-60-1C-SAT1-TWFR8;0.0;0.0;20.0;BNHS_0626
BN-60-1C-SAT1-TWFR9;0.0;0.0;20.0;BNHS_0626
BN-60-1C-SAT1-TWFR10;0.0;0.0;20.0;BNHS_0626
BN-60-1C-SAT1-TWFR11;0.0;0.0;20.0;BNHS_0626
BN-60-1C-SAT1-TWFR12;0.0;0.0;20.0;BNHS_0626
BN-60-1C-SAT1-TWFR13;0.0;0.0;20.0;BNHS_0626
BN-60-1C-SAT1-TWBISFR1;0.0;0.0;20.0;BNHS_0626
BN-60-1C-SAT1-TWBISFR2;0.0;0.0;20.0;BNHS_0626
BN-60-1C-SAT1-TWBISFR3;0.0;0.0;20.0;BNHS_0626
BN-60-1C-SAT1-TWBISFR4;0.0;0.0;20.0;BNHS_0626
BN-60-1C-SAT1-TWBISFR5;0.0;0.0;20.0;BNHS_0626
BN-60-1C-SAT1-TWBISFR6;0.0;0.0;20.0;BNHS_0626
BN-60-1C-SAT1-TWBISFR7;0.0;0.0;20.0;BNHS_0626
BN-60-1C-SAT1-TWBISFRE1;0.0;0.0;20.0;BNHS_0626
BN-60-1C-SAT1-TWBISFR8;0.0;0.0;20.0;BNHS_0626
BN-60-1C-QZ-TWFR1;0.0;0.0;20.0;BNHS_0626
BN-60-1C-QZ-TWFR2;0.0;0.0;20.0;BNHS_0626
BN-60-1C-QZ-TWFR3;0.0;0.0;20.0;BNHS_0626
BN-60-1C-QZ-TWFR4;0.0;0.0;20.0;BNHS_0626
BN-60-1C-QZ-TWFR5;0.0;0.0;20.0;BNHS_0626
BN-60-1C-QZ-TWFR6;0.0;0.0;20.0;BNHS_0626
BN-55-PPL-TREFR1;0.0;0.0;20.0;BNHS_0626
BN-55-PPL-TREFR2;0.0;0.0;20.0;BNHS_0626
BN-55-PPL-TREFR3;0.0;0.0;20.0;BNHS_0626
BN-55-PPL-TREFR4;0.0;0.0;20.0;BNHS_0626
BN-55-PPL-TREFR5;0.0;0.0;20.0;BNHS_0626
BN-55-PPL-TREFR6;0.0;0.0;20.0;BNHS_0626
BN-55-PPL-TREFR7;0.0;0.0;20.0;BNHS_0626
BN-55-PPL-TREFR8;0.0;0.0;20.0;BNHS_0626
BN-55-PPL-TREFR9;0.0;0.0;20.0;BNHS_0626
BN-55-PPL-TREFR10;0.0;0.0;20.0;BNHS_0626
BN-55-PPL-TREFR11;0.0;0.0;20.0;BNHS_0626
BN-55-PPL-TREFR12;0.0;0.0;20.0;BNHS_0626
BN-55-PPL-TREFR13;0.0;0.0;20.0;BNHS_0626
BN-55-PPL-TREFR15;0.0;0.0;20.0;BNHS_0626
BN-55-PPL-TREFR16;0.0;0.0;20.0;BNHS_0626
BN-55-PPL-TREFR17;0.0;0.0;20.0;BNHS_0626
BN-55-PPL-TREFR18;0.0;0.0;20.0;BNHS_0626
BN-55-PPL-TREFR19;0.0;0.0;20.0;BNHS_0626
BN-55-PPL-TREFR20;0.0;0.0;20.0;BNHS_0626
BN-55-PPL-TREFR21;0.0;0.0;20.0;BNHS_0626
BN-55-PPL-TREFR22;0.0;0.0;20.0;BNHS_0626
BN-55-PPL-TREFR23;0.0;0.0;20.0;BNHS_0626
BN-55-PPL-TREFR24;0.0;0.0;20.0;BNHS_0626
BN-55-PPL-TREFR25;0.0;0.0;20.0;BNHS_0626
BN-55-PPL-TREFR26;0.0;0.0;20.0;BNHS_0626
BN-55-PPL-TREFR27;0.0;0.0;20.0;BNHS_0626
BN-55-PPL-TREFR28;0.0;0.0;20.0;BNHS_0626
BN-55-PPL-TREFR29;0.0;0.0;20.0;BNHS_0626
BN-55-PPL-TREFR30;0.0;0.0;20.0;BNHS_0626
BN-55-PPL-TREFR31;0.0;0.0;20.0;BNHS_0626
BN-55-PPL-TREFR32;0.0;0.0;20.0;BNHS_0626
BN-55-PPL-TREFR33;0.0;0.0;20.0;BNHS_0626
BN-60PPL-EST-TREFR1;0.0;0.0;20.0;BNHS_0626
BN-60PPL-EST-TREFR2;0.0;0.0;20.0;BNHS_0626
BN-60PPL-EST-TREFR3;0.0;0.0;20.0;BNHS_0626
BN-60PPL-EST-TREFR4;0.0;0.0;20.0;BNHS_0626
BN-60PPL-EST-TREFR5;0.0;0.0;20.0;BNHS_0626
BN-60PPL-EST-TREFR6;0.0;0.0;20.0;BNHS_0626
BN-60PPL-EST-TREFR7;0.0;0.0;20.0;BNHS_0626
BN-60PPL-EST-TREFR8;0.0;0.0;20.0;BNHS_0626
BN-60PPL-EST-TREFR9;0.0;0.0;20.0;BNHS_0626
BN-60PPL-EST-TREFR10;0.0;0.0;20.0;BNHS_0626
BN-60PPL-EST-TREFR11;0.0;0.0;20.0;BNHS_0626
BN-60PPL-EST-TREFR12;0.0;0.0;20.0;BNHS_0626
BN-60PPL-EST-TREFR13;0.0;0.0;20.0;BNHS_0626
BN-60PPL-EST-TREFR14;0.0;0.0;20.0;BNHS_0626
BN-60PPL-EST-TREFR15;0.0;0.0;20.0;BNHS_0626
BN-60PPL-EST-TREFR16;0.0;0.0;20.0;BNHS_0626
BN-60PPL-EST-TREFR17;0.0;0.0;20.0;BNHS_0626
BN-60PPL-EST-TREFR18;0.0;0.0;20.0;BNHS_0626
BN-60PPL-EST-TREFR19;0.0;0.0;20.0;BNHS_0626
BN-60PPL-EST-TREFR20;0.0;0.0;20.0;BNHS_0626
BN-60PPL-EST-TREFR21;0.0;0.0;20.0;BNHS_0626
BN-60PPL-EST-TREFR22;0.0;0.0;20.0;BNHS_0626
BN-60PPL-EST-TREFR23;0.0;0.0;20.0;BNHS_0626
BN-60PPL-EST-TREFR24;0.0;0.0;20.0;BNHS_0626
BN-60PPL-EST-TREFR25;0.0;0.0;20.0;BNHS_0626
BN-60PPL-EST-TREFR26;0.0;0.0;20.0;BNHS_0626
BN-60PPL-EST-TREFR27;0.0;0.0;20.0;BNHS_0626
BN-60PPL-EST-TREFR28;0.0;0.0;20.0;BNHS_0626
BN-60PPL-EST-TREFR29;0.0;0.0;20.0;BNHS_0626
BN-60PPL-EST-TREFR30;0.0;0.0;20.0;BNHS_0626
BN-60PPL-EXST-TREFR1;0.0;0.0;20.0;BNHS_0626
BN-60PPL-EXST-TREFR2;0.0;0.0;20.0;BNHS_0626
BN-60PPL-EXST-TREFR3;0.0;0.0;20.0;BNHS_0626
BN-60PPL-EXST-TREFR4;0.0;0.0;20.0;BNHS_0626
BN-60PPL-EXST-TREFR5;0.0;0.0;20.0;BNHS_0626
BN-60PPL-EXST-TREFR6;0.0;0.0;20.0;BNHS_0626
BN-60PPL-EXST-TREFR7;0.0;0.0;20.0;BNHS_0626
BN-60PPL-EXST-TREFR8;0.0;0.0;20.0;BNHS_0626
BN-60PPL-EXST-TREFR9;0.0;0.0;20.0;BNHS_0626
BN-60PPL-EXST-TREFR10;0.0;0.0;20.0;BNHS_0626
BN-60PPL-EXST-TREFR11;0.0;0.0;20.0;BNHS_0626
BN-60PPL-EXST-TREFR12;0.0;0.0;20.0;BNHS_0626
BN-60PPL-EXST-TREFR13;0.0;0.0;20.0;BNHS_0626
BN-60PPL-EXST-TREFR14;0.0;0.0;20.0;BNHS_0626
BN-60PPL-EXST-TREFR142;0.0;0.0;20.0;BNHS_0626
BN-60PPL-EXST-TREFR15;0.0;0.0;20.0;BNHS_0626
BN-60PPL-EXST-TREFR16;0.0;0.0;20.0;BNHS_0626
BN-60PPL-EXST-TREFR17;0.0;0.0;20.0;BNHS_0626
BN-60PPL-EXST-TREFR18;0.0;0.0;20.0;BNHS_0626
BN-60PPL-EXST-TREFR19;0.0;0.0;20.0;BNHS_0626
BN-60PPL-EXST-TREFR20;0.0;0.0;20.0;BNHS_0626
BN-60PPL-EXST-TREFR21;0.0;0.0;20.0;BNHS_0626
BN-68PPL-TREFR1;0.0;0.0;20.0;BNHS_0626
BN-68PPL-TREFR2;0.0;0.0;20.0;BNHS_0626
BN-68PPL-TREFR3;0.0;0.0;20.0;BNHS_0626
BN-68PPL-TREFR4;0.0;0.0;20.0;BNHS_0626
BN-68PPL-TREFR6;0.0;0.0;20.0;BNHS_0626
BN-68PPL-TREFR7;0.0;0.0;20.0;BNHS_0626
BN-68PPL-TREFR8;0.0;0.0;20.0;BNHS_0626
BN-68PPL-TREFR9;0.0;0.0;20.0;BNHS_0626
BN-68PPL-TREFR10;0.0;0.0;20.0;BNHS_0626
BN-68PPL-TREFR11;0.0;0.0;20.0;BNHS_0626
BN-68PPL-TREFR12;0.0;0.0;20.0;BNHS_0626
BN-68PPL-TREFR13;0.0;0.0;20.0;BNHS_0626
BN-68PPL-TREFR14;0.0;0.0;20.0;BNHS_0626
BN-68PPL-TREFR15;0.0;0.0;20.0;BNHS_0626
BN-68PPL-TREFR16;0.0;0.0;20.0;BNHS_0626
BN-68PPL-TREFR17;0.0;0.0;20.0;BNHS_0626
BN-68PPL-TREFR18;0.0;0.0;20.0;BNHS_0626
BN-68PPL-TREFR19;0.0;0.0;20.0;BNHS_0626
BN-68PPL-TREFR20;0.0;0.0;20.0;BNHS_0626
BN-68PPL-TREFR21;0.0;0.0;20.0;BNHS_0626
BN-68PPL-TREFR22;0.0;0.0;20.0;BNHS_0626
BN-68PPL-TREFR23;0.0;0.0;20.0;BNHS_0626
BN-68PPL-TREFR24;0.0;0.0;20.0;BNHS_0626
BN-68PPL-TREFR25;0.0;0.0;20.0;BNHS_0626
BN-68PPL-TREFR26;0.0;0.0;20.0;BNHS_0626
BN-68PPL-TREFR27;0.0;0.0;20.0;BNHS_0626
BN-68PPL-TRWFR1;0.0;0.0;20.0;BNHS_0626
BN-68PPL-TRWFR3;0.0;0.0;20.0;BNHS_0626
BN-68PPL-TRWFR4;0.0;0.0;20.0;BNHS_0626
BN-68PPL-TRWFR7;0.0;0.0;20.0;BNHS_0626
BN-68PPL-TRWFR8;0.0;0.0;20.0;BNHS_0626
BN-68PPL-TRWFR9;0.0;0.0;20.0;BNHS_0626
BN-68PPL-TRWFR10;0.0;0.0;20.0;BNHS_0626
BN-68PPL-TRWFR11;0.0;0.0;20.0;BNHS_0626
BN-68PPL-TRWFR12;0.0;0.0;20.0;BNHS_0626
BN-68PPL-TRWFR13;0.0;0.0;20.0;BNHS_0626
BN-68PPL-TRWFR14;0.0;0.0;20.0;BNHS_0626
BN-68PPL-TRWFR15;0.0;0.0;20.0;BNHS_0626
BN-68PPL-TRWFR16;0.0;0.0;20.0;BNHS_0626
BN-68PPL-TRWFR17;0.0;0.0;20.0;BNHS_0626
BN-68PPL-TRWFR18;0.0;0.0;20.0;BNHS_0626
BN-68PPL-TRWFR19;0.0;0.0;20.0;BNHS_0626
BN-68PPL-TRWFR20;0.0;0.0;20.0;BNHS_0626
BN-68PPL-TRWFR21;0.0;0.0;20.0;BNHS_0626
BN-68PPL-TRWFR22;0.0;0.0;20.0;BNHS_0626
BN-146PL-TRE-FR1;0.0;0.0;20.0;BNHS_0626
BN-146PL-TRE-FR2;0.0;0.0;20.0;BNHS_0626
BN-146PL-TRE-FR3;0.0;0.0;20.0;BNHS_0626
BN-146PL-TRE-FR4;0.0;0.0;20.0;BNHS_0626
BN-146PL-TRE-FR5;0.0;0.0;20.0;BNHS_0626
BN-146PL-TRE-FR6;0.0;0.0;20.0;BNHS_0626
BN-146PL-TRE-FR7;0.0;0.0;20.0;BNHS_0626
BN-146PL-TRE-FR8;0.0;0.0;20.0;BNHS_0626
BN-146PL-TRE-FR9;0.0;0.0;20.0;BNHS_0626
BN-146PL-TRE-FR10;0.0;0.0;20.0;BNHS_0626
BN-146PL-TRE-FR11;0.0;0.0;20.0;BNHS_0626
BN-146SAT-TRE-FR12;0.0;0.0;20.0;BNHS_0626
BN-100TrSt3ER41;0.0;0.0;20.0;BNHS_0626
BN-146SAT-TRE-FR13;0.0;0.0;20.0;BNHS_0626
BN-146SAT-TRE-FR14;0.0;0.0;20.0;BNHS_0626
BN-146SAT-TRE-FR15;0.0;0.0;20.0;BNHS_0626
BN-146SAT-TRE-FR16;0.0;0.0;20.0;BNHS_0626
BN-146SAT-TRE-FR17;0.0;0.0;20.0;BNHS_0626
BN-146SAT-TRE-FR18;0.0;0.0;20.0;BNHS_0626
BN-146SAT-TRE-FR19;0.0;0.0;20.0;BNHS_0626
BN-146SAT-TRE-FR20;0.0;0.0;20.0;BNHS_0626
BN-146SAT-TRE-FR21;0.0;0.0;20.0;BNHS_0626
BN-146SAT-TRE-FR22;0.0;0.0;20.0;BNHS_0626
BN-146SAT-TRE-FR23;0.0;0.0;20.0;BNHS_0626
BN-146PLB-TRE-FR2;0.0;0.0;20.0;BNHS_0626
BN-146PLB-TRE-FR3;0.0;0.0;20.0;BNHS_0626
BN-146PLB-TRE-FR4;0.0;0.0;20.0;BNHS_0626
BN-146PLB-TRE-FR6;0.0;0.0;20.0;BNHS_0626
BN-146PLB-TRE-FR7;0.0;0.0;20.0;BNHS_0626
BN-146PLB-TRE-FR8;0.0;0.0;20.0;BNHS_0626
BN-146PLB-TRE-FR9;0.0;0.0;20.0;BNHS_0626
BN-146PLB-TRE-FR10;0.0;0.0;20.0;BNHS_0626
BN-146PLB-TRE-FR11;0.0;0.0;20.0;BNHS_0626
BN-146PLB-TRE-FR12;0.0;0.0;20.0;BNHS_0626
BN-146PLB-TRE-FR13;0.0;0.0;20.0;BNHS_0626
BN-146PLB-TRW-FR1;0.0;0.0;20.0;BNHS_0626
BN-146PLB-TRW-FR2;0.0;0.0;20.0;BNHS_0626
BN-146PLB-TRW-FR3;0.0;0.0;20.0;BNHS_0626
BN-146PLB-TRW-FR4;0.0;0.0;20.0;BNHS_0626
BN-146PLB-TRW-FR5;0.0;0.0;20.0;BNHS_0626
BN-146PLB-TRW-FR6;0.0;0.0;20.0;BNHS_0626
BN-146PLB-TRW-FR7;0.0;0.0;20.0;BNHS_0626
BN-60-1C-SAT2-TWFR12;0.0;0.0;20.0;BNHS_0626
BN-60-1C-SAT2-TWFR13;0.0;0.0;20.0;BNHS_0626
BN-60-1C-SAT2-TWFR14;0.0;0.0;20.0;BNHS_0626
BN-60-1C-SAT2-TWFR15;0.0;0.0;20.0;BNHS_0626
BN-60-1C-SAT2-TWFR16;0.0;0.0;20.0;BNHS_0626
BN-80TrWF51;0.0;0.0;19.0;BNHS_0626
BN-100TailleSt3E4R13;0.0;0.0;18.0;BNHS_0626
BN-100TailleSt3E4R14;0.0;0.0;18.0;BNHS_0626
BN-100TailleSt3E4R15;0.0;0.0;18.0;BNHS_0626
BN-100Tr1CEFR18;0.0;0.0;18.0;BNHS_0626
BN-100Tr1CEFR19;0.0;0.0;18.0;BNHS_0626
BN-100Tr1CEFR20;0.0;0.0;18.0;BNHS_0626
BN-100Tr1CEFR21;0.0;0.0;18.0;BNHS_0626
BN-80Taille1C3G70;0.0;0.0;18.0;BNHS_0626
BN-80Taille1C3G73;0.0;0.0;18.0;BNHS_0626
BN-80Taille1C3G74;0.0;0.0;18.0;BNHS_0626
BN-80Taille1C3G80;0.0;0.0;18.0;BNHS_0626
BN-80Taille1CG83;0.0;0.0;18.0;BNHS_0626
BN-80TrWF30;0.0;0.0;18.0;BNHS_0626
BN-80TrWF31;0.0;0.0;18.0;BNHS_0626
BN-80TrWF32;0.0;0.0;18.0;BNHS_0626
BN-80TrWF50;0.0;0.0;18.0;BNHS_0626
BN-80TrWF52;0.0;0.0;18.0;BNHS_0626
BN-80TrWF49;0.0;0.0;17.0;BNHS_0626
BN-100TailleSt3E4R16;0.0;0.0;16.0;BNHS_0626
BN-100TailleSt3E4R17;0.0;0.0;16.0;BNHS_0626
BN-120TailleS1T7R10;0.0;0.0;16.0;BNHS_0626
BN-120TailleS1T7R11;0.0;0.0;16.0;BNHS_0626
BN-80TrWF33;0.0;0.0;16.0;BNHS_0626
BN-80TrWF34;0.0;0.0;16.0;BNHS_0626
BN-100TailleSt3E3R12;0.0;0.0;15.0;BNHS_0626
BN-100TailleSt3E3R9;0.0;0.0;15.0;BNHS_0626
BN-100TailleSt3E4R27;0.0;0.0;15.0;BNHS_0626
BN-100TailleSt3E4R28;0.0;0.0;15.0;BNHS_0626
BN-100TailleSt3E5R11;0.0;0.0;15.0;BNHS_0626
BN-100TailleSt3E5R12;0.0;0.0;15.0;BNHS_0626
BN-100TailleSt3E6R10;0.0;0.0;15.0;BNHS_0626
BN-100TailleSt3E6R11;0.0;0.0;15.0;BNHS_0626
BN-100TailleSt3E6R12;0.0;0.0;15.0;BNHS_0626
BN-100TailleSt3E6R13;0.0;0.0;15.0;BNHS_0626
BN-100TailleSt3E6R14;0.0;0.0;15.0;BNHS_0626
BN-100TailleSt3E6R17;0.0;0.0;15.0;BNHS_0626
BN-100TailleSt3E6R18;0.0;0.0;15.0;BNHS_0626
BN-100TailleSt3E6R19;0.0;0.0;15.0;BNHS_0626
BN-100TailleSt3E6R20;0.0;0.0;15.0;BNHS_0626
BN-100TailleSt3E6R21;0.0;0.0;15.0;BNHS_0626
BN-100TailleSt3E6R22;0.0;0.0;15.0;BNHS_0626
BN-100TailleSt3E6R25;0.0;0.0;15.0;BNHS_0626
BN-100TailleSt3E6R26;0.0;0.0;15.0;BNHS_0626
BN-100TailleSt3E6R27;0.0;0.0;15.0;BNHS_0626
BN-100TailleSt3E6R28;0.0;0.0;15.0;BNHS_0626
BN-100TailleSt3E6R9;0.0;0.0;15.0;BNHS_0626
BN-100TailleSt3ER24;0.0;0.0;15.0;BNHS_0626
BN-100TailleSt3ER25;0.0;0.0;15.0;BNHS_0626
BN-100TailleSt3ER26;0.0;0.0;15.0;BNHS_0626
BN-100TailleSt3ER27;0.0;0.0;15.0;BNHS_0626
BN-100TailleSt3ER28;0.0;0.0;15.0;BNHS_0626
BN-100TailleSt3ER29;0.0;0.0;15.0;BNHS_0626
BN-100TailleSt3ER30;0.0;0.0;15.0;BNHS_0626
BN-120TailleS2E4R20;0.0;0.0;15.0;BNHS_0626
BN-120TailleS2E4R21;0.0;0.0;15.0;BNHS_0626
BN-120TailleS2E4R22;0.0;0.0;15.0;BNHS_0626
BN-120TailleS2E4R23;0.0;0.0;15.0;BNHS_0626
BN-120TailleS2E4R24;0.0;0.0;15.0;BNHS_0626
BN-120TailleS2E4R25;0.0;0.0;15.0;BNHS_0626
BN-120TailleS2E4R26;0.0;0.0;15.0;BNHS_0626
BN-120TailleS2E4R27;0.0;0.0;15.0;BNHS_0626
BN-120TailleS2E4R28;0.0;0.0;15.0;BNHS_0626
BN-120TailleS2E4R29;0.0;0.0;15.0;BNHS_0626
BN-120TailleS2E4R30;0.0;0.0;15.0;BNHS_0626
BN-120TailleS2E4R31;0.0;0.0;15.0;BNHS_0626
BN-120TailleS2E4R32;0.0;0.0;15.0;BNHS_0626
BN-120TailleS2E4R33;0.0;0.0;15.0;BNHS_0626
BN-120TailleS2E4R34;0.0;0.0;15.0;BNHS_0626
BN-120TailleS2E4R35;0.0;0.0;15.0;BNHS_0626
BN-120TailleS2E4R36;0.0;0.0;15.0;BNHS_0626
BN-120TailleS2E4R37;0.0;0.0;15.0;BNHS_0626
BN-120TailleS2E4R38;0.0;0.0;15.0;BNHS_0626
BN-100Tr1CWFR18;0.0;0.0;12.0;BNHS_0626
BN-120TailleS2E5R20;0.0;0.0;15.0;BNHS_0626
BN-120TailleS2E5R21;0.0;0.0;15.0;BNHS_0626
BN-120TailleS2E5R22;0.0;0.0;15.0;BNHS_0626
BN-120TailleS2E5R23;0.0;0.0;15.0;BNHS_0626
BN-120TailleS2T6R40;0.0;0.0;15.0;BNHS_0626
BN-120TailleS2T6R41;0.0;0.0;15.0;BNHS_0626
BN-120TailleS2T6R42;0.0;0.0;15.0;BNHS_0626
BN-120TailleS2T6R43;0.0;0.0;15.0;BNHS_0626
BN-120TailleS2T6R44;0.0;0.0;15.0;BNHS_0626
BN-80Taille1W16R13;0.0;0.0;15.0;BNHS_0626
BN-80Taille1W18FR35;0.0;0.0;15.0;BNHS_0626
BN-80Taille1W18FR36;0.0;0.0;15.0;BNHS_0626
BN-80Taille1W18FR37;0.0;0.0;15.0;BNHS_0626
BN-80Taille1W18FR38;0.0;0.0;15.0;BNHS_0626
BN-80Taille1W18FR39;0.0;0.0;15.0;BNHS_0626
BN-80Taille1W18FR40;0.0;0.0;15.0;BNHS_0626
BN-80Taille1W18FR41;0.0;0.0;15.0;BNHS_0626
BN-80Taille1W18FR43;0.0;0.0;15.0;BNHS_0626
BN-80Taille1W18FR44;0.0;0.0;15.0;BNHS_0626
BN-80Taille1W18FR45;0.0;0.0;15.0;BNHS_0626
BN-80Taille1W18FR46;0.0;0.0;15.0;BNHS_0626
BN-80Taille1W18FR47;0.0;0.0;15.0;BNHS_0626
BN-80Taille1W18FR48;0.0;0.0;15.0;BNHS_0626
BN-80Taille1W18FR49;0.0;0.0;15.0;BNHS_0626
BN-80TrEF81;0.0;0.0;15.0;BNHS_0626
BN-80TrWF35;0.0;0.0;15.0;BNHS_0626
BN-80TrWF36;0.0;0.0;15.0;BNHS_0626
BN-80TrWF37;0.0;0.0;15.0;BNHS_0626
BNO_SATE_FR01_160;0.0;0.0;15.0;BNHS_0626
BNO_SATE_FR02_160;0.0;0.0;15.0;BNHS_0626
BNO_SATE_FR03_160;0.0;0.0;15.0;BNHS_0626
BNO_SATE_FR04_160;0.0;0.0;15.0;BNHS_0626
BNO_SATE_FR05_160;0.0;0.0;15.0;BNHS_0626
BNO_SATE_FR06_160;0.0;0.0;15.0;BNHS_0626
BNO_SATE_FR07_160;0.0;0.0;15.0;BNHS_0626
BNO_SATE_FR08_160;0.0;0.0;15.0;BNHS_0626
BNO_SATE_FR09_160;0.0;0.0;15.0;BNHS_0626
BNO_SATE_FR10_160;0.0;0.0;15.0;BNHS_0626
BNO_SATE_FR11_160;0.0;0.0;15.0;BNHS_0626
BNO_SATE_FR12_160;0.0;0.0;15.0;BNHS_0626
BNO_SATE_FR13_160;0.0;0.0;15.0;BNHS_0626
BNO_SATE_FR14_160;0.0;0.0;15.0;BNHS_0626
BNO_SATE_FR15_160;0.0;0.0;15.0;BNHS_0626
BNO_SATE_FR16_160;0.0;0.0;15.0;BNHS_0626
BNO_SATE_FR17_160;0.0;0.0;15.0;BNHS_0626
BNO_SATE_FR18_160;0.0;0.0;15.0;BNHS_0626
BNO_SATE_FR19_160;0.0;0.0;15.0;BNHS_0626
BNO_SATE_FR20_160;0.0;0.0;15.0;BNHS_0626
BNO_SATE_FR21_160;0.0;0.0;15.0;BNHS_0626
BNO_SATE_FR22_160;0.0;0.0;15.0;BNHS_0626
BNO_SATE_FR23_160;0.0;0.0;15.0;BNHS_0626
BNO_SATE_FR24_160;0.0;0.0;15.0;BNHS_0626
BNO_SATE_FR25_160;0.0;0.0;15.0;BNHS_0626
BNO_SATE_FR26_160;0.0;0.0;15.0;BNHS_0626
BNO_SATE_FR28_160;0.0;0.0;15.0;BNHS_0626
BNO_SATE_FR29_160;0.0;0.0;15.0;BNHS_0626
BNO_SATE_FR31_160;0.0;0.0;15.0;BNHS_0626
BNO_SATE_FR33_160;0.0;0.0;15.0;BNHS_0626
BNO_SATE_FR34_160;0.0;0.0;15.0;BNHS_0626
BNO_SATE_FR35_160;0.0;0.0;15.0;BNHS_0626
BNO_SATE_FR36_160;0.0;0.0;15.0;BNHS_0626
BNO_SATE_FR37_160;0.0;0.0;15.0;BNHS_0626
BNO_SATE_FR38_160;0.0;0.0;15.0;BNHS_0626
BNO_SATE_FR39_160;0.0;0.0;15.0;BNHS_0626
BNO_SATE_FR40_160;0.0;0.0;15.0;BNHS_0626
BNO_SATE_FR41_160;0.0;0.0;15.0;BNHS_0626
BNO_SATE_FR42_160;0.0;0.0;15.0;BNHS_0626
BNO_SATE_FR43_160;0.0;0.0;15.0;BNHS_0626
BNO_SATE_FR44_160;0.0;0.0;15.0;BNHS_0626
BNO_SATE_FR45_160;0.0;0.0;15.0;BNHS_0626
BNO_SATW_FR01_160;0.0;0.0;15.0;BNHS_0626
BNO_SATW_FR02_160;0.0;0.0;15.0;BNHS_0626
BNO_SATW_FR03_160;0.0;0.0;15.0;BNHS_0626
BNO_SATW_FR04_160;0.0;0.0;15.0;BNHS_0626
BNO_SATW_FR06_160;0.0;0.0;15.0;BNHS_0626
BNO_SATW_FR07_160;0.0;0.0;15.0;BNHS_0626
BNO_SATW_FR08_160;0.0;0.0;15.0;BNHS_0626
BNO_SATW_FR09_160;0.0;0.0;15.0;BNHS_0626
BNO_SATW_FR10_160;0.0;0.0;15.0;BNHS_0626
BNO_SATW_FR11_160;0.0;0.0;15.0;BNHS_0626
BNO_SATW_FR12_160;0.0;0.0;15.0;BNHS_0626
BNO_SATW_FR13_160;0.0;0.0;15.0;BNHS_0626
BNO_SATW_FR14_160;0.0;0.0;15.0;BNHS_0626
BNO_SATW_FR15_160;0.0;0.0;15.0;BNHS_0626
BNO_SATW_FR17_160;0.0;0.0;15.0;BNHS_0626
BNO_SATW_FR18_160;0.0;0.0;15.0;BNHS_0626
BNO_SATW_FR19_160;0.0;0.0;15.0;BNHS_0626
BNO_SATW_FR20_160;0.0;0.0;15.0;BNHS_0626
BNO_SATW_FR21_160;0.0;0.0;15.0;BNHS_0626
BNO_SATW_FR22_160;0.0;0.0;15.0;BNHS_0626
BNO_SATW_FR23_160;0.0;0.0;15.0;BNHS_0626
BNO_SATW_FR24_160;0.0;0.0;15.0;BNHS_0626
BNO_SATW_FR25_160;0.0;0.0;15.0;BNHS_0626
BNO_SATW_FR26_160;0.0;0.0;15.0;BNHS_0626
BNO_SATW_FR27_160;0.0;0.0;15.0;BNHS_0626
BNO_SATW_FR28_160;0.0;0.0;15.0;BNHS_0626
BNO_SATW_FR29_160;0.0;0.0;15.0;BNHS_0626
BNO_SATW_FR30_160;0.0;0.0;15.0;BNHS_0626
BNO_SATW_FR31_160;0.0;0.0;15.0;BNHS_0626
BN-100TailleSt3TrER74;0.0;0.0;14.0;BNHS_0626
BN-100TailleSt3TrER75;0.0;0.0;14.0;BNHS_0626
BN-100TailleSt3TrER76;0.0;0.0;14.0;BNHS_0626
BN-100TailleSt3TrER77;0.0;0.0;14.0;BNHS_0626
BN-100TailleSt3TrER78;0.0;0.0;14.0;BNHS_0626
BN-100TailleSt3E6R4;0.0;0.0;13.0;BNHS_0626
BN-100TailleSt3E6R5;0.0;0.0;13.0;BNHS_0626
BN-100TailleSt3E6R6;0.0;0.0;13.0;BNHS_0626
BN-100TailleSt3E6R7;0.0;0.0;13.0;BNHS_0626
BN-100TrSt3ER36;0.0;0.0;20.0;BNHS_0626
BN-100TailleSt3E6R8;0.0;0.0;13.0;BNHS_0626
BN-100TailleSt3ECCR2R1;0.0;0.0;13.0;BNHS_0626
BN-100TailleSt3ECCR2R2;0.0;0.0;13.0;BNHS_0626
BN-100TailleSt3ECCR2R3;0.0;0.0;12.0;BNHS_0626
BN-100TailleSt3ECCR2R4;0.0;0.0;12.0;BNHS_0626
BN-100TailleSt3ECCR2R5;0.0;0.0;12.0;BNHS_0626
BN-100Tr1CWFR19;0.0;0.0;12.0;BNHS_0626
BN-100Tr1CWFR20;0.0;0.0;12.0;BNHS_0626
BN-100Tr1CWFR21;0.0;0.0;12.0;BNHS_0626
BN-100Tr1CWFR22;0.0;0.0;12.0;BNHS_0626
BN-100Tr1CWFR23;0.0;0.0;12.0;BNHS_0626
BN-100Tr1CWFR24;0.0;0.0;12.0;BNHS_0626
BN-100TrSt3ER31;0.0;0.0;12.0;BNHS_0626
BN-120TailleS2T6R1;0.0;0.0;12.0;BNHS_0626
BN-120TailleS2T6R2;0.0;0.0;12.0;BNHS_0626
BN-120TailleS2T6R3;0.0;0.0;12.0;BNHS_0626
BN-120TailleS2T6R4;0.0;0.0;12.0;BNHS_0626
BN-80Taille1W16R10;0.0;0.0;12.0;BNHS_0626
BN-80Taille1W16R11;0.0;0.0;12.0;BNHS_0626
BN-80Taille1W16R12;0.0;0.0;12.0;BNHS_0626
BN-80Taille1W16R16;0.0;0.0;12.0;BNHS_0626
BN-80Taille1W16R9;0.0;0.0;12.0;BNHS_0626
BN-80TrEF91;0.0;0.0;12.0;BNHS_0626
BN-100TailleSt3E4R18;0.0;0.0;11.0;BNHS_0626
BN-100TailleSt3E4R19;0.0;0.0;11.0;BNHS_0626
BN-100TailleSt3E4R20;0.0;0.0;11.0;BNHS_0626
BN-100TailleSt3E4R21;0.0;0.0;10.0;BNHS_0626
BN-100TailleSt3E4R22;0.0;0.0;10.0;BNHS_0626
BN-100TailleSt3E4R23;0.0;0.0;10.0;BNHS_0626
BN-100TailleSt3E4R24;0.0;0.0;10.0;BNHS_0626
BN-120TailleS2E5R10;0.0;0.0;10.0;BNHS_0626
BN-120TailleS2E5R11;0.0;0.0;10.0;BNHS_0626
BN-120TailleS2E5R12;0.0;0.0;10.0;BNHS_0626
BN-120TailleS2E5R1Bis;0.0;0.0;10.0;BNHS_0626
BN-120TailleS2E5R2Bis;0.0;0.0;10.0;BNHS_0626
BN-120TailleS2E5R3Bis;0.0;0.0;10.0;BNHS_0626
BN-120TailleS2E5R4Bis;0.0;0.0;10.0;BNHS_0626
BN-120TailleS2E5R5Bis;0.0;0.0;10.0;BNHS_0626
BN-120TailleS2E5R6;0.0;0.0;10.0;BNHS_0626
BN-120TailleS2E5R7;0.0;0.0;10.0;BNHS_0626
BN-120TailleS2E5R8;0.0;0.0;10.0;BNHS_0626
BN-120TailleS2E5R9;0.0;0.0;10.0;BNHS_0626
BN-120TailleS2T6R10;0.0;0.0;10.0;BNHS_0626
BN-120TailleS2T6R11;0.0;0.0;10.0;BNHS_0626
BN-120TailleS2T6R12;0.0;0.0;10.0;BNHS_0626
BN-120TailleS2T6R13;0.0;0.0;10.0;BNHS_0626
BN-120TailleS2T6R14;0.0;0.0;10.0;BNHS_0626
BN-120TailleS2T6R15;0.0;0.0;10.0;BNHS_0626
BN-120TailleS2T6R5;0.0;0.0;10.0;BNHS_0626
BN-120TailleS2T6R6;0.0;0.0;10.0;BNHS_0626
BN-120TailleS2T6R7;0.0;0.0;10.0;BNHS_0626
BN-120TailleS2T6R8;0.0;0.0;10.0;BNHS_0626
BN-120TailleS2T6R9;0.0;0.0;10.0;BNHS_0626
BN-80TrWF38;0.0;0.0;10.0;BNHS_0626
BN-80TrWF63;0.0;0.0;10.0;BNHS_0626
BN-80TrWF82;0.0;0.0;10.0;BNHS_0626
BN-80TrWF95;0.0;0.0;10.0;BNHS_0626
BN-48-1CSATBIS-TEFR1;0.0;0.0;10.0;BNHS_0626
BN-48-1CSATBIS-TEFR2;0.0;0.0;10.0;BNHS_0626
BN-48-1CSATBIS-TEFR3;0.0;0.0;10.0;BNHS_0626
BN-48-1CSATBIS-TEFR4;0.0;0.0;10.0;BNHS_0626
BN-48-1CSATBIS-TEFR8;0.0;0.0;10.0;BNHS_0626
BNW-100-TR-E-MARR1;0.0;0.0;10.0;BNHS_0626
BNW-100-TR-E-MARR2;0.0;0.0;10.0;BNHS_0626
BNW-100-TR-E-MARR3;0.0;0.0;10.0;BNHS_0626
BNW-100-TR-E-MARR4;0.0;0.0;10.0;BNHS_0626
BNW-100-TR-E-MARR5;0.0;0.0;10.0;BNHS_0626
BNW-100-TR-E-MARR6;0.0;0.0;10.0;BNHS_0626
BNW-100-TR-E-MARR7;0.0;0.0;10.0;BNHS_0626
BNW-100-TR-E-MARR8;0.0;0.0;10.0;BNHS_0626
BNW-100-TR-E-MARR9;0.0;0.0;10.0;BNHS_0626
BNW-100-TR-E-MARR10;0.0;0.0;10.0;BNHS_0626
BNW-100-TR-E-MARR11;0.0;0.0;10.0;BNHS_0626
BNW-100-TR-E-MARR12;0.0;0.0;10.0;BNHS_0626
BNW-100-TR-E-MARR13;0.0;0.0;10.0;BNHS_0626
BNW-100-TR-E-MARR14;0.0;0.0;10.0;BNHS_0626
BNW-100-TR-E-MARR15;0.0;0.0;10.0;BNHS_0626
BNW-100-TR-E-MARR16;0.0;0.0;10.0;BNHS_0626
BNW-100-TR-E-MARR17;0.0;0.0;10.0;BNHS_0626
BNW-100-TR-E-MARR18;0.0;0.0;10.0;BNHS_0626
BNW-100-TR-E-MARR19;0.0;0.0;10.0;BNHS_0626
BNW-100-TR-W-MARR1;0.0;0.0;10.0;BNHS_0626
BNW-100-TR-W-MARR2;0.0;0.0;10.0;BNHS_0626
BNW-100-TR-W-MARR3;0.0;0.0;10.0;BNHS_0626
BNW-100-TR-W-MARR4;0.0;0.0;10.0;BNHS_0626
BNW-100-TR-W-MARR5;0.0;0.0;10.0;BNHS_0626
BNW-100-TR-W-MARR6;0.0;0.0;10.0;BNHS_0626
BNW-100-TR-W-MARR7;0.0;0.0;10.0;BNHS_0626
BNW-100-TR-W-MARR8;0.0;0.0;10.0;BNHS_0626
BNW-100-TR-W-MARR9;0.0;0.0;10.0;BNHS_0626
BNW-100-TR-W-MARR10;0.0;0.0;10.0;BNHS_0626
BNW-100-TR-W-MARR11;0.0;0.0;10.0;BNHS_0626
BNW-100-TR-W-MARR12;0.0;0.0;10.0;BNHS_0626
BNW-100-TR-W-MARR13;0.0;0.0;10.0;BNHS_0626
BNW-100-TR-W-MARR14;0.0;0.0;10.0;BNHS_0626
BNW-100-TR-W-MARR15;0.0;0.0;10.0;BNHS_0626
BNW-100-TR-W-MARR16;0.0;0.0;10.0;BNHS_0626
BNW-100-TR-W-MARR17;0.0;0.0;10.0;BNHS_0626
BNW-100-TR-W-MARR18;0.0;0.0;10.0;BNHS_0626
BNW-100-TR-W-MARR19;0.0;0.0;10.0;BNHS_0626
BNW-100-TR-W-MARR20;0.0;0.0;10.0;BNHS_0626
BNW-100-TR-W-MARR21;0.0;0.0;10.0;BNHS_0626
BNW-100-TR-W-MARR22;0.0;0.0;10.0;BNHS_0626
BNW-100-TR-W-MARR23;0.0;0.0;10.0;BNHS_0626
BNW-100-TR-W-MARR24;0.0;0.0;10.0;BNHS_0626
BNW-100-TR-W-MARR25;0.0;0.0;10.0;BNHS_0626
BNW-100-TR-E-R1;0.0;0.0;10.0;BNHS_0626
BNW-100-TR-E-R2;0.0;0.0;10.0;BNHS_0626
BNW-100-TR-W-R14;0.0;0.0;10.0;BNHS_0626
BNW-100-TR-W-R15;0.0;0.0;10.0;BNHS_0626
BNW-100-TR-W-R16;0.0;0.0;10.0;BNHS_0626
BNW-100-TR-W-R17;0.0;0.0;10.0;BNHS_0626
BNW-100-TR-W-R18;0.0;0.0;10.0;BNHS_0626
BNW-100-TR-W-R19;0.0;0.0;10.0;BNHS_0626
BNW-100-TR-W-R20;0.0;0.0;10.0;BNHS_0626
BNW-100-TR-W-R21;0.0;0.0;10.0;BNHS_0626
BNW-100-TR-W-R22;0.0;0.0;10.0;BNHS_0626
BNW-100-TR-W-R23;0.0;0.0;10.0;BNHS_0626
BNW-100-TR-W-R24;0.0;0.0;10.0;BNHS_0626
BNW-100-TR-W-R25;0.0;0.0;10.0;BNHS_0626
BNW-100-TR-W-R26;0.0;0.0;10.0;BNHS_0626
BNW-100-TR-E-R4;0.0;0.0;10.0;BNHS_0626
BN-80TrWF72;0.0;0.0;8.0;BNHS_0626
BN-80TrWF92;0.0;0.0;7.0;BNHS_0626
BN-80TrWF1;0.0;0.0;5.0;BNHS_0626
BN-80TrWF362;0.0;0.0;5.0;BNHS_0626
BN-40TrERcp22E2;0.0;0.0;0.0;BNHS_0626
BN-40TrWTBP1R7;0.0;0.0;0.0;BNHS_0626
BN-80Rcp296;0.0;0.0;0.0;BNHS_0626
BN-80TrE1F1;0.0;0.0;0.0;BNHS_0626
BN-80TrE1F4;0.0;0.0;0.0;BNHS_0626
BN-80TrE1F6;0.0;0.0;0.0;BNHS_0626
BN-80TrE1F7;0.0;0.0;0.0;BNHS_0626
BN-80TrE1F9;0.0;0.0;0.0;BNHS_0626
BN-80TrE2F3;0.0;0.0;0.0;BNHS_0626
BN-80TrE2F6;0.0;0.0;0.0;BNHS_0626
BN-80TrW2F13;0.0;0.0;0.0;BNHS_0626
BN-80TrW2F14;0.0;0.0;0.0;BNHS_0626
BN-80TrW2F15;0.0;0.0;0.0;BNHS_0626
BN-80TrW2F16;0.0;0.0;0.0;BNHS_0626
BN-80TrW2F19;0.0;0.0;0.0;BNHS_0626
BN-80TrW2F23;0.0;0.0;0.0;BNHS_0626
BN-80TrW2F24;0.0;0.0;0.0;BNHS_0626
BN-80TrW2F3;0.0;0.0;0.0;BNHS_0626
BN-80TrW2F31;0.0;0.0;0.0;BNHS_0626
BN-80TrW2F4;0.0;0.0;0.0;BNHS_0626
BNO-26-PL09;18.0;0.0;86.27;BNHS_0626
BNO-26-PL09;12.0;0.0;86.26;BNHS_0626
BNO-26-PL09;15.0;0.0;86.26;BNHS_0626
BNO-26-PL09;9.0;0.0;86.25;BNHS_0626
BNO-26-PL09;6.0;0.0;86.24;BNHS_0626
BNO-26-PL14;18.0;0.0;81.43;BNHS_0626
BNO-26-PL10;48.0;0.0;76.47;BNHS_0626
BNO-26-PL10;144.0;0.0;76.35;BNHS_0626
BNO-26-PL10;69.0;0.0;76.31;BNHS_0626
BNO-26-PL10;63.0;0.0;76.26;BNHS_0626
BNO-26-PL10;3.0;0.0;76.22;BNHS_0626
BNO-PL02;69.0;0.0;77.06;BNHS_0626
BNO-PL02;57.0;0.0;76.91;BNHS_0626
BNO-26-PL06;51.0;0.0;75.77;BNHS_0626
BNO-PL02;225.0;0.0;78.63;BNHS_0626
BNO-PL02;243.0;0.0;78.55;BNHS_0626
BNO-26-PL10;27.0;0.0;76.47;BNHS_0626
BNO-26-PL10;90.0;0.0;76.32;BNHS_0626
BNO-26-PL06;54.0;0.0;75.66;BNHS_0626
BNO-26-PL14;6.0;0.0;81.42;BNHS_0626
BNO-26-PL10;18.0;0.0;76.3;BNHS_0626
BN-80TrEF2;0.0;0.0;5.0;BNHS_0626
BNO-26-PL09;42.0;0.0;86.16;BNHS_0626
BNO-26-PL14;15.0;0.0;81.43;BNHS_0626
BNO-26-PL10;141.0;0.0;76.41;BNHS_0626
BNO-26-PL10;15.0;0.0;76.26;BNHS_0626
BNE-RC-43;50.0;0.0;60.55;BNHS_0626
BNO-PL02;99.0;0.0;77.45;BNHS_0626
BNO-26-PL10;24.0;0.0;76.39;BNHS_0626
BNO-26-PL10;60.0;0.0;76.25;BNHS_0626
BNO-26-PL14;39.0;0.0;81.4;BNHS_0626
BNO-PL02;147.0;0.0;78.17;BNHS_0626
BNO-26-PL10;45.0;0.0;76.46;BNHS_0626
BNO-26-PL10;51.0;0.0;76.28;BNHS_0626
BNO-26-PL10;54.0;0.0;76.28;BNHS_0626
BNO-26-PL10;57.0;0.0;76.28;BNHS_0626
BN-100TrSt3ER35;0.0;0.0;12.0;BNHS_0626
BNO-26-PL14;75.0;0.0;81.61;BNHS_0626
BNO-26-PL14;12.0;0.0;81.43;BNHS_0626
BNO-PL02;132.0;0.0;78.02;BNHS_0626
BN-40Taille04T5R26;0.0;0.0;45.0;BNHS_0626
BN-80Taille1C15R23;0.0;0.0;5.0;BNHS_0626
BNO-26-PL09;177.0;0.0;86.15;BNHS_0626
BNO-26-PL10;99.0;0.0;76.38;BNHS_0626
BNO-PL02;60.0;0.0;76.99;BNHS_0626
BN-100TrSt1ER9;0.0;0.0;38.0;BNHS_0626
BNO-26-PL14;84.0;0.0;81.67;BNHS_0626
BN-80TrWF241;0.0;0.0;45.0;BNHS_0626
BN-80TrWF12;0.0;0.0;10.0;BNHS_0626
BN-40TrWTBP1R8;0.0;0.0;0.0;BNHS_0626
BNO-PL02;228.0;0.0;78.66;BNHS_0626
BN-100TrSt1WR8;0.0;0.0;40.0;BNHS_0626
BN-40TailleFoNTrR5;0.0;0.0;10.0;BNHS_0626
BN-120TrRcp2St2ER39;0.0;0.0;35.0;BNHS_0626
BNO-26-PL14;9.0;0.0;81.43;BNHS_0626
BNO-26-PL10;30.0;0.0;76.51;BNHS_0626
BN-40Taille03Tr2R64;0.0;0.0;45.0;BNHS_0626
BN-100TrSt3WR5;0.0;0.0;40.0;BNHS_0626
BNO-26-PL10;138.0;0.0;76.47;BNHS_0626
BN-100TrSt3ER9;0.0;0.0;35.0;BNHS_0626
BN-100TrSt3ER33;0.0;0.0;12.0;BNHS_0626
BNO-PL02;231.0;0.0;78.73;BNHS_0626
BNO-PL02;240.0;0.0;78.63;BNHS_0626
BN-80Taille1W15R26;0.0;0.0;24.0;BNHS_0626
BN-80Taille1W15R28;0.0;0.0;24.0;BNHS_0626
BN-120TailleS2W2R6;0.0;0.0;10.0;BNHS_0626
BN-40TrERcp22E3;0.0;0.0;0.0;BNHS_0626
BNO-26-PL14;90.0;0.0;81.68;BNHS_0626
BNO-26-PL14;42.0;0.0;81.36;BNHS_0626
BNO-PL02;237.0;0.0;78.6;BNHS_0626
BNO-26-PL10;39.0;0.0;76.53;BNHS_0626
BN-40Taille03Tr2R65;0.0;0.0;45.0;BNHS_0626
BN-80Taille1C10R40;0.0;0.0;22.0;BNHS_0626
BN-100TailleSt3ER3;0.0;0.0;16.0;BNHS_0626
BNE-RC-37;50.0;0.0;59.12;BNHS_0626
BN-80Taille01T3R24;0.0;0.0;38.0;BNHS_0626
BN-120TrRcp2St2ER6;0.0;0.0;35.0;BNHS_0626
BNO-26-PL14;87.0;0.0;81.71;BNHS_0626
BN-40Taille03Tr2R68;0.0;0.0;45.0;BNHS_0626
BN-80TrWF152;0.0;0.0;45.0;BNHS_0626
BN-40TailleFoNT3R2;0.0;0.0;20.0;BNHS_0626
BNO-26-PL10;36.0;0.0;76.53;BNHS_0626
BNO-26-PL10;42.0;0.0;76.49;BNHS_0626
BNE-RC-34;50.0;0.0;59.6;BNHS_0626
BN-80TrWF8;0.0;0.0;10.0;BNHS_0626
BNO-PL02;66.0;0.0;77.06;BNHS_0626
BN-80Taille01T3R31;0.0;0.0;40.0;BNHS_0626
BN-100TrSt3ER10;0.0;0.0;35.0;BNHS_0626
BN-120TailleS2W2R20;0.0;0.0;15.0;BNHS_0626
BN-100TrSt3ER32;0.0;0.0;12.0;BNHS_0626
BNO-26-PL09;51.0;0.0;86.16;BNHS_0626
BNO-26-PL09;54.0;0.0;86.16;BNHS_0626
BNO-26-PL09;57.0;0.0;86.16;BNHS_0626
BNO-26-PL09;60.0;0.0;86.16;BNHS_0626
BNO-26-PL09;63.0;0.0;86.16;BNHS_0626
BNO-26-PL09;72.0;0.0;86.16;BNHS_0626
BNO-PL07;144.0;0.0;86.06;BNHS_0626
BNO-26-PL14;72.0;0.0;81.5;BNHS_0626
BN-100TrSt3WR3;0.0;0.0;40.0;BNHS_0626
BN-80TrWF407;0.0;0.0;35.0;BNHS_0626
BNO-26-PL09;66.0;0.0;86.16;BNHS_0626
BNO-26-PL09;69.0;0.0;86.16;BNHS_0626
BN210;50.0;0.0;72.96;BNHS_0626
BN-40TrWRcp22R3;0.0;0.0;0.0;BNHS_0626
BNO-26-PL09;75.0;0.0;86.15;BNHS_0626
BNO-26-PL09;174.0;0.0;86.14;BNHS_0626
BNO-26-PL14;93.0;0.0;81.62;BNHS_0626
BN-80Taille1WTrR24;0.0;0.0;40.0;BNHS_0626
BN-120TailleS2W2R22;0.0;0.0;15.0;BNHS_0626
BN-80Taille1WBis2R22;0.0;0.0;10.0;BNHS_0626
BN-80Taille1WBis2R23;0.0;0.0;10.0;BNHS_0626
BN-80TrERcp1F2;0.0;0.0;10.0;BNHS_0626
BN-100TrSt1ER10;0.0;0.0;38.0;BNHS_0626
BN-100TrSt1ER6;0.0;0.0;38.0;BNHS_0626
BN-80Taille1W11R1;0.0;0.0;35.0;BNHS_0626
BN-80Taille1C9R25;0.0;0.0;14.0;BNHS_0626
BNO-26-PL14;69.0;0.0;81.35;BNHS_0626
BNO-PL02;222.0;0.0;78.64;BNHS_0626
BNO-PL02;144.0;0.0;78.22;BNHS_0626
BNO-PL02;165.0;0.0;78.18;BNHS_0626
BNO-26-PL13 Bis1;177.0;0.0;76.53;BNHS_0626
BN-80Taille01T2R33;0.0;0.0;43.0;BNHS_0626
BN-80Taille01T3R16;0.0;0.0;35.0;BNHS_0626
BN-100TrSt3ER19;0.0;0.0;25.0;BNHS_0626
BN-40TrWRcp22R1;0.0;0.0;0.0;BNHS_0626
BNO-26-PL10;135.0;0.0;76.5;BNHS_0626
BN-100TrSt1WR10;0.0;0.0;40.0;BNHS_0626
BNO-26-PL09;78.0;0.0;86.14;BNHS_0626
BNO-PL02;63.0;0.0;77.07;BNHS_0626
BN-100TrSt3ER7;0.0;0.0;35.0;BNHS_0626
BN-80TrWF312;0.0;0.0;34.0;BNHS_0626
BN-80TrWF46;0.0;0.0;20.0;BNHS_0626
BN-40TrERcp22E4;0.0;0.0;0.0;BNHS_0626
BNO-26-PL06;57.0;0.0;75.77;BNHS_0626
BN-100TrSt3WR2;0.0;0.0;40.0;BNHS_0626
BN-40TailleFoNT4R8;0.0;0.0;20.0;BNHS_0626
BNO-PL02;141.0;0.0;78.26;BNHS_0626
BN-40TailleFoST3R9;0.0;0.0;30.0;BNHS_0626
BN-120TailleS2W2R18;0.0;0.0;15.0;BNHS_0626
BNO-26-PL13 Bis1;100.0;0.0;76.46;BNHS_0626
BNE-RC-29;50.0;0.0;49.77;BNHS_0626
BN-80TrWF311;0.0;0.0;35.0;BNHS_0626
BNO-26-PL14;45.0;0.0;81.33;BNHS_0626
BN-40TailleFoNT5R6;0.0;0.0;15.0;BNHS_0626
BNO-26-PL09;135.0;0.0;86.27;BNHS_0626
BNO-26-PL10;129.0;0.0;76.55;BNHS_0626
BNO-26-PL10;33.0;0.0;76.54;BNHS_0626
BNO-26-PL13 Bis1;180.0;0.0;76.48;BNHS_0626
BN-80TrWF258;0.0;0.0;42.0;BNHS_0626
BN-80Taille1WTrR28;0.0;0.0;40.0;BNHS_0626
BN-80TrWF264;0.0;0.0;40.0;BNHS_0626
BN-100TrSt1ER11;0.0;0.0;38.0;BNHS_0626
BNO-26-PL09;45.0;0.0;86.12;BNHS_0626
BNO-PL02;168.0;0.0;78.24;BNHS_0626
BNO-26-PL10;126.0;0.0;76.51;BNHS_0626
BN-88ChTrE10E2;0.0;0.0;46.0;BNHS_0626
BN-88ChTrE10E4;0.0;0.0;46.0;BNHS_0626
BN-100TrSt3ER39;0.0;0.0;20.0;BNHS_0626
BNO-26-PL09;144.0;0.0;86.23;BNHS_0626
BNO-PL02;93.0;0.0;77.58;BNHS_0626
BN-80TrWF266;0.0;0.0;40.0;BNHS_0626
BN-120TrRcp2St2ER24;0.0;0.0;35.0;BNHS_0626
BN-80Taille1WBis2R8;0.0;0.0;10.0;BNHS_0626
BN-80TrWF65;0.0;0.0;10.0;BNHS_0626
BNO-26-PL10;132.0;0.0;76.54;BNHS_0626
BN-80TrWF270;0.0;0.0;42.0;BNHS_0626
BN-80TrWF268;0.0;0.0;40.0;BNHS_0626
BN-80TrWF295;0.0;0.0;40.0;BNHS_0626
BN-80Taille1WBis2R19;0.0;0.0;10.0;BNHS_0626
BNO-26-PL09;81.0;0.0;86.13;BNHS_0626
BNO-26-PL10;123.0;0.0;76.49;BNHS_0626
BN-80TrWF286;0.0;0.0;40.0;BNHS_0626
BN-100TrSt1ER5;0.0;0.0;38.0;BNHS_0626
BN-80Taille1W11R5;0.0;0.0;35.0;BNHS_0626
BNO-PL02;135.0;0.0;78.16;BNHS_0626
BN-40Taille04T5R7;0.0;0.0;40.0;BNHS_0626
BN-80TrW3GF14;0.0;0.0;20.0;BNHS_0626
BN-80TrW3GF6;0.0;0.0;14.0;BNHS_0626
BN-100TrSt1WR5;0.0;0.0;40.0;BNHS_0626
BN-100TrSt1ER4;0.0;0.0;38.0;BNHS_0626
BN-40TailleFoNT5R2;0.0;0.0;20.0;BNHS_0626
BNO-26-PL14;96.0;0.0;81.59;BNHS_0626
BNO-PL02;150.0;0.0;78.31;BNHS_0626
BNO-PL02;162.0;0.0;78.02;BNHS_0626
BN-80Taille1W7R74;0.0;0.0;42.0;BNHS_0626
BN-80Taille1WTrR18;0.0;0.0;40.0;BNHS_0626
BN-80Taille1C15R16;0.0;0.0;5.0;BNHS_0626
BNO-PL02;138.0;0.0;78.25;BNHS_0626
BN-80Taille1W4R6;0.0;0.0;44.0;BNHS_0626
BN-80TrWF272;0.0;0.0;40.0;BNHS_0626
BN-80Taille1WBis2R29;0.0;0.0;10.0;BNHS_0626
BNO-PL02;96.0;0.0;77.45;BNHS_0626
BNO-26-PL10;120.0;0.0;76.46;BNHS_0626
BN-80TrWF425;0.0;0.0;35.0;BNHS_0626
BN-100TrSt3ER34;0.0;0.0;12.0;BNHS_0626
BNO-26-PL10;117.0;0.0;76.49;BNHS_0626
BN-100TrSt3ER38;0.0;0.0;20.0;BNHS_0626
BN-80TrW3GF4;0.0;0.0;15.0;BNHS_0626
BN-80TrEF4;0.0;0.0;10.0;BNHS_0626
BNO-26-PL09;120.0;0.0;86.23;BNHS_0626
BNO-26-PL10;114.0;0.0;76.49;BNHS_0626
BNO-26-PL10;105.0;0.0;76.5;BNHS_0626
BNO-26-PL10;108.0;0.0;76.5;BNHS_0626
BNO-26-PL10;111.0;0.0;76.5;BNHS_0626
BN-40TrP5WF241;0.0;0.0;46.0;BNHS_0626
BN-40TrP5WF76;0.0;0.0;44.0;BNHS_0626
BN-40TrTaille1CFR77;0.0;0.0;35.0;BNHS_0626
BN-80Taille1W13R14;0.0;0.0;35.0;BNHS_0626
BN-80Taille1W13R39;0.0;0.0;35.0;BNHS_0626
BN-140TrSt4EFR20;0.0;0.0;30.0;BNHS_0626
BN-80Taille1W13R32;0.0;0.0;30.0;BNHS_0626
BN-80Taille1W13R33;0.0;0.0;30.0;BNHS_0626
BN-80Taille1W13R34;0.0;0.0;30.0;BNHS_0626
BN-80Taille1W13R35;0.0;0.0;30.0;BNHS_0626
BN-80Taille1W13R36;0.0;0.0;30.0;BNHS_0626
BN-80Taille1W13R37;0.0;0.0;30.0;BNHS_0626
BN-80Taille1W13R38;0.0;0.0;30.0;BNHS_0626
BN-80TrWF406;0.0;0.0;30.0;BNHS_0626
BN-80Taille1W13R29;0.0;0.0;20.0;BNHS_0626
BN-80Taille1W13R30;0.0;0.0;20.0;BNHS_0626
BN-80Taille1W13R31;0.0;0.0;20.0;BNHS_0626
BN-80TrW3GF15;0.0;0.0;20.0;BNHS_0626
BN-120TailleS2W2R23;0.0;0.0;15.0;BNHS_0626
BN-80TrW3GF10;0.0;0.0;14.0;BNHS_0626
BN-120TailleS2W2R7;0.0;0.0;10.0;BNHS_0626
BN-40TailleFoNTrR6;0.0;0.0;10.0;BNHS_0626
BNO-26-PL09;96.0;0.0;86.13;BNHS_0626
BNO-26-PL10;102.0;0.0;76.5;BNHS_0626
BN-100TrSt1WR3;0.0;0.0;40.0;BNHS_0626
BN-80Taille1C8R34;0.0;0.0;25.0;BNHS_0626
BNO-26-PL09;93.0;0.0;86.12;BNHS_0626
BN-80TrWF277;0.0;0.0;40.0;BNHS_0626
BN-80Taille1C7R37;0.0;0.0;25.0;BNHS_0626
BN-80TrEF84;0.0;0.0;25.0;BNHS_0626
BN-40TailleFoNTrR1;0.0;0.0;10.0;BNHS_0626
BN-80TrWF61;0.0;0.0;10.0;BNHS_0626
BNO-PL02;174.0;0.0;78.38;BNHS_0626
BNO-26-PL09;90.0;0.0;86.12;BNHS_0626
BNO-26-PL13 Bis1;165.0;0.0;76.53;BNHS_0626
BNO-26-PL13 Bis1;174.0;0.0;76.5;BNHS_0626
BN-80TrWF240;0.0;0.0;45.0;BNHS_0626
BNO-26-PL09;84.0;0.0;86.13;BNHS_0626
BNO-26-PL14;48.0;0.0;81.29;BNHS_0626
BN-40Taille03Tr2R69;0.0;0.0;45.0;BNHS_0626
BN-40Taille03Tr2R70;0.0;0.0;45.0;BNHS_0626
BN-80TrEF21;0.0;0.0;8.0;BNHS_0626
BNO-PL02;201.0;0.0;78.64;BNHS_0626
BNO-PL02;204.0;0.0;78.63;BNHS_0626
BNO-PL02;159.0;0.0;78.08;BNHS_0626
BNO-26-PL13 Bis1;162.0;0.0;76.53;BNHS_0626
BNO-26-PL13 Bis1;168.0;0.0;76.53;BNHS_0626
BN-120TrRcp2St2ER40;0.0;0.0;35.0;BNHS_0626
BN-100TrSt3ER43;0.0;0.0;20.0;BNHS_0626
BNO-PL02;198.0;0.0;78.41;BNHS_0626
BNO-26-PL13 Bis1;159.0;0.0;76.54;BNHS_0626
BNO-26-PL15;100.0;0.0;72.74;BNHS_0626
BN-80TrWF83;0.0;0.0;20.0;BNHS_0626
BN-80TrEF16;0.0;0.0;12.0;BNHS_0626
BNO-26-PL09;87.0;0.0;86.13;BNHS_0626
BNO-26-PL13;50.0;0.0;62.48;BNHS_0626
BN-100TrSt1ER7;0.0;0.0;38.0;BNHS_0626
BNO-PL02;153.0;0.0;78.07;BNHS_0626
BN-40TrP5WF81;0.0;0.0;47.0;BNHS_0626
BN-40TrP5WF191;0.0;0.0;42.0;BNHS_0626
BN-40TrP5WF64;0.0;0.0;36.0;BNHS_0626
BNO-26-PL09;117.0;0.0;86.19;BNHS_0626
BNO-26-PL13 Bis1;105.0;0.0;76.41;BNHS_0626
BN-80Taille1W7R75;0.0;0.0;42.0;BNHS_0626
BNO-26-PL09;99.0;0.0;86.21;BNHS_0626
BNO-PL02;156.0;0.0;78.01;BNHS_0626
BNE-RC-48;50.0;0.0;59.98;BNHS_0626
BN-40Taille04T6R10;0.0;0.0;45.0;BNHS_0626
BN-40Taille04T6R11;0.0;0.0;45.0;BNHS_0626
BN-40Taille04T6R12;0.0;0.0;45.0;BNHS_0626
BN-40Taille04T6R13;0.0;0.0;45.0;BNHS_0626
BN-40Taille04T6R9;0.0;0.0;45.0;BNHS_0626
BN-80Taille1WG23;0.0;0.0;40.0;BNHS_0626
BN-40TailleFoNT5R8;0.0;0.0;15.0;BNHS_0626
BNO-PL02;207.0;0.0;78.6;BNHS_0626
BN-80Taille01T2R9;0.0;0.0;43.0;BNHS_0626
BN-100TrSt3WR4;0.0;0.0;40.0;BNHS_0626
BN-100TrSt3ER14;0.0;0.0;25.0;BNHS_0626
BNO-PL02;195.0;0.0;78.31;BNHS_0626
BN-40Taille04T5R25;0.0;0.0;45.0;BNHS_0626
BN-120TailleS2W2R25;0.0;0.0;15.0;BNHS_0626
BN-100TrSt3ER57;0.0;0.0;13.0;BNHS_0626
BNO-26-PL14;66.0;0.0;81.37;BNHS_0626
BN-80Taille1W11R46;0.0;0.0;40.0;BNHS_0626
BN-80TrWF90;0.0;0.0;5.0;BNHS_0626
BNO-26-PL13 Bis1;171.0;0.0;76.51;BNHS_0626
BNO-26-PL09;171.0;0.0;86.15;BNHS_0626
BNO-26-PL09;108.0;0.0;86.12;BNHS_0626
BNO-26-PL09;48.0;0.0;86.09;BNHS_0626
BNO-26-PL13 Bis1;102.0;0.0;76.45;BNHS_0626
BN-80TrWF215;0.0;0.0;43.0;BNHS_0626
BN-80Taille01T3R25;0.0;0.0;38.0;BNHS_0626
BNO-26-PL09;102.0;0.0;86.13;BNHS_0626
BNO-26-PL09;105.0;0.0;86.13;BNHS_0626
BNO-PL07;102.0;0.0;85.86;BNHS_0626
BNO-PL07;105.0;0.0;85.86;BNHS_0626
BN-40Taille04T5R27;0.0;0.0;45.0;BNHS_0626
BN-80TrWF221;0.0;0.0;44.0;BNHS_0626
BN-80Taille01T5R6;0.0;0.0;40.0;BNHS_0626
BN-40TailleFoNT4R10;0.0;0.0;20.0;BNHS_0626
BNO-PL02;177.0;0.0;78.5;BNHS_0626
BN-40TailleFoNT5R7;0.0;0.0;15.0;BNHS_0626
BNO-26-PL09;180.0;0.0;86.12;BNHS_0626
BNO-PL02;216.0;0.0;78.64;BNHS_0626
BN-40Taille02T1R12;0.0;0.0;50.0;BNHS_0626
BN-40TrP5WF172;0.0;0.0;47.0;BNHS_0626
BN-40TrP5WF182;0.0;0.0;47.0;BNHS_0626
BN-40TrP5WF186;0.0;0.0;45.0;BNHS_0626
BN-80TrWF405;0.0;0.0;30.0;BNHS_0626
BNO-26-PL14;99.0;0.0;81.63;BNHS_0626
BN-100TrSt3ER8;0.0;0.0;35.0;BNHS_0626
BN-80TrWF409;0.0;0.0;35.0;BNHS_0626
BN-80Taille1WBis2R18;0.0;0.0;10.0;BNHS_0626
BN-80TrWF222;0.0;0.0;44.0;BNHS_0626
BN-80Taille1W7R80;0.0;0.0;42.0;BNHS_0626
BN-80Taille1W7R78;0.0;0.0;42.0;BNHS_0626
BN-80Taille1C7R34;0.0;0.0;25.0;BNHS_0626
BN-100TrSt3ER44;0.0;0.0;20.0;BNHS_0626
BN-80Taille1W14R15;0.0;0.0;7.0;BNHS_0626
BNO-PL02;219.0;0.0;78.62;BNHS_0626
BN-40TailleFoNT4R5;0.0;0.0;20.0;BNHS_0626
BN-80TrWF7;0.0;0.0;10.0;BNHS_0626
BNO-26-PL09;141.0;0.0;86.19;BNHS_0626
BNO-26-PL09;114.0;0.0;86.15;BNHS_0626
BNO-26-PL09;162.0;0.0;86.13;BNHS_0626
BNO-26-PL09;111.0;0.0;86.09;BNHS_0626
BNO-PL02;213.0;0.0;78.59;BNHS_0626
BNO-PL02;171.0;0.0;78.25;BNHS_0626
BN-40TailleFoST1R5;0.0;0.0;30.0;BNHS_0626
BN-80TrWF287;0.0;0.0;40.0;BNHS_0626
BN-100TrSt3ER3;0.0;0.0;35.0;BNHS_0626
BN-80TrEF13;0.0;0.0;20.0;BNHS_0626
BN-100TrSt3ER40;0.0;0.0;20.0;BNHS_0626
BNO-PL02;210.0;0.0;78.59;BNHS_0626
BN-100TrSt3WR11;0.0;0.0;30.0;BNHS_0626
BN-100TrSt3WR12;0.0;0.0;30.0;BNHS_0626
BN-40TailleFoNTrR2;0.0;0.0;10.0;BNHS_0626
BNO-26-PL09;147.0;0.0;86.23;BNHS_0626
BN-80Taille01T2R30;0.0;0.0;43.0;BNHS_0626
BNO-26-PL09;210.0;0.0;86.19;BNHS_0626
BNO-PL02;192.0;0.0;78.43;BNHS_0626
BN-40TrP5WF184;0.0;0.0;47.0;BNHS_0626
BN-40TrP5WF174;0.0;0.0;42.0;BNHS_0626
BN-80TrWF267;0.0;0.0;40.0;BNHS_0626
BN-40TrP5WF13;0.0;0.0;36.0;BNHS_0626
BN-40TailleFoNT5R1;0.0;0.0;20.0;BNHS_0626
BNO-PL02;180.0;0.0;78.47;BNHS_0626
BN-80TrWF281;0.0;0.0;40.0;BNHS_0626
BN-80Taille1WTrR27;0.0;0.0;40.0;BNHS_0626
BN-80Taille1C9R23;0.0;0.0;14.0;BNHS_0626
BN-40TailleFoNTrR4;0.0;0.0;10.0;BNHS_0626
BNO-26-PL09;207.0;0.0;86.19;BNHS_0626
BNO-PL07;141.0;0.0;85.98;BNHS_0626
BN-80TrWF59;0.0;0.0;20.0;BNHS_0626
BN-80Taille1WTrR46;0.0;0.0;40.0;BNHS_0626
BN-80TrWF335;0.0;0.0;30.0;BNHS_0626
BN-80Taille1W14R27;0.0;0.0;7.0;BNHS_0626
BNO-26-PL09;204.0;0.0;86.19;BNHS_0626
BN-80Taille01T2R25;0.0;0.0;42.0;BNHS_0626
BN-100TrSt3ER37;0.0;0.0;20.0;BNHS_0626
BN-80TrEF83;0.0;0.0;20.0;BNHS_0626
BN-80TrWF153;0.0;0.0;45.0;BNHS_0626
BN-120TrRcp2St2ER53;0.0;0.0;12.0;BNHS_0626
BN-80Taille1W14R29;0.0;0.0;10.0;BNHS_0626
BN-80TrWF274;0.0;0.0;25.0;BNHS_0626
BNO-26-PL09;201.0;0.0;86.18;BNHS_0626
BN-100TrSt3ER18;0.0;0.0;25.0;BNHS_0626
BN-80TrW3GF3;0.0;0.0;14.0;BNHS_0626
BNO-26-PL09;159.0;0.0;86.12;BNHS_0626
BN-80Taille1W4R10;0.0;0.0;41.0;BNHS_0626
BN-40TailleFoST3R16;0.0;0.0;30.0;BNHS_0626
BN-80Taille1C9R24;0.0;0.0;14.0;BNHS_0626
BNO-26-PL09;138.0;0.0;86.22;BNHS_0626
BN-80Taille1W4R9;0.0;0.0;44.0;BNHS_0626
BN-80Taille1W4R67;0.0;0.0;16.0;BNHS_0626
BN-100TrSt3ER47;0.0;0.0;15.0;BNHS_0626
BN-40TailleFoNT5R5;0.0;0.0;15.0;BNHS_0626
BN-80Taille02T5R21;0.0;0.0;44.0;BNHS_0626
BN-120TailleS2W2R26;0.0;0.0;15.0;BNHS_0626
BN-80TrEF17;0.0;0.0;10.0;BNHS_0626
BNO-26-PL14;102.0;0.0;81.57;BNHS_0626
BN-40Taille04T5R28;0.0;0.0;45.0;BNHS_0626
BN-80Taille01T3R27;0.0;0.0;38.0;BNHS_0626
BN-40TailleFoNTrR3;0.0;0.0;10.0;BNHS_0626
BN-80Taille1WBis2R24;0.0;0.0;10.0;BNHS_0626
BN-40Taille04T5R23;0.0;0.0;45.0;BNHS_0626
BN-40Taille1W2R44;0.0;0.0;38.0;BNHS_0626
BN-100TrSt3ER17;0.0;0.0;25.0;BNHS_0626
BN-80TrWF91;0.0;0.0;10.0;BNHS_0626
BN-130TrFR17;0.0;0.0;38.0;BNHS_0626
BN-130TrFR18;0.0;0.0;38.0;BNHS_0626
BN-130TrFR19;0.0;0.0;38.0;BNHS_0626
BN-130TrFR20;0.0;0.0;38.0;BNHS_0626
BN-80TrWF55;0.0;0.0;22.0;BNHS_0626
BN-80TrWF80;0.0;0.0;10.0;BNHS_0626
BN-80Taille1W14R35;0.0;0.0;5.0;BNHS_0626
BN-80Taille1W4R58;0.0;0.0;41.0;BNHS_0626
BN-80TrW3GF9;0.0;0.0;17.0;BNHS_0626
BN-80TrWF9;0.0;0.0;8.0;BNHS_0626
BNO-PL02;183.0;0.0;78.58;BNHS_0626
BN-40TrER37F44;0.0;1.0;55.0;BNHS_0626
BN-40TrER37F45;0.0;1.0;55.0;BNHS_0626
BN-88ChTrE1E3;0.0;1.0;50.0;BNHS_0626
BN-88ChTrE1E6;0.0;1.0;50.0;BNHS_0626
BN-40TrER39F2;0.0;1.0;45.0;BNHS_0626
BN-40TrER39F8;0.0;1.0;45.0;BNHS_0626
BN-40TrP5WF323;0.0;1.0;45.0;BNHS_0626
BN-40TrWR39F1;0.0;1.0;45.0;BNHS_0626
BN-40Tr2EF6;0.0;1.0;44.0;BNHS_0626
BN-88ChTrE16E2;0.0;1.0;44.0;BNHS_0626
BN-88ChTrE16E3;0.0;1.0;44.0;BNHS_0626
BN-80Taille1WTrR39;0.0;1.0;40.0;BNHS_0626
BN-40TrTaille1CFR76;0.0;1.0;35.0;BNHS_0626
BN-40TrER37F3;0.0;1.0;33.0;BNHS_0626
BN-40TrWR37F24;0.0;1.0;33.0;BNHS_0626
BN-80TrFOWF5;0.0;1.0;33.0;BNHS_0626
BN-80TrFOWF7;0.0;1.0;33.0;BNHS_0626
BN-140TrSt4EFR19;0.0;1.0;30.0;BNHS_0626
BN-140TrSt2Rcp4WFR13;0.0;1.0;25.0;BNHS_0626
BN-100TrSt3ER48;0.0;1.0;15.0;BNHS_0626
BN-80TrE1F10;0.0;1.0;0.0;BNHS_0626
BN-80TrE2F4;0.0;1.0;0.0;BNHS_0626
BN-80TrE2F5;0.0;1.0;0.0;BNHS_0626
BN-80TrW2F33;0.0;1.0;0.0;BNHS_0626
BN-80TrW2F35;0.0;1.0;0.0;BNHS_0626
BN-80TrW2F5;0.0;1.0;0.0;BNHS_0626
BN-40TrP5WF290;0.0;1.0;45.0;BNHS_0626
BN-40TailleFoST3R18;0.0;1.0;30.0;BNHS_0626
BN-80TrWF133;0.0;1.0;45.0;BNHS_0626
BN-120TailleS2W2R9;0.0;1.0;15.0;BNHS_0626
BN-100TrSt3ER56;0.0;1.0;13.0;BNHS_0626
BN-80TrWF74;0.0;1.0;10.0;BNHS_0626
BNO-PL07;147.0;1.0;86.07;BNHS_0626
BN-120TrRcp2St2ER43;0.0;1.0;35.0;BNHS_0626
BN-80Taille1W14R32;0.0;1.0;5.0;BNHS_0626
BNO-PL02;189.0;1.0;78.39;BNHS_0626
BN-40TailleFoNT5R4;0.0;1.0;15.0;BNHS_0626
BN-80TrERcp1F3;0.0;1.0;14.0;BNHS_0626
BN-80Taille1WTrR43;0.0;1.0;40.0;BNHS_0626
BN-80TrW3GF5;0.0;1.0;20.0;BNHS_0626
BN-40Taille03Tr2R66;0.0;1.0;45.0;BNHS_0626
BN-80TrWF127;0.0;1.0;38.0;BNHS_0626
BN-80TrWF48;0.0;1.0;18.0;BNHS_0626
BN-80TrEF15;0.0;1.0;12.0;BNHS_0626
BN-40Taille04T5R6;0.0;1.0;40.0;BNHS_0626
BN-120TrRcp2St2ER42;0.0;1.0;35.0;BNHS_0626
BN-80TrWF247;0.0;1.0;45.0;BNHS_0626
BN-100TailleSt1E1R5;0.0;1.0;38.0;BNHS_0626
BN-80TrWF116;0.0;1.0;28.0;BNHS_0626
BN-80TrWF75;0.0;1.0;12.0;BNHS_0626
BN-80Taille1W14R16;0.0;1.0;7.0;BNHS_0626
BN-80Taille1WTrR50;0.0;1.0;40.0;BNHS_0626
BN-120TrRcp2St2ER79;0.0;1.0;22.0;BNHS_0626
BN-80TrWF271;0.0;1.0;43.0;BNHS_0626
BNO-26-PL09;183.0;1.0;86.07;BNHS_0626
BN-80TrWF294;0.0;1.0;43.0;BNHS_0626
BN-80TrWF256;0.0;1.0;42.0;BNHS_0626
BN-80Taille1WTrR26;0.0;1.0;40.0;BNHS_0626
BN-120TrRcp2St2ER29;0.0;1.0;35.0;BNHS_0626
BN-40TailleFoNT5R3;0.0;1.0;15.0;BNHS_0626
BNO-PL02;186.0;1.0;78.37;BNHS_0626
BN-40Taille04T5R24;0.0;1.0;45.0;BNHS_0626
BN-40TrP5WF226;0.0;1.0;45.0;BNHS_0626
BN-80TrWF265;0.0;1.0;40.0;BNHS_0626
BN-120TrRcp2St2ER30;0.0;1.0;35.0;BNHS_0626
BNO-PL07;108.0;1.0;85.81;BNHS_0626
BN-80Taille01T3R26;0.0;1.0;38.0;BNHS_0626
BN-80TrWF334;0.0;1.0;35.0;BNHS_0626
BN-80TrWF363;0.0;1.0;5.0;BNHS_0626
BNO-26-PL14;105.0;1.0;81.56;BNHS_0626
BNO-26-PL14;63.0;1.0;81.55;BNHS_0626
BN-40Taille04T5R11;0.0;1.0;45.0;BNHS_0626
BN-80TrWF132;0.0;1.0;45.0;BNHS_0626
BN-100TailleSt1W1R4;0.0;1.0;40.0;BNHS_0626
BN-80Taille1WTrR31;0.0;1.0;40.0;BNHS_0626
BNO-26-PL09;156.0;1.0;86.08;BNHS_0626
BN-80Taille01T6R13;0.0;1.0;45.0;BNHS_0626
BN-80TrEF92;0.0;1.0;12.0;BNHS_0626
BN-80TrEF93;0.0;1.0;11.0;BNHS_0626
BN-80Taille1WBis2R20;0.0;1.0;10.0;BNHS_0626
BN-40TrWRcp22R2;0.0;1.0;0.0;BNHS_0626
BN-80TrWF249;0.0;1.0;45.0;BNHS_0626
BN-80Taille1WTrR25;0.0;1.0;40.0;BNHS_0626
BNO-PL07;123.0;1.0;86.03;BNHS_0626
BN-100TrSt3ER68;0.0;1.0;15.0;BNHS_0626
BN-80Taille1W4R8;0.0;1.0;44.0;BNHS_0626
BN-80Taille1W8R96;0.0;1.0;42.0;BNHS_0626
BN-40TailleFoNT4R9;0.0;1.0;20.0;BNHS_0626
BN-120TrRcp2St2ER54;0.0;1.0;12.0;BNHS_0626
BNO-26-PL09;192.0;1.0;86.22;BNHS_0626
BNO-26-PL09;189.0;1.0;86.19;BNHS_0626
BNO-26-PL14;50.0;1.0;81.63;BNHS_0626
BNO-26-PL14;51.0;1.0;81.63;BNHS_0626
BNO-26-PL14;54.0;1.0;81.61;BNHS_0626
BN-80Taille1WBis2R17;0.0;1.0;10.0;BNHS_0626
BNO-26-PL14;57.0;1.0;81.61;BNHS_0626
BNO-26-PL14;60.0;1.0;81.61;BNHS_0626
BN-40TailleFoST3R8;0.0;1.0;30.0;BNHS_0626
BN-80TrWF154;0.0;1.0;45.0;BNHS_0626
BN-80TrWF283;0.0;1.0;40.0;BNHS_0626
BN-80Taille1WBis2R21;0.0;1.0;10.0;BNHS_0626
BN-80Taille1WTrR40;0.0;1.0;40.0;BNHS_0626
BN-120TrRcp2St2ER38;0.0;1.0;35.0;BNHS_0626
BN-80TrWF66;0.0;1.0;5.0;BNHS_0626
BN-80TrWF259;0.0;1.0;40.0;BNHS_0626
BN-120TrRcp2St2ER35;0.0;1.0;35.0;BNHS_0626
BN-80Taille1WBis2R7;0.0;1.0;10.0;BNHS_0626
BN-120TrRcp2St2ER51;0.0;1.0;12.0;BNHS_0626
BNO-26-PL09;150.0;1.0;86.1;BNHS_0626
BN-40TrP5WF146;0.0;1.0;45.0;BNHS_0626
BN-80TrWF224;0.0;1.0;44.0;BNHS_0626
BN-40TrP5WF45;0.0;1.0;36.0;BNHS_0626
BN-120TrRcp2St2ER41;0.0;1.0;35.0;BNHS_0626
BN-100TrSt3ER16;0.0;1.0;25.0;BNHS_0626
BN-80TrEF30;0.0;1.0;25.0;BNHS_0626
BNO-26-PL09;153.0;1.0;86.1;BNHS_0626
BN-80Taille1WBis2R10;0.0;1.0;10.0;BNHS_0626
BN-80Taille1W14R31;0.0;1.0;5.0;BNHS_0626
BNO-26-PL09;168.0;1.0;86.17;BNHS_0626
BN-100TrSt3ER15;0.0;1.0;25.0;BNHS_0626
BN-80Taille1W14R28;0.0;1.0;10.0;BNHS_0626
BNO-26-PL14;108.0;1.0;81.5;BNHS_0626
BN-80TrWF120;0.0;1.0;35.0;BNHS_0626
BN-40TailleFoST3R17;0.0;1.0;30.0;BNHS_0626
BN-80TrEF33;0.0;1.0;15.0;BNHS_0626
BN-80TrEF23;0.0;1.0;12.0;BNHS_0626
BN-80TrWF68;0.0;1.0;12.0;BNHS_0626
BN-80Taille1W7R44;0.0;1.0;40.0;BNHS_0626
BN-80Taille1W8R97;0.0;1.0;42.0;BNHS_0626
BN-80TrW3GF13;0.0;1.0;20.0;BNHS_0626
BN-80Taille1WBis2R28;0.0;1.0;10.0;BNHS_0626
BN-80TrWF11;0.0;1.0;7.0;BNHS_0626
BN-120TrRcp2St2ER28;0.0;1.0;35.0;BNHS_0626
BN-80Taille1W14R22;0.0;1.0;7.0;BNHS_0626
BNO-26-PL09;198.0;1.0;86.15;BNHS_0626
BN-40Taille04T5R18;0.0;1.0;40.0;BNHS_0626
BN-80TrWF140;0.0;1.0;45.0;BNHS_0626
BN-40TrP5WF175;0.0;1.0;38.0;BNHS_0626
BN-80TrWF358;0.0;1.0;3.0;BNHS_0626
BN-40Taille04T5R29;0.0;1.0;45.0;BNHS_0626
BN-120TrRcp2St2ER26;0.0;1.0;35.0;BNHS_0626
BN-80TrWF10;0.0;1.0;8.0;BNHS_0626
BN-80TrEF88;0.0;1.0;35.0;BNHS_0626
BN-88ChTrE6E4;0.0;1.0;52.0;BNHS_0626
BN-80Taille1W7R43;0.0;1.0;40.0;BNHS_0626
BN-80Taille1WBis2R27;0.0;1.0;10.0;BNHS_0626
BN-80Taille02T5R22;0.0;1.0;44.0;BNHS_0626
BN-120TrRcp2St2ER45;0.0;1.0;35.0;BNHS_0626
BN-80TrEF28;0.0;1.0;22.0;BNHS_0626
BN-80TrWF273;0.0;1.0;40.0;BNHS_0626
BN-80Taille01T3R14;0.0;1.0;35.0;BNHS_0626
BN-80Taille1WBis2R31;0.0;1.0;10.0;BNHS_0626
BN-40Taille04Ch3E2;0.0;1.0;45.0;BNHS_0626
BN-80Taille1WTrR8;0.0;1.0;35.0;BNHS_0626
BN-80TrWF426;0.0;1.0;35.0;BNHS_0626
BN-80TrEF90;0.0;1.0;15.0;BNHS_0626
BN-80Taille1W5R107;0.0;1.0;34.0;BNHS_0626
BN-80Taille1WTrR30;0.0;1.0;40.0;BNHS_0626
BN-80Taille1C8R33;0.0;1.0;25.0;BNHS_0626
BN-40Taille02T5FR2;0.0;1.0;44.0;BNHS_0626
BN-120TrRcp2St2ER46;0.0;1.0;35.0;BNHS_0626
BN-80Taille1W10R25;0.0;1.0;45.0;BNHS_0626
BN-120TrRcp2St2ER16;0.0;1.0;35.0;BNHS_0626
BN-40Taille04T5R12;0.0;1.0;45.0;BNHS_0626
BNO-PL07;150.0;1.0;86.05;BNHS_0626
BNO-PL07;153.0;1.0;85.88;BNHS_0626
BNO-PL07;156.0;1.0;85.88;BNHS_0626
BN-80TrWF146;0.0;1.0;47.0;BNHS_0626
BN-80TrEF24;0.0;1.0;15.0;BNHS_0626
BN-80Taille1WBis2R25;0.0;1.0;10.0;BNHS_0626
BN-80TrEF80;0.0;1.0;10.0;BNHS_0626
BNO-PL07;135.0;1.0;85.96;BNHS_0626
BN-80TrWF178;0.0;1.0;45.0;BNHS_0626
BN-80Taille02T5R23;0.0;1.0;44.0;BNHS_0626
BNO-26-PL09;213.0;1.0;86.19;BNHS_0626
BN-40TrP5WF192;0.0;1.0;42.0;BNHS_0626
BNO-26-PL13 Bis1;114.0;1.0;76.82;BNHS_0626
BN-40Taille04T5R20;0.0;1.0;40.0;BNHS_0626
BN-40TailleFoST3R12;0.0;1.0;30.0;BNHS_0626
BN-80TrWF243;0.0;1.0;45.0;BNHS_0626
BN-80Taille1WTrR48;0.0;1.0;40.0;BNHS_0626
BN-80Taille1W4R68;0.0;1.0;16.0;BNHS_0626
BN-80Taille1WTrR47;0.0;1.0;40.0;BNHS_0626
BNO-26-PL13 Bis1;108.0;1.0;76.41;BNHS_0626
BN-80Rcp284PW;0.0;1.0;0.0;BNHS_0626
BN-80Taille1W7R61;0.0;1.0;45.0;BNHS_0626
BNO-PL07;126.0;1.0;85.99;BNHS_0626
BNO-PL07;159.0;1.0;85.88;BNHS_0626
BN-80Taille1W14R19;0.0;1.0;7.0;BNHS_0626
BNO-26-PL09;186.0;1.0;86.13;BNHS_0626
BN-40TrP5WF168;0.0;1.0;45.0;BNHS_0626
BN-40TrP5WF196;0.0;1.0;42.0;BNHS_0626
BN-80TrW3GF7;0.0;1.0;18.0;BNHS_0626
BN-80TrWF6;0.0;1.0;10.0;BNHS_0626
BNO-26-PL14;120.0;1.0;81.55;BNHS_0626
BN-80Taille1W14R17;0.0;1.0;7.0;BNHS_0626
BN-40TrP5WF230;0.0;1.0;45.0;BNHS_0626
BN-80TrWF314;0.0;1.0;40.0;BNHS_0626
BN-80Taille01T3R23;0.0;1.0;38.0;BNHS_0626
BN-80Taille01DecR44;0.0;1.0;32.0;BNHS_0626
BNO-26-PL14;111.0;1.0;81.58;BNHS_0626
BN-80Taille1WTrR49;0.0;1.0;40.0;BNHS_0626
BN-80TrWF262;0.0;1.0;38.0;BNHS_0626
BN-80Taille01T3R15;0.0;1.0;35.0;BNHS_0626
BNO-26-PL15 Bis;100.0;1.0;86.64;BNHS_0626
BNO-26-PL14;117.0;1.0;81.52;BNHS_0626
BN-80TrEF32;0.0;1.0;18.0;BNHS_0626
BN-120TrRcp2St2ER55;0.0;1.0;15.0;BNHS_0626
BN-80Taille1WBis2R30;0.0;1.0;10.0;BNHS_0626
BN-80Taille1W14R18;0.0;1.0;7.0;BNHS_0626
BN-80Taille02T5R20;0.0;1.0;44.0;BNHS_0626
BN-80TrEF79;0.0;1.0;10.0;BNHS_0626
BN210;100.0;1.0;73.11;BNHS_0626
BN-80TrWF155;0.0;1.0;45.0;BNHS_0626
BN-80TrWF282;0.0;1.0;40.0;BNHS_0626
BN-80TrWF69;0.0;1.0;12.0;BNHS_0626
BN-40TrP5WF167;0.0;1.0;45.0;BNHS_0626
BN-40Taille02T5FR1;0.0;1.0;44.0;BNHS_0626
BN-40TrP5WF199;0.0;1.0;42.0;BNHS_0626
BN-40TrP5WF194;0.0;1.0;40.0;BNHS_0626
BN-40TrP5WF190;0.0;1.0;39.0;BNHS_0626
BN-120TrRcp2St2ER27;0.0;1.0;35.0;BNHS_0626
BN-40Taille02T3R10;0.0;1.0;34.0;BNHS_0626
BN-80Taille1W14R30;0.0;1.0;5.0;BNHS_0626
BN-80TrWF136;0.0;1.0;45.0;BNHS_0626
BN-80Taille1WBis2R9;0.0;1.0;10.0;BNHS_0626
BN-80TrWF29;0.0;1.0;10.0;BNHS_0626
BNO-26-PL09;195.0;1.0;86.16;BNHS_0626
BNO-PL07;177.0;1.0;85.81;BNHS_0626
BNO-26-PL14;121.0;1.0;81.59;BNHS_0626
BNO-PL07;129.0;1.0;86.0;BNHS_0626
BNO-26-PL14;114.0;1.0;81.52;BNHS_0626
BN-80TrWF139;0.0;1.0;45.0;BNHS_0626
BN-100TailleSt1W1R3;0.0;1.0;40.0;BNHS_0626
BN-80Taille1WTrR17;0.0;1.0;40.0;BNHS_0626
BN-100TrSt3WR15;0.0;1.0;30.0;BNHS_0626
BN-80TrEF31;0.0;1.0;20.0;BNHS_0626
BNO-PL07;138.0;1.0;86.0;BNHS_0626
BNO-PL07;120.0;1.0;85.98;BNHS_0626
BN-80TrWF4;0.0;1.0;10.0;BNHS_0626
BN-80TrEF95;0.0;1.0;12.0;BNHS_0626
BN-80TrEF82;0.0;1.0;16.0;BNHS_0626
BNO-26-PL13 Bis1;150.0;1.0;77.04;BNHS_0626
BNO-26-PL13 Bis1;117.0;1.0;76.85;BNHS_0626
BNO-26-PL13 Bis1;156.0;1.0;76.54;BNHS_0626
BN-80TrW3GF12;0.0;1.0;18.0;BNHS_0626
BN-80TrEF34;0.0;1.0;14.0;BNHS_0626
BN-40TrP5WF227;0.0;1.0;45.0;BNHS_0626
BN-80Taille1WBis2R26;0.0;1.0;10.0;BNHS_0626
BN-80TrWF124;0.0;1.0;35.0;BNHS_0626
BN-80TrWF372;0.0;1.0;27.0;BNHS_0626
BNO-PL07;111.0;1.0;85.85;BNHS_0626
BN-80Taille1WTrR33;0.0;1.0;40.0;BNHS_0626
BN-80TrEF29;0.0;1.0;20.0;BNHS_0626
BN-80TrWF111;0.0;1.0;28.0;BNHS_0626
BN-80Taille02DecR79;0.0;1.0;45.0;BNHS_0626
BN-40Taille02T3R9;0.0;1.0;42.0;BNHS_0626
BN-80TrWF261;0.0;1.0;40.0;BNHS_0626
BN-120TrRcp2St2ER33;0.0;1.0;35.0;BNHS_0626
BN-80Taille1WBis2R13;0.0;1.0;10.0;BNHS_0626
BN-80Taille1WBis2R4;0.0;1.0;10.0;BNHS_0626
BN-80Taille1WBis2R5;0.0;1.0;10.0;BNHS_0626
BNO-26-PL13 Bis1;120.0;1.0;76.85;BNHS_0626
BN-80TrEF22;0.0;1.0;10.0;BNHS_0626
BNF67;0.0;2.0;70.0;BNHS_0626
BNF45;0.0;2.0;60.0;BNHS_0626
BN-40TrP5WF138;0.0;2.0;48.0;BNHS_0626
BN-40TrEG1;0.0;2.0;45.0;BNHS_0626
BN-40TrP5WF253;0.0;2.0;45.0;BNHS_0626
BN-80TrTaille01B4F10;0.0;2.0;45.0;BNHS_0626
BN-80TrTaille01B4F11;0.0;2.0;45.0;BNHS_0626
BN-80TrTaille01B4F12;0.0;2.0;45.0;BNHS_0626
BN-80TrTaille01B4F13;0.0;2.0;45.0;BNHS_0626
BN-80TrTaille01B4F14;0.0;2.0;45.0;BNHS_0626
BN-80TrTaille01B4F2;0.0;2.0;45.0;BNHS_0626
BN-80TrTaille01B4F3;0.0;2.0;45.0;BNHS_0626
BN-80TrTaille01B4F4;0.0;2.0;45.0;BNHS_0626
BN-80TrTaille01B4F7;0.0;2.0;45.0;BNHS_0626
BN-80TrTaille01B4F8;0.0;2.0;45.0;BNHS_0626
BN-80TrTaille01B4F9;0.0;2.0;45.0;BNHS_0626
BN-88ChTrE14E1;0.0;2.0;45.0;BNHS_0626
BN-88ChTrE14E3;0.0;2.0;45.0;BNHS_0626
BN-40TrP5WF100;0.0;2.0;38.0;BNHS_0626
BN-40TrP5WF101;0.0;2.0;38.0;BNHS_0626
BN-40TrP5WF107;0.0;2.0;38.0;BNHS_0626
BN-40TrP5WF102;0.0;2.0;37.0;BNHS_0626
BN-40TrP5WF103;0.0;2.0;37.0;BNHS_0626
BN-40TrP5WF104;0.0;2.0;35.0;BNHS_0626
BN-40TrP5WF105;0.0;2.0;35.0;BNHS_0626
BN-40TrTaille1CFR50;0.0;2.0;35.0;BNHS_0626
BN-40TrTaille1CFR75;0.0;2.0;35.0;BNHS_0626
BN-40TrER37F26;0.0;2.0;33.0;BNHS_0626
BN-40TrER37F5;0.0;2.0;33.0;BNHS_0626
BN-40TrER37F9;0.0;2.0;33.0;BNHS_0626
BN-40TrP5WF106;0.0;2.0;32.0;BNHS_0626
BN-80TrFPEF20;0.0;2.0;32.0;BNHS_0626
BN-80TrFPEF22;0.0;2.0;32.0;BNHS_0626
BN-80TrFPEF23;0.0;2.0;32.0;BNHS_0626
BN-80TrFPEF28;0.0;2.0;32.0;BNHS_0626
BN-80TrFPEF29;0.0;2.0;32.0;BNHS_0626
BN-80TrFPEF32;0.0;2.0;32.0;BNHS_0626
BN-80TrFPEF33;0.0;2.0;32.0;BNHS_0626
BN-140TailleSt3W1R15;0.0;2.0;30.0;BNHS_0626
BN-140TailleSt3W1R17;0.0;2.0;30.0;BNHS_0626
BN-140TailleSt3W1R18;0.0;2.0;30.0;BNHS_0626
BN-140TailleSt3W1R19;0.0;2.0;30.0;BNHS_0626
BN-140TailleSt3W1R20;0.0;2.0;30.0;BNHS_0626
BN-140TailleSt3W1R21;0.0;2.0;30.0;BNHS_0626
BN-140TrSt4EFR18;0.0;2.0;29.0;BNHS_0626
BN-40TrP5EF38;0.0;2.0;27.0;BNHS_0626
BN-40Tr1CSPEWFR11;0.0;2.0;27.0;BNHS_0626
BN-140TrSt2Rcp4WFR14;0.0;2.0;25.0;BNHS_0626
BN-80TrEF96;0.0;2.0;14.0;BNHS_0626
BN-80TrE2F1;0.0;2.0;0.0;BNHS_0626
BN-80TrE2F7;0.0;2.0;0.0;BNHS_0626
BN-80TrW2F32;0.0;2.0;0.0;BNHS_0626
BN-80TrW2F36;0.0;2.0;0.0;BNHS_0626
BN-80TrW2F6;0.0;2.0;0.0;BNHS_0626
BNO-PL07;174.0;2.0;85.75;BNHS_0626
BN-80TrWF365;0.0;2.0;22.0;BNHS_0626
BN-120TrRcp2St2ER15;0.0;2.0;35.0;BNHS_0626
BN-80Taille1WBis2R2;0.0;2.0;10.0;BNHS_0626
BNO-26-PL09;165.0;2.0;86.15;BNHS_0626
BN-80Taille1WTrR14;0.0;2.0;40.0;BNHS_0626
BN-80Taille1W8R94;0.0;2.0;42.0;BNHS_0626
BN-40TrP5WF3;0.0;2.0;36.0;BNHS_0626
BN-40Rcp103;0.0;2.0;0.0;BNHS_0626
BN-80Taille1WBis2R11;0.0;2.0;10.0;BNHS_0626
BN-120TrRcp2St2ER36;0.0;2.0;35.0;BNHS_0626
BN-120TrRcp2St2ER56;0.0;2.0;15.0;BNHS_0626
BN-80Taille01T4R27;0.0;2.0;40.0;BNHS_0626
BN-80Taille01T4R28;0.0;2.0;40.0;BNHS_0626
BN-80Taille01T4R29;0.0;2.0;40.0;BNHS_0626
BN-80Taille01T4R30;0.0;2.0;40.0;BNHS_0626
BN-80TrWF125;0.0;2.0;35.0;BNHS_0626
BN-80TrEF14;0.0;2.0;12.0;BNHS_0626
BN-80Taille1WBis2R6;0.0;2.0;10.0;BNHS_0626
BN-80TrEF86;0.0;2.0;32.0;BNHS_0626
BNO-26-PL13 Bis1;147.0;2.0;76.96;BNHS_0626
BNO-26-PL13 Bis1;153.0;2.0;76.89;BNHS_0626
BN-80Taille1W7R50;0.0;2.0;45.0;BNHS_0626
BN-40Taille1W2R42;0.0;2.0;38.0;BNHS_0626
BN-40TrP5WF183;0.0;2.0;47.0;BNHS_0626
BN-40TrP5WF320;0.0;2.0;45.0;BNHS_0626
BN-80TrWF359;0.0;2.0;3.0;BNHS_0626
BNO-PL07;162.0;2.0;85.93;BNHS_0626
BN-80Taille1WTrR37;0.0;2.0;40.0;BNHS_0626
BNO-26-PL13 Bis1;111.0;2.0;76.6;BNHS_0626
BNO-PL07;165.0;2.0;85.91;BNHS_0626
BN-40TrP5WF96;0.0;2.0;45.0;BNHS_0626
BN-40TrP5WF6;0.0;2.0;36.0;BNHS_0626
BNO-PL07;132.0;2.0;85.97;BNHS_0626
BNO-PL07;180.0;2.0;85.72;BNHS_0626
BN-80Taille1W11R8;0.0;2.0;45.0;BNHS_0626
BN-80TrWF122;0.0;2.0;35.0;BNHS_0626
BN-40TrP5WF302;0.0;2.0;25.0;BNHS_0626
BN-80Taille1W8R95;0.0;2.0;42.0;BNHS_0626
BN-80Taille1WTrR44;0.0;2.0;40.0;BNHS_0626
BN-80Taille1WBis2R3;0.0;2.0;10.0;BNHS_0626
BNO-26-PL13 Bis1;138.0;2.0;76.87;BNHS_0626
BN-100TrSt1ER12;0.0;2.0;38.0;BNHS_0626
BN-80Taille1WTrR15;0.0;2.0;40.0;BNHS_0626
BN-100TrSt1ER13;0.0;2.0;38.0;BNHS_0626
BN-80Taille1W5R25;0.0;2.0;25.0;BNHS_0626
BN-80Taille1WBis2R1;0.0;2.0;10.0;BNHS_0626
BN-80TrWF367;0.0;2.0;30.0;BNHS_0626
BN-80Taille1WTrR38;0.0;2.0;40.0;BNHS_0626
BN-120TrRcp2St1R38;0.0;2.0;22.0;BNHS_0626
BN-80Taille1WTrR32;0.0;2.0;40.0;BNHS_0626
BN-120TrRcp2St2ER7;0.0;2.0;35.0;BNHS_0626
BN-120TrRcp2St2ER37;0.0;2.0;35.0;BNHS_0626
BNO-PL07;168.0;2.0;85.86;BNHS_0626
BN-80Taille1W7R45;0.0;2.0;40.0;BNHS_0626
BNO-PL07;114.0;2.0;85.77;BNHS_0626
BN-80TrWF73;0.0;2.0;12.0;BNHS_0626
BN-80TrWF360;0.0;2.0;5.0;BNHS_0626
BN-40TrP5WF131;0.0;2.0;45.0;BNHS_0626
BN-40TrP5WF68;0.0;2.0;36.0;BNHS_0626
BN-80Taille1WTrR45;0.0;2.0;40.0;BNHS_0626
BNO-PL07;171.0;2.0;85.76;BNHS_0626
BN-80TrEF26;0.0;2.0;20.0;BNHS_0626
BN-120TrRcp2St2ER78;0.0;2.0;22.0;BNHS_0626
BNO-26-PL13 Bis1;144.0;2.0;76.92;BNHS_0626
BN-40Taille1W2R46;0.0;2.0;38.0;BNHS_0626
BN-40Taille02T5FR11;0.0;2.0;45.0;BNHS_0626
BN-80Taille1W5R105;0.0;2.0;34.0;BNHS_0626
BN-120TrRcp2St2ER8;0.0;2.0;35.0;BNHS_0626
BNO-PL07;117.0;2.0;85.87;BNHS_0626
BN-80TrWF117;0.0;2.0;30.0;BNHS_0626
BNO-26-PL13 Bis1;141.0;2.0;76.92;BNHS_0626
BN-80TrEF27;0.0;2.0;20.0;BNHS_0626
BN-80TrEF97;0.0;2.0;15.0;BNHS_0626
BN-80Taille01T2R24;0.0;2.0;42.0;BNHS_0626
BN-80TrWF128;0.0;2.0;40.0;BNHS_0626
BN-100TrSt1ER14;0.0;2.0;38.0;BNHS_0626
BNO-26-PL13 Bis1;50.0;2.0;75.3;BNHS_0626
BN-40Taille02T5FR15;0.0;2.0;45.0;BNHS_0626
BN-40TrP5WF156;0.0;2.0;41.0;BNHS_0626
BN-40TrP5WF74;0.0;2.0;36.0;BNHS_0626
BN-80TrEF78;0.0;2.0;14.0;BNHS_0626
BN-80TrWF141;0.0;2.0;45.0;BNHS_0626
BN-40TrP5WF229;0.0;2.0;42.0;BNHS_0626
BN-80Taille02T5R18;0.0;2.0;44.0;BNHS_0626
BN-40Taille02T5FR14;0.0;2.0;45.0;BNHS_0626
BN-120TrRcp2St2ER34;0.0;2.0;35.0;BNHS_0626
BN-80TrEF77;0.0;2.0;15.0;BNHS_0626
BN-80TrWF135;0.0;2.0;40.0;BNHS_0626
BN-80Taille1W17R34;0.0;2.0;30.0;BNHS_0626
BN-88ChTrE4E2;0.0;2.0;53.0;BNHS_0626
BN-88ChTrE4E3;0.0;2.0;53.0;BNHS_0626
BNCis20;0.0;10.0;80.0;BNHS_0626
BN-80Taille1W7R58;0.0;2.0;45.0;BNHS_0626
BN-130TrFR1;0.0;2.0;35.0;BNHS_0626
BN-130TrFR2;0.0;2.0;35.0;BNHS_0626
BN-130TrFR3;0.0;2.0;35.0;BNHS_0626
BN-130TrFR4;0.0;2.0;35.0;BNHS_0626
BN-130TrFR5;0.0;2.0;35.0;BNHS_0626
BN-130TrFR6;0.0;2.0;35.0;BNHS_0626
BN-130TrFR7;0.0;2.0;35.0;BNHS_0626
BN-130TrFR8;0.0;2.0;35.0;BNHS_0626
BNO-26-PL13 Bis1;123.0;2.0;76.87;BNHS_0626
BNO-26-PL15;50.0;2.0;74.28;BNHS_0626
BN-40Taille02T5FR13;0.0;2.0;45.0;BNHS_0626
BN-80TrEF76;0.0;2.0;10.0;BNHS_0626
BNO-PL07;183.0;2.0;85.64;BNHS_0626
BN-120TrSt3ER5;0.0;2.0;30.0;BNHS_0626
BN-80TrWF357;0.0;2.0;3.0;BNHS_0626
BNO-PL07;189.0;2.0;85.74;BNHS_0626
BN210;139.0;2.0;73.57;BNHS_0626
BN-80Taille1WTrR36;0.0;2.0;40.0;BNHS_0626
BN-120TrRcp2St2ER77;0.0;2.0;22.0;BNHS_0626
BN-80Taille1WTrR35;0.0;2.0;40.0;BNHS_0626
BN-80Taille02T5R19;0.0;2.0;44.0;BNHS_0626
BN-100TailleSt1W1R1;0.0;2.0;40.0;BNHS_0626
BN-100TailleSt1W1R2;0.0;2.0;40.0;BNHS_0626
BN-120TrSt3ER0;0.0;2.0;30.0;BNHS_0626
BN-80Taille1W5R106;0.0;2.0;34.0;BNHS_0626
BNO-PL07;186.0;3.0;85.73;BNHS_0626
BNO-26-PL13 Bis1;135.0;3.0;76.87;BNHS_0626
BN-40TrER39F1;0.0;3.0;45.0;BNHS_0626
BN-40TrP5WF132;0.0;3.0;45.0;BNHS_0626
BN-40TrP5WF157;0.0;3.0;45.0;BNHS_0626
BN-80TrWF172;0.0;3.0;45.0;BNHS_0626
BN-40TrP5WF197;0.0;3.0;42.0;BNHS_0626
BN-40TrTaille1CFR74;0.0;3.0;35.0;BNHS_0626
BN-40TrER37F25;0.0;3.0;33.0;BNHS_0626
BN-40TrER37F27;0.0;3.0;33.0;BNHS_0626
BN-40TrER37F4;0.0;3.0;33.0;BNHS_0626
BN-80TrFOWF25;0.0;3.0;33.0;BNHS_0626
BN-80TrFOWF4;0.0;3.0;33.0;BNHS_0626
BN-80TrFOWF6;0.0;3.0;33.0;BNHS_0626
BN-80TrFOWF8;0.0;3.0;33.0;BNHS_0626
BN-140TrSt4EFR17;0.0;3.0;28.0;BNHS_0626
BN-40TrP5EF40;0.0;3.0;27.0;BNHS_0626
BN-140TrSt2Rcp4WFR15;0.0;3.0;25.0;BNHS_0626
BN-120TailleS2T7R8;0.0;3.0;23.5;BNHS_0626
BN-120TailleS2T7R9;0.0;3.0;23.5;BNHS_0626
BN-120TailleS2T7R10;0.0;3.0;23.5;BNHS_0626
BN-120TailleS2T7R11;0.0;3.0;23.5;BNHS_0626
BN-120TailleS2T7R12;0.0;3.0;23.5;BNHS_0626
BN-120TailleS2T7R13;0.0;3.0;23.5;BNHS_0626
BN-120TailleS2T7R14;0.0;3.0;23.5;BNHS_0626
BN-120TailleS2T7R15;0.0;3.0;23.5;BNHS_0626
BN-120TailleS2T7FR16;0.0;3.0;23.5;BNHS_0626
BN-120TailleS2T7FR17;0.0;3.0;23.5;BNHS_0626
BN-120TailleS2T7R1;0.0;3.0;13.5;BNHS_0626
BN-120TailleS2T7R2;0.0;3.0;13.5;BNHS_0626
BN-120TailleS2T7R3;0.0;3.0;13.5;BNHS_0626
BN-120TailleS2T7R4;0.0;3.0;13.5;BNHS_0626
BN-120TailleS2T7R5;0.0;3.0;13.5;BNHS_0626
BN-120TailleS2T7R6;0.0;3.0;13.5;BNHS_0626
BN-120TailleS2T7R7;0.0;3.0;13.5;BNHS_0626
BN-120TailleS2T7FR18;0.0;3.0;12.5;BNHS_0626
BN-120TailleS2T7FR19;0.0;3.0;12.5;BNHS_0626
BN-120TailleS2T7FR20;0.0;3.0;12.5;BNHS_0626
BN-120TailleS2T7FR21;0.0;3.0;12.5;BNHS_0626
BN-120TailleS2T7FR22;0.0;3.0;12.5;BNHS_0626
BN-120TailleS2T7FR23;0.0;3.0;12.5;BNHS_0626
BN-120TailleS2T7FR24;0.0;3.0;12.5;BNHS_0626
BN-120TailleS2T7FR25;0.0;3.0;12.5;BNHS_0626
BN-120TailleS2T7FR26;0.0;3.0;12.5;BNHS_0626
BN-80TrW2F43;0.0;3.0;0.0;BNHS_0626
BN-80TrEF25;0.0;3.0;15.0;BNHS_0626
BNO-26-PL15 Bis;50.0;3.0;86.03;BNHS_0626
BN-40Taille02T5R1;0.0;3.0;43.0;BNHS_0626
BN-80Taille1WBis2R14;0.0;3.0;10.0;BNHS_0626
BN-80TrEF94;0.0;3.0;12.0;BNHS_0626
BN-120TrRcp2St2ER9;0.0;3.0;35.0;BNHS_0626
BN-80Taille02DecR74;0.0;3.0;45.0;BNHS_0626
BNO-PL07;192.0;3.0;85.69;BNHS_0626
BN-130TrFR11;0.0;3.0;38.0;BNHS_0626
BN-130TrFR13;0.0;3.0;38.0;BNHS_0626
BN-130TrFR14;0.0;3.0;38.0;BNHS_0626
BN-130TrFR16;0.0;3.0;38.0;BNHS_0626
BN-130TrFR10;0.0;3.0;35.0;BNHS_0626
BN-130TrFR9;0.0;3.0;35.0;BNHS_0626
BN-80Taille1WTrR16;0.0;3.0;40.0;BNHS_0626
BN-120TrRcp2St2ER14;0.0;3.0;35.0;BNHS_0626
BN-80TrWF151;0.0;3.0;45.0;BNHS_0626
BN-120TrRcp2St1R39;0.0;3.0;22.0;BNHS_0626
BN-80Taille1W4R69;0.0;3.0;16.0;BNHS_0626
BN-40TrP5WF124;0.0;3.0;50.0;BNHS_0626
BN-40TrP5WF185;0.0;3.0;47.0;BNHS_0626
BNO-26-PL13 Bis1;126.0;3.0;76.94;BNHS_0626
BNO-PL07;210.0;3.0;85.65;BNHS_0626
BN-40Taille03Tr2R71;0.0;3.0;45.0;BNHS_0626
BNO-26-PL13 Bis1;129.0;3.0;76.92;BNHS_0626
BNO-26-PL13 Bis1;132.0;3.0;76.88;BNHS_0626
BN-40TrP5WF187;0.0;3.0;42.0;BNHS_0626
BN-120TrSt3ER6;0.0;3.0;20.0;BNHS_0626
BN-80TrWF28;0.0;3.0;16.0;BNHS_0626
BN-80TrWF348;0.0;3.0;10.0;BNHS_0626
BN-40TrP5WF231;0.0;3.0;45.0;BNHS_0626
BN-40Taille02T5R4;0.0;3.0;43.0;BNHS_0626
BN-80TrWF67;0.0;3.0;10.0;BNHS_0626
BN-80TrWF333;0.0;3.0;35.0;BNHS_0626
BN-80Taille1W5R104;0.0;3.0;25.0;BNHS_0626
BN-120TrRcp2St1R43;0.0;3.0;22.0;BNHS_0626
BN-80Taille1W4R80;0.0;3.0;34.0;BNHS_0626
BN-80Taille01T4R6;0.0;3.0;40.0;BNHS_0626
BN-80Taille01T4R7;0.0;3.0;40.0;BNHS_0626
BN-80Taille01T4R8;0.0;3.0;40.0;BNHS_0626
BN-80Taille01T4R9;0.0;3.0;40.0;BNHS_0626
BN-120TrRcp2St2ER76;0.0;3.0;22.0;BNHS_0626
BN-120TrRcp2St1R44;0.0;3.0;22.0;BNHS_0626
BN-40Taille02T5R2;0.0;3.0;43.0;BNHS_0626
BN-80Taille1WTrR34;0.0;3.0;40.0;BNHS_0626
BN-80Taille1W4R77;0.0;3.0;34.0;BNHS_0626
BN-40TailleFoST3R7;0.0;3.0;30.0;BNHS_0626
BN-80TrWF27;0.0;3.0;14.0;BNHS_0626
BN-40TrP5WF161;0.0;3.0;45.0;BNHS_0626
BN-40TrP5WF92;0.0;3.0;45.0;BNHS_0626
BN-40TrP5WF91;0.0;3.0;35.0;BNHS_0626
BNO-PL07;195.0;3.0;85.71;BNHS_0626
BN-80Taille1W8R99;0.0;3.0;42.0;BNHS_0626
BN-120TrSt3ER3;0.0;3.0;30.0;BNHS_0626
BN-40Taille02T5FR12;0.0;3.0;45.0;BNHS_0626
BN-80TrWF171;0.0;3.0;45.0;BNHS_0626
BN-80TrWF175;0.0;3.0;45.0;BNHS_0626
BN-80Taille1W11R44;0.0;3.0;40.0;BNHS_0626
BN-80Taille1W17R30;0.0;3.0;30.0;BNHS_0626
BN-80Taille02DecR73;0.0;3.0;45.0;BNHS_0626
BN-40TrP5WF331;0.0;3.0;22.0;BNHS_0626
BN-80TrWF93;0.0;3.0;8.0;BNHS_0626
BNO-PL07;207.0;3.0;85.64;BNHS_0626
BN-80Taille1W10R7;0.0;3.0;40.0;BNHS_0626
BN-80Taille01T3R13;0.0;3.0;35.0;BNHS_0626
BN-40TrP5WF125;0.0;3.0;30.0;BNHS_0626
BN-120TrSt3ER4;0.0;3.0;20.0;BNHS_0626
BN-80TrWF352;0.0;3.0;5.0;BNHS_0626
BNO-PL07;204.0;3.0;85.68;BNHS_0626
BN-120TrRcp2St2ER10;0.0;3.0;35.0;BNHS_0626
BN-100TrSt3ER49;0.0;3.0;15.0;BNHS_0626
BN-80Taille01T5R5;0.0;3.0;40.0;BNHS_0626
BN-120TrRcp2St1R40;0.0;3.0;22.0;BNHS_0626
BN-40TrP5WF236;0.0;3.0;48.0;BNHS_0626
BN-80Taille1C10R52;0.0;3.0;28.0;BNHS_0626
BN-80TrWF148;0.0;3.0;45.0;BNHS_0626
BN-100TrSt3ER27;0.0;3.0;13.0;BNHS_0626
BN-100TrSt3ER28;0.0;3.0;13.0;BNHS_0626
BN-80Taille02DecR77;0.0;3.0;45.0;BNHS_0626
BN-120TrRcp2St2ER13;0.0;3.0;35.0;BNHS_0626
BN-80TrWF366;0.0;3.0;30.0;BNHS_0626
BN-80Taille1WBis2R12;0.0;3.0;10.0;BNHS_0626
BNO-PL07;198.0;3.0;85.68;BNHS_0626
BN-40TrP5WF75;0.0;3.0;36.0;BNHS_0626
BN-120TrRcp2St1R45;0.0;3.0;22.0;BNHS_0626
BN-120TrRcp2St1R46;0.0;3.0;22.0;BNHS_0626
BN-80Taille1WTrR7;0.0;3.0;35.0;BNHS_0626
BN-80TrWF22;0.0;3.0;12.0;BNHS_0626
BN-40TailleFoST3R1;0.0;3.0;30.0;BNHS_0626
BN-120TrSt3ER1;0.0;3.0;30.0;BNHS_0626
BN-40TrP5WF82;0.0;4.0;44.0;BNHS_0626
BN-80Taille01T7R121;0.0;4.0;43.0;BNHS_0626
BN-40TrTaille1CFR51;0.0;4.0;35.0;BNHS_0626
BN-40TrTaille1CFR73;0.0;4.0;35.0;BNHS_0626
BN-70FoTrEFR19;0.0;4.0;33.0;BNHS_0626
BN-70FoTrEFR20;0.0;4.0;33.0;BNHS_0626
BN-80TrFOWF16;0.0;4.0;33.0;BNHS_0626
BN-80TrFOWF3;0.0;4.0;33.0;BNHS_0626
BN-80TrFOWF9;0.0;4.0;33.0;BNHS_0626
BN-140TrSt4EFR16;0.0;4.0;27.0;BNHS_0626
BN-40TrP5EF19;0.0;4.0;27.0;BNHS_0626
BN-40TrP5EF42;0.0;4.0;27.0;BNHS_0626
BN-40TrP5EF56;0.0;4.0;27.0;BNHS_0626
BN-40Tr1CSPEWFR12;0.0;4.0;27.0;BNHS_0626
BN-140TrSt2Rcp4WFR16;0.0;4.0;25.0;BNHS_0626
BN-40Rcp224PW;0.0;4.0;0.0;BNHS_0626
BN-80TrE1F15;0.0;4.0;0.0;BNHS_0626
BN-80TrE1F5;0.0;4.0;0.0;BNHS_0626
BN-80TrE2F12;0.0;4.0;0.0;BNHS_0626
BN-120TrRcp2St1R37;0.0;4.0;22.0;BNHS_0626
BN-80TrWF180;0.0;4.0;40.0;BNHS_0626
BN-80Taille1W4R79;0.0;4.0;34.0;BNHS_0626
BN-40Taille1W1R1;0.0;4.0;30.0;BNHS_0626
BN-40Taille1W5R27;0.0;4.0;50.0;BNHS_0626
BN-80Taille1W5R103;0.0;4.0;25.0;BNHS_0626
BN-40Taille1W5R28;0.0;4.0;45.0;BNHS_0626
BN-80TrWF23;0.0;4.0;11.0;BNHS_0626
BN-80TrWF371;0.0;4.0;30.0;BNHS_0626
BN-40TrP5WF158;0.0;4.0;45.0;BNHS_0626
BN-80Taille01T3R17;0.0;4.0;35.0;BNHS_0626
BN-120TrRcp2St1R41;0.0;4.0;22.0;BNHS_0626
BN-120TrRcp2St1R42;0.0;4.0;22.0;BNHS_0626
BN-40TrP5WF228;0.0;4.0;45.0;BNHS_0626
BN-40Taille1W5R34;0.0;4.0;40.0;BNHS_0626
BN-40TrP5WF27;0.0;4.0;36.0;BNHS_0626
BN-40TrP5WF65;0.0;4.0;36.0;BNHS_0626
BN-80TrWF19;0.0;4.0;10.0;BNHS_0626
BN-80TrWF349;0.0;4.0;10.0;BNHS_0626
BN-80TrWF24;0.0;4.0;10.0;BNHS_0626
BN-80Taille02DecR75;0.0;4.0;45.0;BNHS_0626
BN-120TrRcp2St2ER11;0.0;4.0;35.0;BNHS_0626
BN-40Taille02T5R3;0.0;4.0;43.0;BNHS_0626
BN-80Taille1W9R78;0.0;4.0;30.0;BNHS_0626
BN-40Taille1W5R33;0.0;4.0;45.0;BNHS_0626
BN-40TrP5WF16;0.0;4.0;36.0;BNHS_0626
BN-40TrP5WF17;0.0;4.0;36.0;BNHS_0626
BN-40TrP5WF20;0.0;4.0;36.0;BNHS_0626
BN-40TrP5WF21;0.0;4.0;36.0;BNHS_0626
BN-40TrP5WF23;0.0;4.0;36.0;BNHS_0626
BN-40TrP5WF24;0.0;4.0;36.0;BNHS_0626
BN-40TrP5WF26;0.0;4.0;36.0;BNHS_0626
BN-40TrP5WF9;0.0;4.0;36.0;BNHS_0626
BN-40TrP5WF321;0.0;4.0;35.0;BNHS_0626
BN-80Taille1W17R31;0.0;4.0;30.0;BNHS_0626
BN-80Taille1C10R60;0.0;4.0;28.0;BNHS_0626
BN-120TrRcp2St2ER32;0.0;4.0;35.0;BNHS_0626
BN-40Taille02T3R17;0.0;4.0;45.0;BNHS_0626
BN-80Taille1W9R83;0.0;4.0;30.0;BNHS_0626
BN-80Taille1W5R102;0.0;4.0;45.0;BNHS_0626
BN-80Taille1W17R32;0.0;4.0;30.0;BNHS_0626
BN-80Taille1W9R84;0.0;4.0;30.0;BNHS_0626
BNO-PL07;201.0;4.0;85.69;BNHS_0626
BN-100TailleSt14FR15;0.0;4.0;42.0;BNHS_0626
BN-100TailleSt14FR17;0.0;4.0;42.0;BNHS_0626
BN-100TailleSt14FR18;0.0;4.0;42.0;BNHS_0626
BN-100TailleSt14FR19;0.0;4.0;42.0;BNHS_0626
BN-100TailleSt14FR20;0.0;4.0;42.0;BNHS_0626
BN-40TrP5WF73;0.0;4.0;36.0;BNHS_0626
BN-120TrRcp2St2ER12;0.0;4.0;35.0;BNHS_0626
BN-80Taille1W17R33;0.0;4.0;30.0;BNHS_0626
BN-80Taille1W5R101;0.0;4.0;45.0;BNHS_0626
BN-80Taille1WBis2R15;0.0;4.0;10.0;BNHS_0626
BN-120TrRcp2St2ER75;0.0;4.0;22.0;BNHS_0626
BN-40TrP5WF93;0.0;4.0;40.0;BNHS_0626
BN-40TrP5WF11;0.0;4.0;36.0;BNHS_0626
BN-80Taille1WBis2R16;0.0;4.0;10.0;BNHS_0626
BN-80Taille1W7R47;0.0;4.0;50.0;BNHS_0626
BNO-PL07;213.0;4.0;85.71;BNHS_0626
BN-40TrP5WF264;0.0;4.0;42.0;BNHS_0626
BN-120TrRcp2St2ER31;0.0;4.0;35.0;BNHS_0626
BN-80Taille1W8R82;0.0;4.0;50.0;BNHS_0626
BN-80Taille1W9R77;0.0;4.0;30.0;BNHS_0626
BN-40Taille1W5R26;0.0;4.0;50.0;BNHS_0626
BN-80Taille01T4R11;0.0;4.0;40.0;BNHS_0626
BN-80Taille01T4R12;0.0;4.0;40.0;BNHS_0626
BN-80Taille01T4R13;0.0;4.0;40.0;BNHS_0626
BN-80Taille01T4R14;0.0;4.0;40.0;BNHS_0626
BN-80Taille01T4R15;0.0;4.0;40.0;BNHS_0626
BN-80Taille01T4R16;0.0;4.0;40.0;BNHS_0626
BN-80Taille01T4R17;0.0;4.0;40.0;BNHS_0626
BN-80Taille01T4R18;0.0;4.0;40.0;BNHS_0626
BN-80Taille01T4R19;0.0;4.0;40.0;BNHS_0626
BN-80Taille01T4R20;0.0;4.0;40.0;BNHS_0626
BN-40TrP5WF136;0.0;4.0;47.0;BNHS_0626
BN-80Taille1W4R78;0.0;4.0;34.0;BNHS_0626
BNCis154;0.0;5.0;90.0;BNHS_0626
BNCis105;0.0;5.0;88.0;BNHS_0626
BN108;0.0;5.0;85.0;BNHS_0626
BN140;0.0;5.0;85.0;BNHS_0626
S30;0.0;5.0;85.0;BNHS_0626
S39;0.0;5.0;85.0;BNHS_0626
BN137;0.0;5.0;83.0;BNHS_0626
BN81;0.0;5.0;83.0;BNHS_0626
BN136;0.0;5.0;82.0;BNHS_0626
BN92;150.0;5.0;80.0;BNHS_0626
BN92;0.0;5.0;80.0;BNHS_0626
BN92;200.0;5.0;80.0;BNHS_0626
BN92;250.0;5.0;79.0;BNHS_0626
BN92;290.0;5.0;78.0;BNHS_0626
BN165;0.0;5.0;77.0;BNHS_0626
BN160;0.0;5.0;76.0;BNHS_0626
BNCis65;0.0;5.0;76.0;BNHS_0626
BN141;0.0;5.0;75.0;BNHS_0626
BN80;0.0;5.0;75.0;BNHS_0626
BNCis129;0.0;5.0;75.0;BNHS_0626
BNCis103;0.0;5.0;74.0;BNHS_0626
BNCis32;0.0;5.0;73.0;BNHS_0626
S53;0.0;5.0;72.0;BNHS_0626
BN139;0.0;5.0;70.0;BNHS_0626
BNCis104;0.0;5.0;70.0;BNHS_0626
BNCis157;0.0;5.0;70.0;BNHS_0626
S12;0.0;5.0;70.0;BNHS_0626
BN110;0.0;5.0;68.0;BNHS_0626
BN114;0.0;5.0;67.0;BNHS_0626
BNCis31;0.0;5.0;67.0;BNHS_0626
BNCis77;0.0;5.0;66.0;BNHS_0626
BNCis113;0.0;5.0;65.0;BNHS_0626
BNCis122;0.0;5.0;65.0;BNHS_0626
BN206;0.0;5.0;65.0;BNHS_0626
S52;0.0;5.0;62.7;BNHS_0626
BNCis106;0.0;5.0;62.0;BNHS_0626
BN212;0.0;5.0;62.0;BNHS_0626
BNCis123;0.0;5.0;60.0;BNHS_0626
BNCis59;0.0;5.0;60.0;BNHS_0626
BNCis64;0.0;5.0;60.0;BNHS_0626
BNCis111;0.0;5.0;56.0;BNHS_0626
BN113;0.0;5.0;55.0;BNHS_0626
BNCis112;0.0;5.0;55.0;BNHS_0626
BNCis155;0.0;5.0;55.0;BNHS_0626
BNCis156;0.0;5.0;55.0;BNHS_0626
BN-88ChTrE17E2;0.0;5.0;43.0;BNHS_0626
BN-88ChTrE17E3;0.0;5.0;43.0;BNHS_0626
BN-80TrWF330;0.0;5.0;40.0;BNHS_0626
S59;0.0;5.0;39.0;BNHS_0626
BN-48-1C-SAT2-TEFR9;0.0;5.0;38.0;BNHS_0626
BN-48-1C-SAT2-TEFR10;0.0;5.0;38.0;BNHS_0626
BN-48-1C-SAT2-TEFR11;0.0;5.0;38.0;BNHS_0626
BN-48-1C-SAT2-TEFR12;0.0;5.0;38.0;BNHS_0626
BN-40TrTaille1CFR72;0.0;5.0;35.0;BNHS_0626
BN-130TrWSt1Rcp3FR21;0.0;5.0;35.0;BNHS_0626
BN-40TrER37F28;0.0;5.0;33.0;BNHS_0626
BN-80TrFOWF1;0.0;5.0;33.0;BNHS_0626
BN-80TrFOWF2;0.0;5.0;33.0;BNHS_0626
BN-140TailleSt3W1R16;0.0;5.0;30.0;BNHS_0626
BN-140TrSt4EFR15;0.0;5.0;27.0;BNHS_0626
BN-40TrP5EF18;0.0;5.0;27.0;BNHS_0626
BN-40TrP5EF37;0.0;5.0;27.0;BNHS_0626
BN-40TrP5EF55;0.0;5.0;27.0;BNHS_0626
BN-140TrSt2Rcp4WFR17;0.0;5.0;25.0;BNHS_0626
BN-106TrFOEFR1;0.0;5.0;21.0;BNHS_0626
BN-106TrFOEFR2;0.0;5.0;21.0;BNHS_0626
BN-106TrFOEFR3;0.0;5.0;21.0;BNHS_0626
BN-106TrFOEFR4;0.0;5.0;21.0;BNHS_0626
BN-106TrFOEFR5;0.0;5.0;21.0;BNHS_0626
BN-106TrFOEFR6;0.0;5.0;21.0;BNHS_0626
BN-106TrFOWFR1;0.0;5.0;21.0;BNHS_0626
BN-106TrFOWFR2;0.0;5.0;21.0;BNHS_0626
BN-106TrFOWFR3;0.0;5.0;21.0;BNHS_0626
BN-106TrFOWFR4;0.0;5.0;21.0;BNHS_0626
BN-106TrFOWFR5;0.0;5.0;21.0;BNHS_0626
BN-106TailleFOET1R1;0.0;5.0;21.0;BNHS_0626
BN-106TailleFOET1R2;0.0;5.0;21.0;BNHS_0626
BN-106TailleFOET1R3;0.0;5.0;21.0;BNHS_0626
BN-106TailleFOET1R4;0.0;5.0;21.0;BNHS_0626
BN-106TailleFOET1R5;0.0;5.0;21.0;BNHS_0626
BN-80TrE2F11;0.0;5.0;0.0;BNHS_0626
BN-80Taille02DecR71;0.0;5.0;45.0;BNHS_0626
BN-80TrWF137;0.0;5.0;45.0;BNHS_0626
BN-80Taille1W7R51;0.0;5.0;45.0;BNHS_0626
BN-40TrP5WF69;0.0;5.0;36.0;BNHS_0626
BN-120TrSt3ER2;0.0;5.0;30.0;BNHS_0626
BN-40Taille1W5R32;0.0;5.0;45.0;BNHS_0626
BN-80Taille1C16R25;0.0;5.0;35.0;BNHS_0626
BN-80Taille1W8R81;0.0;5.0;50.0;BNHS_0626
BN-80Taille1W4R70;0.0;5.0;16.0;BNHS_0626
BN-100TrSt3ER25;0.0;5.0;13.0;BNHS_0626
BN-40Taille1W1R2;0.0;5.0;30.0;BNHS_0626
BN-40Taille1W1R3;0.0;5.0;30.0;BNHS_0626
BN-40Taille1W5R25;0.0;5.0;50.0;BNHS_0626
BN-40TrP5WF90;0.0;5.0;35.0;BNHS_0626
BN-80TrWF350;0.0;5.0;10.0;BNHS_0626
BN-80Taille02DecR76;0.0;5.0;45.0;BNHS_0626
BN-80TrWF346;0.0;5.0;20.0;BNHS_0626
BN-120TrRcp2St1R36;0.0;5.0;22.0;BNHS_0626
BN-40Taille1W1R6;0.0;5.0;30.0;BNHS_0626
BN-120TrRcp2St2ER68;0.0;5.0;12.0;BNHS_0626
BN-80Taille1W14R25;0.0;5.0;25.0;BNHS_0626
BN-80Taille1C16R24;0.0;5.0;35.0;BNHS_0626
BN-120TrRcp2St1R35;0.0;5.0;22.0;BNHS_0626
BN-80Taille1W8R79;0.0;5.0;50.0;BNHS_0626
BN-40TrP5WF165;0.0;5.0;45.0;BNHS_0626
BN-80Taille1W14R23;0.0;5.0;25.0;BNHS_0626
BN-40Taille1W5R30;0.0;5.0;45.0;BNHS_0626
BN-80Taille1W4R76;0.0;5.0;34.0;BNHS_0626
BN-40Taille1W5R29;0.0;5.0;45.0;BNHS_0626
BN-80TrWF353;0.0;5.0;3.0;BNHS_0626
BN-120TrRcp2St2ER70;0.0;5.0;22.0;BNHS_0626
BN-120TrRcp2St2ER66;0.0;5.0;12.0;BNHS_0626
BN-80TrWF354;0.0;5.0;3.0;BNHS_0626
BN-80Taille1W9R76;0.0;5.0;30.0;BNHS_0626
BN-80TrWF113;0.0;5.0;27.0;BNHS_0626
BN-120TrSt3ER8;0.0;5.0;20.0;BNHS_0626
BN-80Taille1W7R57;0.0;5.0;50.0;BNHS_0626
BN-80Taille02DecR72;0.0;5.0;45.0;BNHS_0626
BN-40Taille1W5R35;0.0;5.0;40.0;BNHS_0626
BN-120TrRcp2St2ER72;0.0;5.0;22.0;BNHS_0626
BN-80Taille1W5R119;0.0;5.0;34.0;BNHS_0626
BN-40Taille1W5R36;0.0;5.0;40.0;BNHS_0626
BN-40TrP5WF12;0.0;5.0;36.0;BNHS_0626
BN-40TrP5WF67;0.0;5.0;36.0;BNHS_0626
BN-80Taille1C10R61;0.0;5.0;28.0;BNHS_0626
BN-80TrWF351;0.0;5.0;3.0;BNHS_0626
BN-80TrWF161;0.0;5.0;45.0;BNHS_0626
BN-80TrWF345;0.0;5.0;20.0;BNHS_0626
BN-80TrWF26;0.0;5.0;5.0;BNHS_0626
BN-80Taille1C12R41;0.0;5.0;38.0;BNHS_0626
BN-40Taille02T3R16;0.0;5.0;45.0;BNHS_0626
BN-80TrWF347;0.0;5.0;5.0;BNHS_0626
BN-80Taille1W8R76;0.0;5.0;50.0;BNHS_0626
BN-120TrRcp2St2ER67;0.0;5.0;12.0;BNHS_0626
BN100;0.0;6.0;60.0;BNHS_0626
BN74;0.0;6.0;60.0;BNHS_0626
BN77;0.0;6.0;60.0;BNHS_0626
BN207;0.0;6.0;60.0;BNHS_0626
BN75;0.0;6.0;58.0;BNHS_0626
BN102;0.0;6.0;56.0;BNHS_0626
BN-80TrTaille1CB1F4;0.0;6.0;46.0;BNHS_0626
BN-80TrTaille1CB1F5;0.0;6.0;46.0;BNHS_0626
BN-80TrTaille1CB1F6;0.0;6.0;46.0;BNHS_0626
BN-80TrTaille1CB1F7;0.0;6.0;46.0;BNHS_0626
BN-80TrTaille1CB1F8;0.0;6.0;46.0;BNHS_0626
BN-80TrTaille1CB1F18;0.0;6.0;45.0;BNHS_0626
BN-80TrTaille1CB1F19;0.0;6.0;45.0;BNHS_0626
BN-80TrTaille1CB1F20;0.0;6.0;45.0;BNHS_0626
BN-80TrTaille1CB1F21;0.0;6.0;45.0;BNHS_0626
BN-80TrTaille1CB1F22;0.0;6.0;45.0;BNHS_0626
BN-80TrTaille1CB1F23;0.0;6.0;45.0;BNHS_0626
BN-80TrTaille1CB1F24;0.0;6.0;45.0;BNHS_0626
BN-80TrTaille1CB1F25;0.0;6.0;45.0;BNHS_0626
BN-120TrEP5F10;0.0;6.0;43.0;BNHS_0626
BN-120TrEP5F11;0.0;6.0;43.0;BNHS_0626
BN-120TrEP5F12;0.0;6.0;43.0;BNHS_0626
BN-80Taille01T7R70;0.0;6.0;43.0;BNHS_0626
BN-80Taille01T7R71;0.0;6.0;43.0;BNHS_0626
BN-80TrTaille1CB1F10;0.0;6.0;42.0;BNHS_0626
BN-80TrTaille1CB1F11;0.0;6.0;42.0;BNHS_0626
BN-80TrTaille1CB1F12;0.0;6.0;42.0;BNHS_0626
BN-80TrTaille1CB1F13;0.0;6.0;42.0;BNHS_0626
BN-80TrTaille1CB1F14;0.0;6.0;42.0;BNHS_0626
BN-80TrTaille1CB1F15;0.0;6.0;42.0;BNHS_0626
BN-80TrTaille1CB1F16;0.0;6.0;42.0;BNHS_0626
BN-80TrTaille1CB1F17;0.0;6.0;42.0;BNHS_0626
BN-80TrTaille1CB1F9;0.0;6.0;42.0;BNHS_0626
BN-120Taille1C5R14;0.0;6.0;40.0;BNHS_0626
BN-120Taille1C5R15;0.0;6.0;40.0;BNHS_0626
BN-120Taille1C5R16;0.0;6.0;40.0;BNHS_0626
BN-130TrWSt2Rcp3FR11;0.0;6.0;38.0;BNHS_0626
BN-40TrTaille1CFR52;0.0;6.0;35.0;BNHS_0626
BN-40TrTaille1CFR69;0.0;6.0;35.0;BNHS_0626
BN-40TrTaille1CFR70;0.0;6.0;35.0;BNHS_0626
BN-40TrTaille1CFR71;0.0;6.0;35.0;BNHS_0626
BN-40TrER37F12;0.0;6.0;33.0;BNHS_0626
BN-40TrWR37F8;0.0;6.0;33.0;BNHS_0626
BN-80TrFOEF6;0.0;6.0;33.0;BNHS_0626
BN-80TrFOWF15;0.0;6.0;33.0;BNHS_0626
BN-80TrFOWF18;0.0;6.0;33.0;BNHS_0626
BN-40Tr1CSPEWFR19;0.0;6.0;32.5;BNHS_0626
BN-40Tr1CSPEWFR20;0.0;6.0;32.5;BNHS_0626
BN-40Tr1CSPEWFR21;0.0;6.0;32.5;BNHS_0626
BN-40Tr1CSPEWFR22;0.0;6.0;32.5;BNHS_0626
BN-40Tr1CSPEWFR23;0.0;6.0;32.5;BNHS_0626
BN-140TrSt4EFR1;0.0;6.0;32.0;BNHS_0626
BN-140TrSt4EFR2;0.0;6.0;32.0;BNHS_0626
BN-140TrSt4EFR3;0.0;6.0;32.0;BNHS_0626
BN-140TrSt4EFR4;0.0;6.0;32.0;BNHS_0626
BN-140TrSt4EFR5;0.0;6.0;32.0;BNHS_0626
BN-140TrSt4EFR6;0.0;6.0;32.0;BNHS_0626
BN-140TrSt4EFR7;0.0;6.0;32.0;BNHS_0626
BN-140TrSt4EFR8;0.0;6.0;31.0;BNHS_0626
BN-140TrSt4EFR9;0.0;6.0;30.0;BNHS_0626
BN-80Taille1C12R42;0.0;6.0;30.0;BNHS_0626
BN-140TrSt4EFR10;0.0;6.0;29.0;BNHS_0626
BN-140TrSt4EFR11;0.0;6.0;28.0;BNHS_0626
BN-140TrSt4EFR12;0.0;6.0;27.0;BNHS_0626
BN-140TrSt4EFR13;0.0;6.0;27.0;BNHS_0626
BN-140TrSt4EFR14;0.0;6.0;27.0;BNHS_0626
BN-40TrP5EF31;0.0;6.0;27.0;BNHS_0626
BN-40TrP5EF54;0.0;6.0;27.0;BNHS_0626
BN-120TrRcp2St2ER71;0.0;6.0;22.0;BNHS_0626
BN-80TrE1F29;0.0;6.0;0.0;BNHS_0626
BN-80TrW2F44;0.0;6.0;0.0;BNHS_0626
BN212;133.0;6.0;64.64;BNHS_0626
BN-120TrRcp2St2ER69;0.0;6.0;22.0;BNHS_0626
BN-40Taille1W1R4;0.0;6.0;30.0;BNHS_0626
BN-80Taille1W8R78;0.0;6.0;50.0;BNHS_0626
BN-80Taille1W4R53;0.0;6.0;16.0;BNHS_0626
BN-40Taille1W5R23;0.0;6.0;50.0;BNHS_0626
BN-120TrRcp2St2ER74;0.0;6.0;22.0;BNHS_0626
BN-40Taille1W1R5;0.0;6.0;30.0;BNHS_0626
BN-120TrSt3ER10;0.0;6.0;20.0;BNHS_0626
BN-80Taille1W7R49;0.0;6.0;50.0;BNHS_0626
BN-80Taille1W8R75;0.0;6.0;50.0;BNHS_0626
BN-40TrP5WF46;0.0;6.0;36.0;BNHS_0626
BN-80Taille1C10R59;0.0;6.0;30.0;BNHS_0626
BN-80Taille1W9R75;0.0;6.0;30.0;BNHS_0626
BN-40TailleFoST3R2;0.0;6.0;30.0;BNHS_0626
BN-80TrWF344;0.0;6.0;15.0;BNHS_0626
BN-80Taille1W8R77;0.0;6.0;50.0;BNHS_0626
BN-80Taille1W8R80;0.0;6.0;50.0;BNHS_0626
BN-40Taille1W5R31;0.0;6.0;45.0;BNHS_0626
BN-120TrRcp2St2ER73;0.0;6.0;22.0;BNHS_0626
BN-80Taille1W7R52;0.0;6.0;50.0;BNHS_0626
BN-40TrETBP1R3;0.0;6.0;0.0;BNHS_0626
BN-40TrP5WF72;0.0;6.0;36.0;BNHS_0626
BN-80TrWF339;0.0;6.0;30.0;BNHS_0626
BN-80TrEF75;0.0;6.0;5.0;BNHS_0626
BN-40TailleFoST2R12;0.0;6.0;30.0;BNHS_0626
BNO-PL07;216.0;6.0;85.91;BNHS_0626
BN212;100.0;6.0;63.7;BNHS_0626
BN-80TrWF164;0.0;6.0;45.0;BNHS_0626
BN198;210.0;6.0;85.95;BNHS_0626
BN-80Taille1W7R59;0.0;6.0;50.0;BNHS_0626
BN-80Taille1W7R55;0.0;6.0;50.0;BNHS_0626
BN-80Taille1WTrR6;0.0;6.0;35.0;BNHS_0626
BN-120TrSt3ER11;0.0;6.0;20.0;BNHS_0626
BN-80TrWF85;0.0;6.0;22.0;BNHS_0626
BN-40TrETBP1R2;0.0;6.0;0.0;BNHS_0626
BN-100TrSt3ER26;0.0;6.0;13.0;BNHS_0626
BN-80TrEF74;0.0;6.0;5.0;BNHS_0626
BN-80Taille1W15R41;0.0;6.0;35.0;BNHS_0626
BN-40TrP5WF304;0.0;6.0;20.0;BNHS_0626
BN212;50.0;6.0;61.9;BNHS_0626
BN-80Taille1C16R32;0.0;6.0;30.0;BNHS_0626
BN-40TrP5WF330;0.0;6.0;30.0;BNHS_0626
BN-80TrWF96;0.0;6.0;15.0;BNHS_0626
BN-120TrSt3ER7;0.0;6.0;20.0;BNHS_0626
BN-80Taille01T6R5;0.0;6.0;40.0;BNHS_0626
BN-40TrP5WF43;0.0;6.0;36.0;BNHS_0626
BN-80Taille1W15R8;0.0;6.0;18.0;BNHS_0626
BN-88ChTrE2E1;0.0;6.0;50.0;BNHS_0626
BN-88ChTrE2E4;0.0;6.0;50.0;BNHS_0626
BN-40TrP5WF324;0.0;6.0;45.0;BNHS_0626
BN-80Taille1WG19;0.0;6.0;48.0;BNHS_0626
BN-40Taille1W1R7;0.0;6.0;30.0;BNHS_0626
BN-80Taille01T7R100;0.0;7.0;43.0;BNHS_0626
BN-80Taille01T7R101;0.0;7.0;43.0;BNHS_0626
BN-80Taille01T7R102;0.0;7.0;43.0;BNHS_0626
BN-80Taille01T7R103;0.0;7.0;43.0;BNHS_0626
BN-80Taille01T7R104;0.0;7.0;43.0;BNHS_0626
BN-80Taille01T7R105;0.0;7.0;43.0;BNHS_0626
BN-80Taille01T7R106;0.0;7.0;43.0;BNHS_0626
BN-80Taille01T7R107;0.0;7.0;43.0;BNHS_0626
BN-80Taille01T7R108;0.0;7.0;43.0;BNHS_0626
BN-80Taille01T7R109;0.0;7.0;43.0;BNHS_0626
BN-80Taille01T7R110;0.0;7.0;43.0;BNHS_0626
BN-80Taille01T7R111;0.0;7.0;43.0;BNHS_0626
BN-80Taille01T7R112;0.0;7.0;43.0;BNHS_0626
BN-80Taille01T7R113;0.0;7.0;43.0;BNHS_0626
BN-80Taille01T7R114;0.0;7.0;43.0;BNHS_0626
BN-80Taille01T7R115;0.0;7.0;43.0;BNHS_0626
BN-80Taille01T7R116;0.0;7.0;43.0;BNHS_0626
BN-80Taille01T7R117;0.0;7.0;43.0;BNHS_0626
BN-80Taille01T7R118;0.0;7.0;43.0;BNHS_0626
BN-80Taille01T7R119;0.0;7.0;43.0;BNHS_0626
BN-80Taille01T7R69;0.0;7.0;43.0;BNHS_0626
BN-80Taille01T7R86;0.0;7.0;43.0;BNHS_0626
BN-80Taille01T7R87;0.0;7.0;43.0;BNHS_0626
BN-80Taille01T7R88;0.0;7.0;43.0;BNHS_0626
BN-80Taille01T7R95;0.0;7.0;43.0;BNHS_0626
BN-80Taille01T7R96;0.0;7.0;43.0;BNHS_0626
BN-80Taille01T7R97;0.0;7.0;43.0;BNHS_0626
BN-80Taille01T7R98;0.0;7.0;43.0;BNHS_0626
BN-80Taille01T7R99;0.0;7.0;43.0;BNHS_0626
BN-80TrTaille1CB1F26;0.0;7.0;40.0;BNHS_0626
BN-80TrTaille1CB1F27;0.0;7.0;40.0;BNHS_0626
BN-80TrTaille1CB1F28;0.0;7.0;40.0;BNHS_0626
BN-80TrTaille1CB1F29;0.0;7.0;40.0;BNHS_0626
BN-40TrTaille1CFR67;0.0;7.0;35.0;BNHS_0626
BN-40TrTaille1CFR68;0.0;7.0;35.0;BNHS_0626
BN-88TrP5WR78;0.0;7.0;35.0;BNHS_0626
BN-88TrP5WR79;0.0;7.0;35.0;BNHS_0626
BN-88TrP5WR80;0.0;7.0;35.0;BNHS_0626
BN-88TrP5WR81;0.0;7.0;35.0;BNHS_0626
BN-88TrP5WR82;0.0;7.0;35.0;BNHS_0626
BN-88TrP5WR83;0.0;7.0;35.0;BNHS_0626
BN-88TrP5WR84;0.0;7.0;35.0;BNHS_0626
BN-88TrP5WR85;0.0;7.0;35.0;BNHS_0626
BN-88TrP5WR86;0.0;7.0;35.0;BNHS_0626
BN-88TrP5WR87;0.0;7.0;35.0;BNHS_0626
BN-88TrP5WR88;0.0;7.0;35.0;BNHS_0626
BN-88TrP5WR89;0.0;7.0;35.0;BNHS_0626
BN-88TrP5WR90;0.0;7.0;35.0;BNHS_0626
BN-88TrP5WR91;0.0;7.0;35.0;BNHS_0626
BN-88TrP5WR92;0.0;7.0;35.0;BNHS_0626
BN-88TrP5WR93;0.0;7.0;35.0;BNHS_0626
BN-88TrP5WR94;0.0;7.0;35.0;BNHS_0626
BN-88TrP5WR95;0.0;7.0;35.0;BNHS_0626
BN-40TrER37F11;0.0;7.0;33.0;BNHS_0626
BN-80TrTaille1CB1F30;0.0;7.0;30.0;BNHS_0626
BN-80TrTaille1CB1F31;0.0;7.0;30.0;BNHS_0626
BN-80TrTaille1CB1F32;0.0;7.0;30.0;BNHS_0626
BN-80TrTaille1CB1F33;0.0;7.0;30.0;BNHS_0626
BN-80TrTaille1CB1F34;0.0;7.0;30.0;BNHS_0626
BN-80TrTaille1CB1F35;0.0;7.0;30.0;BNHS_0626
BN-80TrTaille1CB1F36;0.0;7.0;30.0;BNHS_0626
BN-40TrP5EF13;0.0;7.0;27.0;BNHS_0626
BN-80Taille1CB1T1R10;0.0;7.0;25.0;BNHS_0626
BN-80Taille1CB1T1R11;0.0;7.0;25.0;BNHS_0626
BN-80Taille1CB1T1R12;0.0;7.0;25.0;BNHS_0626
BN-80Taille1CB1T1R13;0.0;7.0;25.0;BNHS_0626
BN-80Taille1CB1T1R14;0.0;7.0;25.0;BNHS_0626
BN-80Taille1CB1T1R15;0.0;7.0;25.0;BNHS_0626
BN-80Taille1CB1T1R16;0.0;7.0;25.0;BNHS_0626
BN-80Taille1CB1T1R17;0.0;7.0;25.0;BNHS_0626
BN-80Taille1CB1T1R18;0.0;7.0;25.0;BNHS_0626
BN-80Taille1CB1T1R19;0.0;7.0;25.0;BNHS_0626
BN-80Taille1CB1T1R5;0.0;7.0;25.0;BNHS_0626
BN-80Taille1CB1T1R6;0.0;7.0;25.0;BNHS_0626
BN-80Taille1CB1T1R8;0.0;7.0;25.0;BNHS_0626
BN-80Taille1CB1T1R9;0.0;7.0;25.0;BNHS_0626
BN-80TrTaille1CB1F37;0.0;7.0;25.0;BNHS_0626
BN-80TrTaille1CB1F38;0.0;7.0;25.0;BNHS_0626
BN-80TrTaille1CB1F39;0.0;7.0;25.0;BNHS_0626
BN-80TrTaille1CB1F40;0.0;7.0;25.0;BNHS_0626
BN-80TrTaille1CB1F41;0.0;7.0;25.0;BNHS_0626
BN-80TrTaille1CB1F42;0.0;7.0;25.0;BNHS_0626
BN-80TrTaille1CB1F43;0.0;7.0;25.0;BNHS_0626
BN-80TrTaille1CB1F44;0.0;7.0;25.0;BNHS_0626
BN-80TrTaille1CB1F45;0.0;7.0;25.0;BNHS_0626
BN-80TrTaille1CB1F46;0.0;7.0;20.0;BNHS_0626
BN-80TrTaille1CB1F47;0.0;7.0;20.0;BNHS_0626
BN-80TrTaille1CB1F48;0.0;7.0;20.0;BNHS_0626
BN-80TrTaille1CB1F49;0.0;7.0;20.0;BNHS_0626
BN-80TrTaille1CB1F50;0.0;7.0;20.0;BNHS_0626
BN-80TrTaille1CB1F51;0.0;7.0;20.0;BNHS_0626
BN-80TrTaille1CB1F52;0.0;7.0;20.0;BNHS_0626
BN-80TrTaille1CB1F53;0.0;7.0;15.0;BNHS_0626
BN-80TrTaille1CB1F54;0.0;7.0;15.0;BNHS_0626
BN-80TrTaille1CB1F55;0.0;7.0;15.0;BNHS_0626
BN-80TrTaille1CB1F56;0.0;7.0;15.0;BNHS_0626
BN-80TrTaille1CB1F57;0.0;7.0;15.0;BNHS_0626
BN-80TrTaille1CB1F58;0.0;7.0;15.0;BNHS_0626
BN-80TrTaille1CB1F59;0.0;7.0;15.0;BNHS_0626
BN-80TrE1F14;0.0;7.0;0.0;BNHS_0626
BN-80Taille1C16R20;0.0;7.0;15.0;BNHS_0626
BN-40TrP5WF47;0.0;7.0;36.0;BNHS_0626
BN-40TrETBP1R1;0.0;7.0;0.0;BNHS_0626
BN-120TrRcp2St2ER57;0.0;7.0;15.0;BNHS_0626
BN-80TrWF162;0.0;7.0;45.0;BNHS_0626
BN-40TrP5WF83;0.0;7.0;44.0;BNHS_0626
BN-120TrSt3ER13;0.0;7.0;20.0;BNHS_0626
BNO-PL07;219.0;7.0;85.9;BNHS_0626
BN-40TrP5WF1;0.0;7.0;36.0;BNHS_0626
BN-80Taille1C12R34;0.0;7.0;40.0;BNHS_0626
BN-80TrWF170;0.0;7.0;50.0;BNHS_0626
BN-80Taille1C10R12;0.0;7.0;28.0;BNHS_0626
BN-80Taille1C10R56;0.0;7.0;28.0;BNHS_0626
BN-80Taille1W3G21;0.0;7.0;40.0;BNHS_0626
BN-80TrWF340;0.0;7.0;25.0;BNHS_0626
BN-80Taille1W7R46;0.0;7.0;50.0;BNHS_0626
BN-120TrSt3ER9;0.0;7.0;20.0;BNHS_0626
BN-80Taille1W15R12;0.0;7.0;18.0;BNHS_0626
BN-80Taille1W18FR5;0.0;7.0;20.0;BNHS_0626
BN-80Taille1C16R21;0.0;7.0;15.0;BNHS_0626
BN-40TrP5WF237;0.0;7.0;46.0;BNHS_0626
BN-80Taille1W11R42;0.0;7.0;40.0;BNHS_0626
BN-80Taille1C12R46;0.0;7.0;38.0;BNHS_0626
BN-80Taille1C16R36;0.0;7.0;15.0;BNHS_0626
BN-40TailleFoST3R6;0.0;7.0;30.0;BNHS_0626
BNO-PL07;225.0;7.0;85.84;BNHS_0626
BN-40TrP5WF10;0.0;7.0;36.0;BNHS_0626
BN-40TrP5WF66;0.0;7.0;36.0;BNHS_0626
BN-40Taille1W4R32;0.0;7.0;45.0;BNHS_0626
BN-120TrRcp2St2ER65;0.0;7.0;12.0;BNHS_0626
BNO-PL07;228.0;7.0;85.91;BNHS_0626
BN206;121.0;7.0;67.26;BNHS_0626
BN-80Taille1W15R17;0.0;7.0;18.0;BNHS_0626
BN-80Taille1C12R45;0.0;7.0;38.0;BNHS_0626
BN-80Taille01T7R52;0.0;7.0;35.0;BNHS_0626
BN-80Taille1C16R37;0.0;7.0;15.0;BNHS_0626
BN-40TrP5WF70;0.0;7.0;36.0;BNHS_0626
BN-80Taille1C10R57;0.0;7.0;30.0;BNHS_0626
BN-80Taille1W18FR2;0.0;7.0;20.0;BNHS_0626
BNO-PL07;231.0;7.0;85.86;BNHS_0626
BN208;0.0;8.0;82.0;BNHS_0626
BN211;0.0;8.0;75.0;BNHS_0626
BN76;0.0;8.0;60.0;BNHS_0626
BN-40TrER37F43;0.0;8.0;55.0;BNHS_0626
BN-80TrTaille01B4F15;0.0;8.0;48.0;BNHS_0626
BN-80TrTaille01B4F16;0.0;8.0;48.0;BNHS_0626
BN-80TrTaille01B4F17;0.0;8.0;48.0;BNHS_0626
BN-80TrTaille01B4F18;0.0;8.0;48.0;BNHS_0626
BN-80TrTaille01B4F19;0.0;8.0;48.0;BNHS_0626
BN-80TrTaille01B4F20;0.0;8.0;48.0;BNHS_0626
BN-80TrTaille01B4F21;0.0;8.0;48.0;BNHS_0626
BN-80TrTaille01B4F22;0.0;8.0;48.0;BNHS_0626
BN-40Tr2EF11;0.0;8.0;44.0;BNHS_0626
BN-40TrP5WF85;0.0;8.0;44.0;BNHS_0626
BN-80Taille01T7R120;0.0;8.0;43.0;BNHS_0626
BN-80TrTaille01B1F23;0.0;8.0;40.0;BNHS_0626
BN-80TrTaille01B1F24;0.0;8.0;40.0;BNHS_0626
BN-80TrTaille01B1F25;0.0;8.0;40.0;BNHS_0626
BN-80TrTaille01B1F26;0.0;8.0;40.0;BNHS_0626
BN-80TrTaille01B1F27;0.0;8.0;40.0;BNHS_0626
BN-40TrTaille1CFR53;0.0;8.0;35.0;BNHS_0626
BN-40TrTaille1CFR65;0.0;8.0;35.0;BNHS_0626
BN-40TrTaille1CFR66;0.0;8.0;35.0;BNHS_0626
BN-130TrWSt1Rcp3FR18;0.0;8.0;35.0;BNHS_0626
BN-40Taille1CSPT3R1;0.0;8.0;35.0;BNHS_0626
BN-40Taille1CSPT3R10;0.0;8.0;35.0;BNHS_0626
BN-40Taille1CSPT3R11;0.0;8.0;35.0;BNHS_0626
BN-40Taille1CSPT3R12;0.0;8.0;35.0;BNHS_0626
BN-40Taille1CSPT3R13;0.0;8.0;35.0;BNHS_0626
BN-40Taille1CSPT3R14;0.0;8.0;35.0;BNHS_0626
BN-40Taille1CSPT3R15;0.0;8.0;35.0;BNHS_0626
BN-40Taille1CSPT3R16;0.0;8.0;35.0;BNHS_0626
BN-40Taille1CSPT3R17;0.0;8.0;35.0;BNHS_0626
BN-40Taille1CSPT3R18;0.0;8.0;35.0;BNHS_0626
BN-40Taille1CSPT3R19;0.0;8.0;35.0;BNHS_0626
BN-40Taille1CSPT3R2;0.0;8.0;35.0;BNHS_0626
BN-40Taille1CSPT3R3;0.0;8.0;35.0;BNHS_0626
BN-40Taille1CSPT3R4;0.0;8.0;35.0;BNHS_0626
BN-40Taille1CSPT3R5;0.0;8.0;35.0;BNHS_0626
BN-40Taille1CSPT3R6;0.0;8.0;35.0;BNHS_0626
BN-40Taille1CSPT3R7;0.0;8.0;35.0;BNHS_0626
BN-40Taille1CSPT3R8;0.0;8.0;35.0;BNHS_0626
BN-40Taille1CSPT3R9;0.0;8.0;35.0;BNHS_0626
BN-40TrER37F29;0.0;8.0;33.0;BNHS_0626
BN-40TrER37F33;0.0;8.0;33.0;BNHS_0626
BN-80TrFOWF10;0.0;8.0;33.0;BNHS_0626
BN-80TrFOWF14;0.0;8.0;33.0;BNHS_0626
BN-40Taille1CE2R20;0.0;8.0;32.0;BNHS_0626
BN-40Taille1CE2R21;0.0;8.0;32.0;BNHS_0626
BN-40Taille1CE2R16;0.0;8.0;30.0;BNHS_0626
BN-40Taille1CE2R17;0.0;8.0;30.0;BNHS_0626
BN-40Taille1CE2R18;0.0;8.0;30.0;BNHS_0626
BN-40Taille1CE2R19;0.0;8.0;30.0;BNHS_0626
BN-40Taille1CE2R22;0.0;8.0;30.0;BNHS_0626
BN-80Taille1C11R31;0.0;8.0;30.0;BNHS_0626
BN-80Taille1C12R36;0.0;8.0;30.0;BNHS_0626
BN-40TrP5EF12;0.0;8.0;27.0;BNHS_0626
BN-40TrP5EF15;0.0;8.0;27.0;BNHS_0626
BN-40TrP5EF16;0.0;8.0;27.0;BNHS_0626
BN-40TrP5EF43;0.0;8.0;27.0;BNHS_0626
BN-40Tr1CSPEWFR13;0.0;8.0;27.0;BNHS_0626
BN-140Taille1WSt1T1R1;0.0;8.0;25.0;BNHS_0626
BN-140Taille1WSt1T1R10;0.0;8.0;25.0;BNHS_0626
BN-140Taille1WSt1T1R11;0.0;8.0;25.0;BNHS_0626
BN-140Taille1WSt1T1R12;0.0;8.0;25.0;BNHS_0626
BN-140Taille1WSt1T1R13;0.0;8.0;25.0;BNHS_0626
BN-140Taille1WSt1T1R14;0.0;8.0;25.0;BNHS_0626
BN-140Taille1WSt1T1R15;0.0;8.0;25.0;BNHS_0626
BN-140Taille1WSt1T1R16;0.0;8.0;25.0;BNHS_0626
BN-140Taille1WSt1T1R2;0.0;8.0;25.0;BNHS_0626
BN-140Taille1WSt1T1R3;0.0;8.0;25.0;BNHS_0626
BN-140Taille1WSt1T1R4;0.0;8.0;25.0;BNHS_0626
BN-140Taille1WSt1T1R5;0.0;8.0;25.0;BNHS_0626
BN-140Taille1WSt1T1R6;0.0;8.0;25.0;BNHS_0626
BN-140Taille1WSt1T1R7;0.0;8.0;25.0;BNHS_0626
BN-140Taille1WSt1T1R8;0.0;8.0;25.0;BNHS_0626
BN-140Taille1WSt1T1R9;0.0;8.0;25.0;BNHS_0626
BN-120Taille1C3R4;0.0;8.0;20.0;BNHS_0626
BN-120Taille1C3R5;0.0;8.0;20.0;BNHS_0626
BN-80TrStEFR1;0.0;8.0;10.0;BNHS_0626
BN-80TrStEFR2;0.0;8.0;10.0;BNHS_0626
BN-80TrStEFR3;0.0;8.0;10.0;BNHS_0626
BN-80TrStEFR4;0.0;8.0;10.0;BNHS_0626
BN-80TrStEFR5;0.0;8.0;10.0;BNHS_0626
BN-80TrStEFR6;0.0;8.0;10.0;BNHS_0626
BN-80TrStEFR7;0.0;8.0;10.0;BNHS_0626
BN-80TrStEFR8;0.0;8.0;10.0;BNHS_0626
BN-80TrStEFR9;0.0;8.0;10.0;BNHS_0626
BN-80TrStEFR10;0.0;8.0;10.0;BNHS_0626
BN-80TrStEFR11;0.0;8.0;10.0;BNHS_0626
BN-80TrStEFR12;0.0;8.0;10.0;BNHS_0626
BN-80TrStEFR13;0.0;8.0;10.0;BNHS_0626
BN-80TrStEFR14;0.0;8.0;10.0;BNHS_0626
BN-80TrStEFR15;0.0;8.0;10.0;BNHS_0626
BN-80TrStEFR16;0.0;8.0;10.0;BNHS_0626
BN-80TrStEFR17;0.0;8.0;10.0;BNHS_0626
BN-80TrStEFR18;0.0;8.0;10.0;BNHS_0626
BN-80TrStWFR2;0.0;8.0;10.0;BNHS_0626
BN-80TrStWFR4;0.0;8.0;10.0;BNHS_0626
BN-80TrStWFR5;0.0;8.0;10.0;BNHS_0626
BN-120Taille1C3R6;0.0;8.0;6.0;BNHS_0626
BN-120Taille1C3R7;0.0;8.0;6.0;BNHS_0626
BN-120Taille1C3R8;0.0;8.0;6.0;BNHS_0626
BN-120Taille1C3R1;0.0;8.0;5.0;BNHS_0626
BN-120Taille1C3R2;0.0;8.0;5.0;BNHS_0626
BN-120Taille1C3R3;0.0;8.0;5.0;BNHS_0626
BN-80TrE1F11;0.0;8.0;0.0;BNHS_0626
BN-80TrE1F30;0.0;8.0;0.0;BNHS_0626
BN-120TrSt3ER12;0.0;8.0;20.0;BNHS_0626
BN-80Taille1C16R3;0.0;8.0;5.0;BNHS_0626
BN-80Taille1W18FR3;0.0;8.0;20.0;BNHS_0626
BN-100TrSt3ER50;0.0;8.0;15.0;BNHS_0626
BN-80Taille1C12R38;0.0;8.0;30.0;BNHS_0626
BN-40Taille1W5R22;0.0;8.0;45.0;BNHS_0626
BN-80Taille1W18FR4;0.0;8.0;20.0;BNHS_0626
BN208;50.0;8.0;83.72;BNHS_0626
BN-80Taille1C12R35;0.0;8.0;40.0;BNHS_0626
BN-80TrWF331;0.0;8.0;40.0;BNHS_0626
BN-80Taille1C12R39;0.0;8.0;30.0;BNHS_0626
BN211;50.0;8.0;75.3;BNHS_0626
BNC-RC-11;50.0;8.0;48.04;BNHS_0626
BN-80Taille1C16R38;0.0;8.0;20.0;BNHS_0626
BN-40TrP5WF84;0.0;8.0;44.0;BNHS_0626
BN-80Taille1C10R19;0.0;8.0;28.0;BNHS_0626
BN206;50.0;8.0;66.51;BNHS_0626
BN211;100.0;8.0;75.37;BNHS_0626
BN-80TrWF25;0.0;8.0;9.0;BNHS_0626
BN-80Taille1C16R39;0.0;8.0;20.0;BNHS_0626
BN-80Taille1W8R20;0.0;8.0;32.0;BNHS_0626
BN-80Taille01T3R19;0.0;8.0;35.0;BNHS_0626
BN-80Taille1C16R5;0.0;8.0;5.0;BNHS_0626
BN-120TrRcp2St2ER64;0.0;8.0;12.0;BNHS_0626
BN-40Taille1W4R33;0.0;8.0;45.0;BNHS_0626
BN-120TrRcp1R3;0.0;8.0;40.0;BNHS_0626
BN-80Taille1C16R22;0.0;8.0;13.0;BNHS_0626
BN-80Taille1C10R18;0.0;8.0;28.0;BNHS_0626
BNO-PL07;222.0;8.0;85.88;BNHS_0626
BN-80Taille1C10R26;0.0;8.0;30.0;BNHS_0626
BN-80Taille1W15R18;0.0;8.0;18.0;BNHS_0626
BN-80Taille1C16R19;0.0;8.0;13.0;BNHS_0626
BN-80TrWF205;0.0;8.0;58.0;BNHS_0626
BN206;100.0;8.0;67.73;BNHS_0626
BN-80Taille1C10R28;0.0;8.0;30.0;BNHS_0626
BN-80Taille1C10R58;0.0;8.0;30.0;BNHS_0626
BN-40TailleFoST3R4;0.0;8.0;30.0;BNHS_0626
BN-80Taille1C16R2;0.0;8.0;5.0;BNHS_0626
BN-80Taille01T6R12;0.0;8.0;45.0;BNHS_0626
BN-80Taille1C16R18;0.0;8.0;13.0;BNHS_0626
BN-80Rcp342PE;0.0;8.0;0.0;BNHS_0626
BN-80TrWF163;0.0;8.0;45.0;BNHS_0626
BN-80Taille1C16R4;0.0;8.0;5.0;BNHS_0626
BN-80TrWF21;0.0;8.0;7.0;BNHS_0626
BN211;150.0;8.0;75.46;BNHS_0626
BN-80TrEF71;0.0;8.0;28.0;BNHS_0626
BN-120TrSt3ER14;0.0;8.0;20.0;BNHS_0626
BN-80Taille1C12R37;0.0;8.0;30.0;BNHS_0626
BN-80Taille1W7R62;0.0;8.0;50.0;BNHS_0626
BN-120TrRcp1R4;0.0;8.0;40.0;BNHS_0626
BN-80TrTaille01B3F10;0.0;9.0;45.0;BNHS_0626
BN-80TrTaille01B3F11;0.0;9.0;45.0;BNHS_0626
BN-80TrTaille01B3F12;0.0;9.0;45.0;BNHS_0626
BN-80TrTaille01B3F13;0.0;9.0;45.0;BNHS_0626
BN-80TrTaille01B3F5;0.0;9.0;45.0;BNHS_0626
BN-80TrTaille01B3F6;0.0;9.0;45.0;BNHS_0626
BN-80TrTaille01B3F7;0.0;9.0;45.0;BNHS_0626
BN-80TrTaille01B3F9;0.0;9.0;45.0;BNHS_0626
BN-40Tr2EF1;0.0;9.0;44.0;BNHS_0626
BN-40Tr2EF2;0.0;9.0;44.0;BNHS_0626
BN-80TrTaille01B1F28;0.0;9.0;40.0;BNHS_0626
BN-80TrTaille01B3F20;0.0;9.0;40.0;BNHS_0626
BN-80TrTaille01B3F21;0.0;9.0;40.0;BNHS_0626
BN-80TrTaille01B3F22;0.0;9.0;40.0;BNHS_0626
BN-80TrTaille01B3F23;0.0;9.0;40.0;BNHS_0626
BN-80TrTaille01B3F24;0.0;9.0;40.0;BNHS_0626
BN-80TrTaille01B3F25;0.0;9.0;40.0;BNHS_0626
BN-80TrTaille01B3F26;0.0;9.0;40.0;BNHS_0626
BN-80TrTaille01B3F27;0.0;9.0;40.0;BNHS_0626
BN-80TrTaille01B3F28;0.0;9.0;40.0;BNHS_0626
BN-80TrTaille01B3F29;0.0;9.0;40.0;BNHS_0626
BN-40Taille1W2R45;0.0;9.0;38.0;BNHS_0626
BN-40TrTaille1CFR62;0.0;9.0;35.0;BNHS_0626
BN-40TrTaille1CFR63;0.0;9.0;35.0;BNHS_0626
BN-40TrTaille1CFR64;0.0;9.0;35.0;BNHS_0626
BN-40TrWR37F0;0.0;9.0;33.0;BNHS_0626
BN-40TrWR37F1;0.0;9.0;33.0;BNHS_0626
BN-40TrWR37F13;0.0;9.0;33.0;BNHS_0626
BN-40TrWR37F14;0.0;9.0;33.0;BNHS_0626
BN-40TrWR37F2;0.0;9.0;33.0;BNHS_0626
BN-80Taille1C10R22;0.0;9.0;28.0;BNHS_0626
BN-40TrP5EF10;0.0;9.0;27.0;BNHS_0626
BN-40TrP5EF14;0.0;9.0;27.0;BNHS_0626
BN-40TrP5EF39;0.0;9.0;27.0;BNHS_0626
BN-40TrP5EF44;0.0;9.0;27.0;BNHS_0626
BN-40TrP5EF7;0.0;9.0;27.0;BNHS_0626
BN-80TrE1F16;0.0;9.0;0.0;BNHS_0626
BN-140Taille1WPE;0.0;9.0;0.0;BNHS_0626
BN-140Taille1WPW;0.0;9.0;0.0;BNHS_0626
BNO-PL07;234.0;9.0;85.87;BNHS_0626
BNO-PL07;237.0;9.0;85.89;BNHS_0626
BN-80TrERcp3F14;0.0;9.0;10.0;BNHS_0626
BN-40TrP5WF306;0.0;9.0;25.0;BNHS_0626
BN-80Taille01T7R53;0.0;9.0;35.0;BNHS_0626
BN-80TrERcp3F12;0.0;9.0;4.0;BNHS_0626
BN-80Taille1C10R25;0.0;9.0;30.0;BNHS_0626
BN-80TrWF332;0.0;9.0;30.0;BNHS_0626
BN-80Rcp342PW;0.0;9.0;0.0;BNHS_0626
BN-80TrERcp3F10;0.0;9.0;6.0;BNHS_0626
BN-80Taille1W7R53;0.0;9.0;50.0;BNHS_0626
BN-80Taille1W18FR1;0.0;9.0;20.0;BNHS_0626
BN-80TrWF226;0.0;9.0;50.0;BNHS_0626
BN-80Taille1C16R17;0.0;9.0;13.0;BNHS_0626
BN-80TrEF72;0.0;9.0;25.0;BNHS_0626
BN-120TrRcp2St2ER58;0.0;9.0;15.0;BNHS_0626
BN-80TrWF5;0.0;9.0;10.0;BNHS_0626
BN-80TrWF373;0.0;9.0;45.0;BNHS_0626
BN-40Taille1W5R37;0.0;9.0;42.0;BNHS_0626
BN-40TrP5WF94;0.0;9.0;40.0;BNHS_0626
BN-40TrP5WF29;0.0;9.0;36.0;BNHS_0626
BN-80Taille1C16R11;0.0;9.0;15.0;BNHS_0626
BN-80TrEF48;0.0;9.0;15.0;BNHS_0626
BN-40TrP5WF144;0.0;9.0;47.0;BNHS_0626
BN-40TrP5WF8;0.0;9.0;36.0;BNHS_0626
BN-40Taille1W5R38;0.0;9.0;42.0;BNHS_0626
BN-40TrP5ERcp1F10;0.0;9.0;40.0;BNHS_0626
BN-40Taille02T3R2;0.0;9.0;45.0;BNHS_0626
BN-80Taille1C16R1;0.0;9.0;5.0;BNHS_0626
BN-80Taille1W4R50;0.0;9.0;30.0;BNHS_0626
BN-80Taille1W3G15;0.0;9.0;25.0;BNHS_0626
BN-80TrWF165;0.0;9.0;45.0;BNHS_0626
BN-80Taille1C16R14;0.0;9.0;13.0;BNHS_0626
BN-80Taille1C15R4;0.0;9.0;5.0;BNHS_0626
BN-80Taille1C16R12;0.0;9.0;15.0;BNHS_0626
BN-80Taille1C10R23;0.0;9.0;30.0;BNHS_0626
BN-80Taille1C15R3;0.0;9.0;5.0;BNHS_0626
BN-80Taille1C16R40;0.0;9.0;15.0;BNHS_0626
BNCis159;0.0;10.0;90.0;BNHS_0626
BN146;0.0;10.0;88.0;BNHS_0626
BNCis42;0.0;10.0;88.0;BNHS_0626
BN200;0.0;10.0;86.0;BNHS_0626
BNCis34;0.0;10.0;86.0;BNHS_0626
BN200;100.0;10.0;85.59;BNHS_0626
BN200;50.0;10.0;85.45;BNHS_0626
BN200;200.0;10.0;85.39;BNHS_0626
BN200;150.0;10.0;85.34;BNHS_0626
BN106;0.0;10.0;85.0;BNHS_0626
BN109;0.0;10.0;85.0;BNHS_0626
BN143;0.0;10.0;85.0;BNHS_0626
BN145;0.0;10.0;85.0;BNHS_0626
S19;0.0;10.0;85.0;BNHS_0626
BN158;0.0;10.0;84.0;BNHS_0626
BNCis28;0.0;10.0;83.0;BNHS_0626
BNCis30;0.0;10.0;81.0;BNHS_0626
BNCis158;0.0;10.0;80.0;BNHS_0626
S40;0.0;10.0;80.0;BNHS_0626
BNC-RC-02;0.0;10.0;80.0;BNHS_0626
BN105;0.0;10.0;78.0;BNHS_0626
BN156;0.0;10.0;78.0;BNHS_0626
BN83;0.0;10.0;78.0;BNHS_0626
BNCis37;0.0;10.0;78.0;BNHS_0626
BNCis39;0.0;10.0;78.0;BNHS_0626
BNCis26;0.0;10.0;76.0;BNHS_0626
BN157;0.0;10.0;75.0;BNHS_0626
BN94;150.0;10.0;75.0;BNHS_0626
BN94;100.0;10.0;75.0;BNHS_0626
BN94;50.0;10.0;75.0;BNHS_0626
BN94;0.0;10.0;75.0;BNHS_0626
BNCis27;0.0;10.0;75.0;BNHS_0626
S29;0.0;10.0;75.0;BNHS_0626
BNC-RC-07;0.0;10.0;75.0;BNHS_0626
BN199;0.0;10.0;74.0;BNHS_0626
BNCis25;0.0;10.0;74.0;BNHS_0626
BNCis29;0.0;10.0;73.0;BNHS_0626
BNCis38;0.0;10.0;73.0;BNHS_0626
BNCis43;0.0;10.0;73.0;BNHS_0626
BN94;200.0;10.0;72.0;BNHS_0626
BNCis21;0.0;10.0;71.0;BNHS_0626
BN85;0.0;10.0;70.6;BNHS_0626
BN104;0.0;10.0;70.0;BNHS_0626
BN144;0.0;10.0;70.0;BNHS_0626
BN159;0.0;10.0;70.0;BNHS_0626
BN79;0.0;10.0;70.0;BNHS_0626
BN91;0.0;10.0;70.0;BNHS_0626
BN94;265.0;10.0;70.0;BNHS_0626
S18;0.0;10.0;70.0;BNHS_0626
S23;0.0;10.0;70.0;BNHS_0626
S27;0.0;10.0;70.0;BNHS_0626
S6;0.0;10.0;70.0;BNHS_0626
BNCis24;0.0;10.0;69.0;BNHS_0626
BN142;0.0;10.0;68.0;BNHS_0626
BN103;0.0;10.0;67.0;BNHS_0626
S21;0.0;10.0;67.0;BNHS_0626
BN119bis;0.0;10.0;66.0;BNHS_0626
BNCis35;0.0;10.0;66.0;BNHS_0626
BN155;0.0;10.0;65.0;BNHS_0626
BN88;0.0;10.0;65.0;BNHS_0626
BN89;0.0;10.0;65.0;BNHS_0626
BN95;0.0;10.0;65.0;BNHS_0626
BNCis1;0.0;10.0;65.0;BNHS_0626
BNCis102;0.0;10.0;65.0;BNHS_0626
BNCis160;0.0;10.0;65.0;BNHS_0626
BNCis19;0.0;10.0;65.0;BNHS_0626
BNCis22;0.0;10.0;65.0;BNHS_0626
BN84;0.0;10.0;63.0;BNHS_0626
BNCis33;0.0;10.0;63.0;BNHS_0626
BNCis36;0.0;10.0;63.0;BNHS_0626
BNCis40;0.0;10.0;63.0;BNHS_0626
BNCis41;0.0;10.0;63.0;BNHS_0626
BNCis67;0.0;10.0;63.0;BNHS_0626
BNCis99;0.0;10.0;63.0;BNHS_0626
S60;0.0;10.0;63.0;BNHS_0626
BN72;0.0;10.0;62.0;BNHS_0626
BNCis73;0.0;10.0;62.0;BNHS_0626
BNCis114;0.0;10.0;61.0;BNHS_0626
BN101;0.0;10.0;60.0;BNHS_0626
BN161;0.0;10.0;60.0;BNHS_0626
BN78;0.0;10.0;60.0;BNHS_0626
BN87;0.0;10.0;60.0;BNHS_0626
BN90;0.0;10.0;60.0;BNHS_0626
BNCis101;0.0;10.0;60.0;BNHS_0626
BNCis109;0.0;10.0;60.0;BNHS_0626
BNCis110;0.0;10.0;60.0;BNHS_0626
BNCis118;0.0;10.0;60.0;BNHS_0626
BNCis98;0.0;10.0;60.0;BNHS_0626
S10;0.0;10.0;60.0;BNHS_0626
BNC-RC-05;0.0;10.0;60.0;BNHS_0626
BNC-RC-12;0.0;10.0;60.0;BNHS_0626
S36;0.0;10.0;59.5;BNHS_0626
BN117;0.0;10.0;56.0;BNHS_0626
BN86;0.0;10.0;56.0;BNHS_0626
BN147;0.0;10.0;55.0;BNHS_0626
BNCis107;0.0;10.0;55.0;BNHS_0626
BNCis108;0.0;10.0;55.0;BNHS_0626
BNCis117;0.0;10.0;55.0;BNHS_0626
BNCis153;0.0;10.0;55.0;BNHS_0626
BNCis66;0.0;10.0;55.0;BNHS_0626
S20;0.0;10.0;55.0;BNHS_0626
S26;0.0;10.0;55.0;BNHS_0626
S37;0.0;10.0;55.0;BNHS_0626
BNC-RC-10;0.0;10.0;55.0;BNHS_0626
BN68;0.0;10.0;50.0;BNHS_0626
BN71;0.0;10.0;50.0;BNHS_0626
S22;0.0;10.0;50.0;BNHS_0626
BNC-RC-01;0.0;10.0;50.0;BNHS_0626
BNC-RC-06;0.0;10.0;50.0;BNHS_0626
BNC-RC-08;0.0;10.0;50.0;BNHS_0626
BNC-RC-09;0.0;10.0;50.0;BNHS_0626
BNC-RC-14;0.0;10.0;50.0;BNHS_0626
BNC-RC-11;0.0;10.0;48.25;BNHS_0626
BN70;0.0;10.0;48.0;BNHS_0626
BN66;0.0;10.0;47.0;BNHS_0626
BN67;0.0;10.0;47.0;BNHS_0626
S28;0.0;10.0;45.0;BNHS_0626
BN-80Taille01T7R75;0.0;10.0;43.0;BNHS_0626
S17;113.0;10.0;41.0;BNHS_0626
BN-40TrTaille1CFR54;0.0;10.0;35.0;BNHS_0626
BN-40TrTaille1CFR61;0.0;10.0;35.0;BNHS_0626
BN-40TrER37F31;0.0;10.0;33.0;BNHS_0626
BN-40TrER37F35;0.0;10.0;33.0;BNHS_0626
BN-40TrER37F41;0.0;10.0;33.0;BNHS_0626
BN-40TrER37F42;0.0;10.0;33.0;BNHS_0626
BN-40TrWR37F3;0.0;10.0;33.0;BNHS_0626
BN-70FoTrEFR1;0.0;10.0;33.0;BNHS_0626
BN-70FoTrEFR2;0.0;10.0;33.0;BNHS_0626
BN-70FoTrEFR3;0.0;10.0;33.0;BNHS_0626
BN-70FoTrEFR4;0.0;10.0;33.0;BNHS_0626
BN-70FoTrEFR5;0.0;10.0;33.0;BNHS_0626
BN-70FoTrEFR6;0.0;10.0;33.0;BNHS_0626
BN-70FoTrEFR7;0.0;10.0;33.0;BNHS_0626
BN-40TrP5EF17;0.0;10.0;27.0;BNHS_0626
BN-40TrP5EF20;0.0;10.0;27.0;BNHS_0626
BN-40TrP5EF35;0.0;10.0;27.0;BNHS_0626
BN-40TrP5EF36;0.0;10.0;27.0;BNHS_0626
BN-40TrP5EF45;0.0;10.0;27.0;BNHS_0626
BN-40TrP5EF60;0.0;10.0;27.0;BNHS_0626
BN-40TrP5EF8;0.0;10.0;27.0;BNHS_0626
BN-40Tr1CSt2FR1;0.0;10.0;27.0;BNHS_0626
BN-40Tr1CSt2FR2;0.0;10.0;27.0;BNHS_0626
BN-40Tr1CSt2FR3;0.0;10.0;27.0;BNHS_0626
BN-40Tr1CSt2FR4;0.0;10.0;27.0;BNHS_0626
BN-40Tr1CSt2FR5;0.0;10.0;27.0;BNHS_0626
BN-40Tr1CSt2FR6;0.0;10.0;27.0;BNHS_0626
BN-40Tr1CSt2FR7;0.0;10.0;27.0;BNHS_0626
BN-40Tr1CSt2FR8;0.0;10.0;27.0;BNHS_0626
BN-40Tr1CSt2FR9;0.0;10.0;27.0;BNHS_0626
BN-40Tr1CSt2FR10;0.0;10.0;27.0;BNHS_0626
BN-40Tr1CSt2FR11;0.0;10.0;27.0;BNHS_0626
BN-40Tr1CSt2FR12;0.0;10.0;27.0;BNHS_0626
BN-40Tr1CSt2FR13;0.0;10.0;27.0;BNHS_0626
BN-40Tr1CSt2FR14;0.0;10.0;27.0;BNHS_0626
BN-40Tr1CSt2FR15;0.0;10.0;27.0;BNHS_0626
BN-40Tr1CSt2FR16;0.0;10.0;27.0;BNHS_0626
BN-40Tr1CSPEWFR14;0.0;10.0;27.0;BNHS_0626
BN-40TailleSNVR14;0.0;10.0;20.0;BNHS_0626
BN-40TailleSNVR8;0.0;10.0;20.0;BNHS_0626
BN-80TrE1F12;0.0;10.0;0.0;BNHS_0626
BN-80TrE1F13;0.0;10.0;0.0;BNHS_0626
BN-80TrE1F22;0.0;10.0;0.0;BNHS_0626
S46;0.0;10.0;0.0;BNHS_0626
S48;0.0;10.0;0.0;BNHS_0626
S51;0.0;10.0;0.0;BNHS_0626
BN-120TrRcp1R6;0.0;10.0;40.0;BNHS_0626
BN-40Taille1W6R5;0.0;10.0;42.0;BNHS_0626
BN-80Taille1W5R118;0.0;10.0;34.0;BNHS_0626
BN-80Taille1W4R48;0.0;10.0;30.0;BNHS_0626
BNC-RC-08;50.0;10.0;49.33;BNHS_0626
BN-40Taille1W5R41;0.0;10.0;45.0;BNHS_0626
BN-40Taille1W6R6;0.0;10.0;42.0;BNHS_0626
BN-80Taille1W3G14;0.0;10.0;28.0;BNHS_0626
BN-80Taille1W7R48;0.0;10.0;50.0;BNHS_0626
BNC-RC-09;50.0;10.0;49.91;BNHS_0626
BN-40TailleFoST3R3;0.0;10.0;30.0;BNHS_0626
BN-40TrP5WF89;0.0;10.0;46.0;BNHS_0626
BN-80Taille1C16R31;0.0;10.0;30.0;BNHS_0626
BN-80TrWF208;0.0;10.0;51.0;BNHS_0626
BN-80TrWF210;0.0;10.0;51.0;BNHS_0626
BN-40TailleFoST3R5;0.0;10.0;30.0;BNHS_0626
BN-40TrP5WF283;0.0;10.0;50.0;BNHS_0626
BNC-RC-14;50.0;10.0;49.51;BNHS_0626
BNC-RC-10;50.0;10.0;54.64;BNHS_0626
BN-80Taille1W4R49;0.0;10.0;30.0;BNHS_0626
BNO-PL07;240.0;10.0;85.85;BNHS_0626
BN-80Taille01T7R57;0.0;10.0;35.0;BNHS_0626
BN-120TrRcp2St1R3;0.0;10.0;25.0;BNHS_0626
BN-80Taille1W11R43;0.0;10.0;40.0;BNHS_0626
BN-120TrRcp2St2ER59;0.0;10.0;15.0;BNHS_0626
BN-80Taille1WG27;0.0;10.0;30.0;BNHS_0626
BN-120TrRcp2St1R15;0.0;10.0;23.0;BNHS_0626
BNC-RC-12;100.0;10.0;60.54;BNHS_0626
BNC-RC-12;50.0;10.0;60.16;BNHS_0626
BN-40TrP5WF87;0.0;10.0;47.0;BNHS_0626
BN-40TrP5WF95;0.0;10.0;45.0;BNHS_0626
BN-40TrP5WF63;0.0;10.0;36.0;BNHS_0626
BN-80TrEF73;0.0;10.0;22.0;BNHS_0626
BN-100TrSt3ER51;0.0;10.0;15.0;BNHS_0626
BN-40TrETBP1R4;0.0;10.0;0.0;BNHS_0626
BN-80TrWRcp3F8;0.0;10.0;3.0;BNHS_0626
BN-40Taille1W5R39;0.0;10.0;45.0;BNHS_0626
BN-80TrWF297;0.0;10.0;38.0;BNHS_0626
BN-80Taille01T7R56;0.0;10.0;35.0;BNHS_0626
BN208;115.0;10.0;83.49;BNHS_0626
BN-40TrP5WF305;0.0;10.0;18.0;BNHS_0626
BN-80TrEF46;0.0;10.0;10.0;BNHS_0626
BNO-PL07;249.0;10.0;85.94;BNHS_0626
BN-120TrRcp1R18;0.0;10.0;40.0;BNHS_0626
BN-80Taille1W18FR6;0.0;10.0;20.0;BNHS_0626
BN-80TrWRcp3F1;0.0;10.0;4.0;BNHS_0626
BN-80Taille1C11R35;0.0;10.0;30.0;BNHS_0626
BN-40Taille1W5R40;0.0;10.0;45.0;BNHS_0626
BN-80TrEF70;0.0;10.0;25.0;BNHS_0626
BN-40Taille1W6R2;0.0;10.0;42.0;BNHS_0626
BN-80TrWF341;0.0;10.0;25.0;BNHS_0626
BN-80Taille1C16R15;0.0;10.0;13.0;BNHS_0626
BN-120TrSt3ER15;0.0;10.0;20.0;BNHS_0626
BN-80Taille1C16R16;0.0;10.0;13.0;BNHS_0626
BN-40Taille02T3R12;0.0;10.0;45.0;BNHS_0626
BN-120TrRcp2St1R4;0.0;10.0;20.0;BNHS_0626
BN-80TrWF343;0.0;10.0;15.0;BNHS_0626
BN-40Taille1W6R3;0.0;10.0;42.0;BNHS_0626
BN-120TrRcp2St1R2;0.0;10.0;25.0;BNHS_0626
BN-40TailleFoST2R13;0.0;10.0;30.0;BNHS_0626
BN-40Taille02T3R15;0.0;10.0;45.0;BNHS_0626
BNO-PL07;243.0;10.0;85.87;BNHS_0626
BN-40TrP5WF86;0.0;11.0;47.0;BNHS_0626
BN-80Taille01T7R68;0.0;11.0;43.0;BNHS_0626
BN-80Taille01T7R76;0.0;11.0;43.0;BNHS_0626
BN-80TrTaille01B1F29;0.0;11.0;40.0;BNHS_0626
BN-80TrTaille01B1F30;0.0;11.0;40.0;BNHS_0626
BN-80TrTaille01B1F31;0.0;11.0;40.0;BNHS_0626
BN-80TrTaille01B1F32;0.0;11.0;40.0;BNHS_0626
BN-80TrTaille01B1F33;0.0;11.0;40.0;BNHS_0626
BN-80TrTaille01B1F34;0.0;11.0;40.0;BNHS_0626
BN-80TrTaille01B1F35;0.0;11.0;40.0;BNHS_0626
BN-80TrTaille01B1F36;0.0;11.0;40.0;BNHS_0626
BN-80TrTaille01B1F39;0.0;11.0;40.0;BNHS_0626
BN-80TrTaille01B1F40;0.0;11.0;40.0;BNHS_0626
BN-80TrTaille01B1F41;0.0;11.0;40.0;BNHS_0626
BN-80TrTaille01B1F42;0.0;11.0;40.0;BNHS_0626
BN-80TrTaille01B1F43;0.0;11.0;40.0;BNHS_0626
BN-80TrTaille01B1F44;0.0;11.0;40.0;BNHS_0626
BN-80TrTaille01B1F45;0.0;11.0;40.0;BNHS_0626
BN-80TrTaille01B1F46;0.0;11.0;40.0;BNHS_0626
BN-80TrTaille01B1F47;0.0;11.0;40.0;BNHS_0626
BN-80TrTaille01B1F48;0.0;11.0;40.0;BNHS_0626
BN-80TrTaille01B1F49;0.0;11.0;40.0;BNHS_0626
BN-80TrTaille01B1F50;0.0;11.0;40.0;BNHS_0626
BN-80TrTaille01B1F51;0.0;11.0;40.0;BNHS_0626
BN-80TrTaille01B1F52;0.0;11.0;40.0;BNHS_0626
BN-40TrTaille1CFR60;0.0;11.0;35.0;BNHS_0626
BN-40TrER37F13;0.0;11.0;33.0;BNHS_0626
BN-40TrER37F30;0.0;11.0;33.0;BNHS_0626
BN-40TrER37F32;0.0;11.0;33.0;BNHS_0626
BN-40TrER37F34;0.0;11.0;33.0;BNHS_0626
BN-40TrER37F36;0.0;11.0;33.0;BNHS_0626
BN-40TrER37F40;0.0;11.0;33.0;BNHS_0626
BN-80TrFOEF13;0.0;11.0;33.0;BNHS_0626
BN-40TrP5EF46;0.0;11.0;27.0;BNHS_0626
BN-40TrP5EF47;0.0;11.0;27.0;BNHS_0626
BN-40TrP5EF48;0.0;11.0;27.0;BNHS_0626
BN-40TrP5EF49;0.0;11.0;27.0;BNHS_0626
BN-40TrP5EF50;0.0;11.0;27.0;BNHS_0626
BN-40TrP5EF51;0.0;11.0;27.0;BNHS_0626
BN-40TrP5EF52;0.0;11.0;27.0;BNHS_0626
BN-40TrP5EF53;0.0;11.0;27.0;BNHS_0626
BN-40TailleSNVR11;0.0;11.0;20.0;BNHS_0626
BN-40TailleSNVR13;0.0;11.0;20.0;BNHS_0626
BN-40TailleSNVR7;0.0;11.0;20.0;BNHS_0626
BN-40TailleSNVR9;0.0;11.0;20.0;BNHS_0626
BNO-PL07;246.0;11.0;85.91;BNHS_0626
BN-80Taille1W10R8;0.0;11.0;40.0;BNHS_0626
BN-80Taille1W4R47;0.0;11.0;30.0;BNHS_0626
BN-120TrRcp2St1R1;0.0;11.0;30.0;BNHS_0626
BN-80TrEF58;0.0;11.0;20.0;BNHS_0626
BN-80Taille1W4R85;0.0;11.0;35.0;BNHS_0626
BN-80Taille1W7R54;0.0;11.0;50.0;BNHS_0626
BN-80TrWF227;0.0;11.0;45.0;BNHS_0626
BN-80TrWRcp3F11;0.0;11.0;5.0;BNHS_0626
BN-40Taille1W6R11;0.0;11.0;40.0;BNHS_0626
BN-80TrEF45;0.0;11.0;10.0;BNHS_0626
BN-80TrWF200;0.0;11.0;49.0;BNHS_0626
BN-80TrEF49;0.0;11.0;11.0;BNHS_0626
BN201;50.0;11.0;82.46;BNHS_0626
BN-40TrP5WF28;0.0;11.0;36.0;BNHS_0626
BN-40TrP5WF32;0.0;11.0;36.0;BNHS_0626
BN-120TrRcp2St1R5;0.0;11.0;20.0;BNHS_0626
BN-80TrEF43;0.0;11.0;12.0;BNHS_0626
BN-80TrERcp3F13;0.0;11.0;10.0;BNHS_0626
BN-40Taille1W5R17;0.0;11.0;45.0;BNHS_0626
BN-80Taille1C11R34;0.0;11.0;30.0;BNHS_0626
BN-40Taille1W5R43;0.0;11.0;45.0;BNHS_0626
BNC-RC-07;50.0;11.0;74.83;BNHS_0626
BNC-RC-14;90.0;11.0;50.47;BNHS_0626
BN-120TrRcp2St2ER63;0.0;11.0;12.0;BNHS_0626
BN-40Taille1W5R42;0.0;11.0;45.0;BNHS_0626
BN-80Taille1WG33;0.0;11.0;40.0;BNHS_0626
BN-80Taille1C16R34;0.0;11.0;20.0;BNHS_0626
BN-80TrERcp3F9;0.0;11.0;2.0;BNHS_0626
BN-80TrEF69;0.0;11.0;15.0;BNHS_0626
BN-140TrSt3PE;0.0;11.0;0.0;BNHS_0626
BN-80TrWRcp3F7;0.0;11.0;4.0;BNHS_0626
BN-40TrP5ERcp1F13;0.0;11.0;40.0;BNHS_0626
BN199;200.0;11.0;76.7;BNHS_0626
BN-120TrRcp1R17;0.0;11.0;40.0;BNHS_0626
BN-40TrP5WF40;0.0;11.0;36.0;BNHS_0626
BN-80TrWF20;0.0;11.0;5.0;BNHS_0626
BN-40TrP5ERcp1F5;0.0;11.0;34.0;BNHS_0626
BN-80TrEF47;0.0;11.0;10.0;BNHS_0626
BN-120TrRcp1R8;0.0;11.0;40.0;BNHS_0626
BN-120TrRcp1R19;0.0;11.0;40.0;BNHS_0626
BN-80TrWF167;0.0;11.0;48.0;BNHS_0626
BN201;0.0;12.0;79.0;BNHS_0626
BN-120TrEP5F14;0.0;12.0;45.0;BNHS_0626
BN-120TrEP5F15;0.0;12.0;45.0;BNHS_0626
BN-120TrEP5F16;0.0;12.0;45.0;BNHS_0626
BN-120TrEP5F17;0.0;12.0;45.0;BNHS_0626
BN-120TrEP5F18;0.0;12.0;45.0;BNHS_0626
BN-120TrEP5F19;0.0;12.0;45.0;BNHS_0626
BN-120TrEP5F20;0.0;12.0;45.0;BNHS_0626
BN-120TrEP5F21;0.0;12.0;45.0;BNHS_0626
BN-120TrEP5F22;0.0;12.0;45.0;BNHS_0626
BN-120TrEP5F23;0.0;12.0;45.0;BNHS_0626
BN-120TrEP5F24;0.0;12.0;45.0;BNHS_0626
BN-120TrEP5F25;0.0;12.0;45.0;BNHS_0626
BN-40TrEG10;0.0;12.0;45.0;BNHS_0626
BN-40TrEG13;0.0;12.0;45.0;BNHS_0626
BN-80Taille01T7R77;0.0;12.0;43.0;BNHS_0626
BN-48-1C-SAT2-TEFRB1;0.0;12.0;38.0;BNHS_0626
BN-48-1C-SAT2-TEFRB2;0.0;12.0;38.0;BNHS_0626
BN-48-1C-SAT2-TEFRB3;0.0;12.0;38.0;BNHS_0626
BN-48-1C-SAT2-TEFRB4;0.0;12.0;38.0;BNHS_0626
BN-48-1C-SAT2-TEFRB5;0.0;12.0;38.0;BNHS_0626
BN-40TrTaille1CFR55;0.0;12.0;35.0;BNHS_0626
BN-40TrTaille1CFR59;0.0;12.0;35.0;BNHS_0626
BN-40TrP5ERcp1F9;0.0;12.0;34.0;BNHS_0626
BN-40TrER37F39;0.0;12.0;33.0;BNHS_0626
BN-40TrWR37F4;0.0;12.0;33.0;BNHS_0626
BN-80TrFOEF11;0.0;12.0;33.0;BNHS_0626
BN-40TrP5EF11;0.0;12.0;27.0;BNHS_0626
BN-40TrP5EF30;0.0;12.0;27.0;BNHS_0626
BN-40TrP5EF6;0.0;12.0;27.0;BNHS_0626
BN-40TrP5EF61;0.0;12.0;27.0;BNHS_0626
BN-40TrP5EF62;0.0;12.0;27.0;BNHS_0626
BN-40TrP5EF9;0.0;12.0;27.0;BNHS_0626
BN-40TailleSNVR10;0.0;12.0;20.0;BNHS_0626
BN-40TailleSNVR12;0.0;12.0;20.0;BNHS_0626
BN-80TrE1F19;0.0;12.0;0.0;BNHS_0626
BN-80TrE1F26;0.0;12.0;0.0;BNHS_0626
BN-80TrE1F28;0.0;12.0;0.0;BNHS_0626
BN199;150.0;12.0;76.74;BNHS_0626
BN-80TrEF44;0.0;12.0;12.0;BNHS_0626
BNO-PL07;258.0;12.0;85.81;BNHS_0626
BN-120TrRcp2St1R16;0.0;12.0;23.0;BNHS_0626
BN208;100.0;12.0;83.41;BNHS_0626
BN-80TrWF228;0.0;12.0;45.0;BNHS_0626
BN-40TrP5WF38;0.0;12.0;36.0;BNHS_0626
BN-80Taille1WG18;0.0;12.0;43.0;BNHS_0626
BN-80TrWRcp3F2;0.0;12.0;3.0;BNHS_0626
BN-80Taille1W5R116;0.0;12.0;34.0;BNHS_0626
BN-120TrRcp2St1R14;0.0;12.0;25.0;BNHS_0626
BN-80TrWF229;0.0;12.0;45.0;BNHS_0626
BN-120TrRcp2St1R18;0.0;12.0;23.0;BNHS_0626
BN-123TrWSt2Rcp1FR15;0.0;12.0;35.0;BNHS_0626
BN-123TrWSt2Rcp1FR16;0.0;12.0;35.0;BNHS_0626
BN-123TrWSt2Rcp1FR17;0.0;12.0;35.0;BNHS_0626
BN-80TrWF376;0.0;12.0;30.0;BNHS_0626
BN-120TrRcp2St2ER62;0.0;12.0;12.0;BNHS_0626
BNC-RC-10;100.0;12.0;54.28;BNHS_0626
BNO-PL07;252.0;12.0;85.83;BNHS_0626
BNO-PL07;255.0;12.0;85.83;BNHS_0626
BN-120TrRcp1R24;0.0;12.0;40.0;BNHS_0626
BN-80Taille1C11R33;0.0;12.0;30.0;BNHS_0626
BN-80TrWRcp3F9;0.0;12.0;3.0;BNHS_0626
BN-120TrRcp1R20;0.0;12.0;40.0;BNHS_0626
BN-120TrRcp2St1R17;0.0;12.0;23.0;BNHS_0626
BN-80TrERcp3F6;0.0;12.0;4.0;BNHS_0626
BN-40TrP5ERcp1F12;0.0;12.0;40.0;BNHS_0626
BN-120TrRcp2St1R6;0.0;12.0;15.0;BNHS_0626
BN199;50.0;12.0;76.36;BNHS_0626
BN-80Taille1W4R83;0.0;12.0;40.0;BNHS_0626
BNO-PL07;261.0;12.0;85.74;BNHS_0626
BN-80Taille1W4R64;0.0;12.0;34.0;BNHS_0626
BN-40TrP5WF88;0.0;12.0;44.0;BNHS_0626
BN-80TrERcp3F1;0.0;12.0;3.0;BNHS_0626
BN199;100.0;12.0;76.34;BNHS_0626
BN-120TrRcp1R9;0.0;12.0;40.0;BNHS_0626
BN-80TrERcp3F5;0.0;12.0;2.0;BNHS_0626
BN-120TrRcp2St2ER60;0.0;12.0;15.0;BNHS_0626
BN-100TrSt3ER55;0.0;12.0;13.0;BNHS_0626
BN-120TrRcp1R10;0.0;12.0;40.0;BNHS_0626
BN-80TrEF36;0.0;12.0;14.0;BNHS_0626
BN199;246.0;12.0;76.33;BNHS_0626
BN-80Taille1W4R46;0.0;12.0;38.0;BNHS_0626
BNO-PL07;264.0;12.0;85.73;BNHS_0626
BN-80Taille1W4R61;0.0;12.0;34.0;BNHS_0626
BN-80TrEF59;0.0;12.0;20.0;BNHS_0626
BN-40Taille1W6R1;0.0;12.0;42.0;BNHS_0626
BN-80Taille1W4R63;0.0;12.0;34.0;BNHS_0626
BN-80TrEF35;0.0;12.0;14.0;BNHS_0626
BN-80Taille1W4R42;0.0;12.0;42.0;BNHS_0626
BN-80TrEF41;0.0;12.0;12.0;BNHS_0626
BN-120TrSt3ER16;0.0;12.0;20.0;BNHS_0626
BN-120TrRcp2St1R7;0.0;12.0;15.0;BNHS_0626
BN-40TrEG12;0.0;13.0;45.0;BNHS_0626
BN-48-1C-SAT2-TWFR1;0.0;13.0;38.0;BNHS_0626
BN-48-1C-SAT2-TWFR2;0.0;13.0;38.0;BNHS_0626
BN-48-1C-SAT2-TWFR3;0.0;13.0;38.0;BNHS_0626
BN-48-1C-SAT2-TWFR4;0.0;13.0;38.0;BNHS_0626
BN-48-1C-SAT2-TWFR5;0.0;13.0;38.0;BNHS_0626
BN-48-1C-SAT2-TWFR6;0.0;13.0;38.0;BNHS_0626
BN-48-1C-SAT2-TWFR7;0.0;13.0;38.0;BNHS_0626
BN-48-1C-SAT2-TWFR10;0.0;13.0;38.0;BNHS_0626
BN-40TrP5WF33;0.0;13.0;36.0;BNHS_0626
BN-40TrP5WF39;0.0;13.0;36.0;BNHS_0626
BN-40TrTaille1CFR58;0.0;13.0;35.0;BNHS_0626
BN-80Taille1W4R65;0.0;13.0;34.0;BNHS_0626
BN-80TrFOEF14;0.0;13.0;33.0;BNHS_0626
BN-40TrP5EF32;0.0;13.0;27.0;BNHS_0626
BN-40TrP5EF33;0.0;13.0;27.0;BNHS_0626
BN-40Tr1CSPEWFR15;0.0;13.0;27.0;BNHS_0626
BN-40Tr1CSPEWFR16;0.0;13.0;27.0;BNHS_0626
BN-40Tr1CSPEWFR17;0.0;13.0;27.0;BNHS_0626
BN-40Tr1CSPEWFR18;0.0;13.0;27.0;BNHS_0626
BN-80TrE2F15;0.0;13.0;0.0;BNHS_0626
BN-80TrERcp3F3;0.0;13.0;8.0;BNHS_0626
BN-40TailleFoST2R14;0.0;13.0;30.0;BNHS_0626
BN-120TrRcp2St1R19;0.0;13.0;18.0;BNHS_0626
BNO-PL07;270.0;13.0;85.9;BNHS_0626
BN-80TrEF42;0.0;13.0;12.0;BNHS_0626
BN-80TrWRcp3F12;0.0;13.0;3.0;BNHS_0626
BN-80TrERcp3F11;0.0;13.0;3.0;BNHS_0626
BN-120TrRcp1R23;0.0;13.0;40.0;BNHS_0626
BN-40TrP5ERcp1F14;0.0;13.0;40.0;BNHS_0626
BN-40TrP5ERcp1F8;0.0;13.0;34.0;BNHS_0626
BN-80Taille1W4R84;0.0;13.0;35.0;BNHS_0626
BN-40Taille1W6R4;0.0;13.0;42.0;BNHS_0626
BN-120TrRcp2St2ER61;0.0;13.0;12.0;BNHS_0626
BN-40Taille1W6R15;0.0;13.0;45.0;BNHS_0626
BN-120TrRcp1R12;0.0;13.0;40.0;BNHS_0626
BN-120TrRcp2St1R13;0.0;13.0;25.0;BNHS_0626
BN-80Taille1W4R37;0.0;13.0;38.0;BNHS_0626
BN-80Taille1W10R9;0.0;13.0;40.0;BNHS_0626
BN-80TrWF174;0.0;13.0;45.0;BNHS_0626
BN-80TrEF68;0.0;13.0;15.0;BNHS_0626
BN-80Taille1W4R43;0.0;13.0;42.0;BNHS_0626
BN-120TrRcp2St1R20;0.0;13.0;18.0;BNHS_0626
BN201;100.0;13.0;82.32;BNHS_0626
BN-120TrRcp1R7;0.0;13.0;40.0;BNHS_0626
BN-40Taille1W6R9;0.0;13.0;40.0;BNHS_0626
BN-80TrWRcp3F10;0.0;13.0;2.0;BNHS_0626
BN-80Taille1C16R33;0.0;13.0;30.0;BNHS_0626
BN-40Taille1W6R10;0.0;13.0;40.0;BNHS_0626
BN-40TrP5ERcp1F7;0.0;13.0;34.0;BNHS_0626
BN-80Taille1W4R60;0.0;13.0;34.0;BNHS_0626
BN-80Taille1W4R39;0.0;13.0;42.0;BNHS_0626
BN-80Taille1W3G9;0.0;13.0;22.0;BNHS_0626
BN-80TrERcp3F2;0.0;13.0;4.0;BNHS_0626
BN-40TrP5WF327;0.0;13.0;40.0;BNHS_0626
BN-80Taille1W10R12;0.0;13.0;40.0;BNHS_0626
BN-80TrWF298;0.0;13.0;40.0;BNHS_0626
BN-80TrWF342;0.0;13.0;30.0;BNHS_0626
BN-120TrRcp1R11;0.0;13.0;40.0;BNHS_0626
BNO-PL07;279.0;13.0;85.92;BNHS_0626
BN-80Taille1W4R36;0.0;13.0;42.0;BNHS_0626
BN-120TrRcp1R21;0.0;13.0;40.0;BNHS_0626
BN-120TrRcp1R16;0.0;13.0;40.0;BNHS_0626
BN-80TrWF299;0.0;13.0;45.0;BNHS_0626
BN-120TrRcp2St1R24;0.0;13.0;25.0;BNHS_0626
BN-80Taille1W11R12;0.0;13.0;35.0;BNHS_0626
BN-80TrWRcp3F14;0.0;13.0;6.0;BNHS_0626
BN-80Taille1W3G8;0.0;13.0;22.0;BNHS_0626
BN-40Tr2WF1;0.0;14.0;44.0;BNHS_0626
BN-80Taille01T7R58;0.0;14.0;43.0;BNHS_0626
BN-80Taille01T7R78;0.0;14.0;43.0;BNHS_0626
BN-40TrTaille1CFR57;0.0;14.0;35.0;BNHS_0626
BN-70FoTrWFR1;0.0;14.0;35.0;BNHS_0626
BN-70FoTrWFR2;0.0;14.0;35.0;BNHS_0626
BN-70FoTrWFR3;0.0;14.0;35.0;BNHS_0626
BN-70FoTrWFR4;0.0;14.0;35.0;BNHS_0626
BN-70FoTrWFR5;0.0;14.0;35.0;BNHS_0626
BN-70FoTrWFR6;0.0;14.0;35.0;BNHS_0626
BN-70FoTrWFR7;0.0;14.0;35.0;BNHS_0626
BN-70FoTrWFR8;0.0;14.0;35.0;BNHS_0626
BN-70FoTrWFR9;0.0;14.0;35.0;BNHS_0626
BN-40TrER37F37;0.0;14.0;33.0;BNHS_0626
BN-40TrER37F38;0.0;14.0;33.0;BNHS_0626
BN-70FoTrEFR10;0.0;14.0;33.0;BNHS_0626
BN-70FoTrEFR11;0.0;14.0;33.0;BNHS_0626
BN-70FoTrEFR12;0.0;14.0;33.0;BNHS_0626
BN-70FoTrEFR13;0.0;14.0;33.0;BNHS_0626
BN-70FoTrEFR14;0.0;14.0;33.0;BNHS_0626
BN-70FoTrEFR8;0.0;14.0;33.0;BNHS_0626
BN-70FoTrEFR9;0.0;14.0;33.0;BNHS_0626
BN-80TrFOWF19;0.0;14.0;33.0;BNHS_0626
BN-40TrP5EF29;0.0;14.0;27.0;BNHS_0626
BN-120TrRcp2St1R22;0.0;14.0;18.0;BNHS_0626
BN-40Rcp209PW;0.0;14.0;0.0;BNHS_0626
BN-80TrE1F27;0.0;14.0;0.0;BNHS_0626
BN-80TrE1F31;0.0;14.0;0.0;BNHS_0626
BN-40TrP5WF329;0.0;14.0;45.0;BNHS_0626
BN-80Taille1W4R51;0.0;14.0;38.0;BNHS_0626
BN-100TrSt3ER52;0.0;14.0;15.0;BNHS_0626
BN-80Taille1WTrR5;0.0;14.0;35.0;BNHS_0626
BN-120TrRcp1R2;0.0;14.0;40.0;BNHS_0626
BN-40TrP5WF97;0.0;14.0;45.0;BNHS_0626
BN-40TrP5ERcp1F2;0.0;14.0;35.0;BNHS_0626
BN-80Taille1W4R41;0.0;14.0;38.0;BNHS_0626
BNO-PL07;276.0;14.0;85.95;BNHS_0626
BN-120TrRcp2St1R21;0.0;14.0;18.0;BNHS_0626
BNO-PL07;267.0;14.0;85.81;BNHS_0626
BN198;277.0;14.0;84.88;BNHS_0626
BN-120TrRcp2St1R8;0.0;14.0;15.0;BNHS_0626
BN-80Taille1W3G12;0.0;14.0;30.0;BNHS_0626
BN-80TrEF67;0.0;14.0;15.0;BNHS_0626
BN-80TrERcp3F7;0.0;14.0;2.0;BNHS_0626
BNC-RC-02;50.0;14.0;80.74;BNHS_0626
BNO-PL07;273.0;14.0;85.84;BNHS_0626
BN-120TrRcp1R15;0.0;14.0;40.0;BNHS_0626
BN-40TrP5ERcp1F4;0.0;14.0;40.0;BNHS_0626
BN-40TrP5WF42;0.0;14.0;36.0;BNHS_0626
BN-80Taille1W4R38;0.0;14.0;30.0;BNHS_0626
BN-120TrRcp2St1R9;0.0;14.0;15.0;BNHS_0626
BN-120TrRcp1R14;0.0;14.0;40.0;BNHS_0626
BN-80TrEF60;0.0;14.0;5.0;BNHS_0626
BN-120TrRcp2St1R10;0.0;14.0;25.0;BNHS_0626
BN-80Taille1W4R34;0.0;14.0;42.0;BNHS_0626
BN-80TrEF57;0.0;14.0;16.0;BNHS_0626
BN-80Taille1W4R52;0.0;14.0;38.0;BNHS_0626
BN-80Taille1W11R15;0.0;14.0;35.0;BNHS_0626
BN-40Taille1W6R14;0.0;14.0;40.0;BNHS_0626
BN-40TrP5WF41;0.0;14.0;36.0;BNHS_0626
BN-120TrRcp1R13;0.0;14.0;40.0;BNHS_0626
BN-40Taille1W6R8;0.0;14.0;40.0;BNHS_0626
BN-80Taille1W4R71;0.0;14.0;38.0;BNHS_0626
BN-40TrP5ERcp1F11;0.0;14.0;40.0;BNHS_0626
BN-40Taille1W6R16;0.0;14.0;45.0;BNHS_0626
BN-80Taille1W11R11;0.0;14.0;35.0;BNHS_0626
BN-80Taille1W4R35;0.0;14.0;42.0;BNHS_0626
BN-80Taille1W4R45;0.0;14.0;38.0;BNHS_0626
BN-120TrRcp2St1R25;0.0;14.0;25.0;BNHS_0626
BN-80TrWRcp3F13;0.0;14.0;2.0;BNHS_0626
BN166;0.0;15.0;82.0;BNHS_0626
BN163;0.0;15.0;74.0;BNHS_0626
BN213;0.0;15.0;66.0;BNHS_0626
BN-40TrEG17;0.0;15.0;45.0;BNHS_0626
BN-80Taille01T7R59;0.0;15.0;43.0;BNHS_0626
BN-80Taille01T7R66;0.0;15.0;43.0;BNHS_0626
BN-80Taille01T7R81;0.0;15.0;43.0;BNHS_0626
BN-130TrWSt2Rcp3FR12;0.0;15.0;38.0;BNHS_0626
BN-116TrSt2ER1;0.0;15.0;35.0;BNHS_0626
BN-116TrSt2ER10;0.0;15.0;35.0;BNHS_0626
BN-116TrSt2ER11;0.0;15.0;35.0;BNHS_0626
BN-116TrSt2ER12;0.0;15.0;35.0;BNHS_0626
BN-116TrSt2ER13;0.0;15.0;35.0;BNHS_0626
BN-116TrSt2ER14;0.0;15.0;35.0;BNHS_0626
BN-116TrSt2ER15;0.0;15.0;35.0;BNHS_0626
BN-116TrSt2ER16;0.0;15.0;35.0;BNHS_0626
BN-116TrSt2ER17;0.0;15.0;35.0;BNHS_0626
BN-116TrSt2ER19;0.0;15.0;35.0;BNHS_0626
BN-116TrSt2ER2;0.0;15.0;35.0;BNHS_0626
BN-116TrSt2ER3;0.0;15.0;35.0;BNHS_0626
BN-116TrSt2ER4;0.0;15.0;35.0;BNHS_0626
BN-116TrSt2ER5;0.0;15.0;35.0;BNHS_0626
BN-116TrSt2ER6;0.0;15.0;35.0;BNHS_0626
BN-116TrSt2ER7;0.0;15.0;35.0;BNHS_0626
BN-116TrSt2ER8;0.0;15.0;35.0;BNHS_0626
BN-116TrSt2ER9;0.0;15.0;35.0;BNHS_0626
BN-40TrTaille1CFR56;0.0;15.0;35.0;BNHS_0626
BN-40TrWR37F7;0.0;15.0;33.0;BNHS_0626
BN-70FoTrEFR15;0.0;15.0;33.0;BNHS_0626
BN-70FoTrEFR16;0.0;15.0;33.0;BNHS_0626
BN-70FoTrEFR17;0.0;15.0;33.0;BNHS_0626
BN-70FoTrEFR18;0.0;15.0;33.0;BNHS_0626
BN-80TrFOEF12;0.0;15.0;33.0;BNHS_0626
BN-80TrFOWF11;0.0;15.0;33.0;BNHS_0626
BN-80TrFOWF17;0.0;15.0;33.0;BNHS_0626
BN-40TrP5EF34;0.0;15.0;27.0;BNHS_0626
BN-40TailleSNVR5;0.0;15.0;20.0;BNHS_0626
BN-80TrE1F17;0.0;15.0;0.0;BNHS_0626
BN-80TrE1F18;0.0;15.0;0.0;BNHS_0626
BN-80TrE2F14;0.0;15.0;0.0;BNHS_0626
BNO-PL07;282.0;15.0;85.9;BNHS_0626
BN-80TrWF173;0.0;15.0;38.0;BNHS_0626
BN-40TrP5WF98;0.0;15.0;45.0;BNHS_0626
BN-120TrRcp1R27;0.0;15.0;40.0;BNHS_0626
BN-80Taille1W4R40;0.0;15.0;38.0;BNHS_0626
BN-80TrWF209;0.0;15.0;51.0;BNHS_0626
BN-40TrP5ERcp1F3;0.0;15.0;40.0;BNHS_0626
BN-120TrRcp2St1R23;0.0;15.0;25.0;BNHS_0626
BN-80TrWRcp3F3;0.0;15.0;3.0;BNHS_0626
BN-80TrERcp3F4;0.0;15.0;5.0;BNHS_0626
BN-40TrP5WF155;0.0;15.0;38.0;BNHS_0626
BN-80TrEF37;0.0;15.0;12.0;BNHS_0626
BN-80TrWF166;0.0;15.0;48.0;BNHS_0626
BN-40Taille1W2R55;0.0;15.0;38.0;BNHS_0626
BNO-PL07;300.0;15.0;85.82;BNHS_0626
BN-120TrRcp2St1R12;0.0;15.0;25.0;BNHS_0626
BN-80TrWF296;0.0;15.0;40.0;BNHS_0626
BN-40Taille1W6R17;0.0;15.0;45.0;BNHS_0626
BN-40TailleFoST2R18;0.0;15.0;30.0;BNHS_0626
BN-40Taille1W2R53;0.0;15.0;38.0;BNHS_0626
BN196;200.0;15.0;75.73;BNHS_0626
BNO-PL07;285.0;15.0;85.99;BNHS_0626
BN-80TrWF374;0.0;15.0;30.0;BNHS_0626
BN-80Taille1WTrR2;0.0;15.0;35.0;BNHS_0626
BN-40TrP5WF147;0.0;16.0;45.0;BNHS_0626
BN-80Taille01T7R61;0.0;16.0;43.0;BNHS_0626
BN-80Taille01T7R67;0.0;16.0;43.0;BNHS_0626
BN-80Taille01T7R82;0.0;16.0;43.0;BNHS_0626
BN-40TrWR37F6;0.0;16.0;33.0;BNHS_0626
BN-40TrP5EF21;0.0;16.0;27.0;BNHS_0626
BN-40TrP5EF24;0.0;16.0;27.0;BNHS_0626
BN-120TrRcp2St1R11;0.0;16.0;25.0;BNHS_0626
BN-40TailleSNVR4;0.0;16.0;20.0;BNHS_0626
BN-80Taille1W4R44;0.0;16.0;38.0;BNHS_0626
BNO-PL07;303.0;16.0;85.75;BNHS_0626
BN-120TrSt3ER17;0.0;16.0;20.0;BNHS_0626
BN-40TrP5WF35;0.0;16.0;36.0;BNHS_0626
BN196;250.0;16.0;76.19;BNHS_0626
BN-40Taille1W6R13;0.0;16.0;40.0;BNHS_0626
BN-40TrP5WF34;0.0;16.0;36.0;BNHS_0626
BN-40TrP5WF36;0.0;16.0;36.0;BNHS_0626
BN-40Taille1W6R12;0.0;16.0;40.0;BNHS_0626
BN-80TrWRcp3F4;0.0;16.0;3.0;BNHS_0626
BN-120TrRcp1R28;0.0;16.0;40.0;BNHS_0626
BN-80TrWRcp3F5;0.0;16.0;3.0;BNHS_0626
BN-120TrRcp1R22;0.0;16.0;40.0;BNHS_0626
BNO-PL07;288.0;16.0;85.92;BNHS_0626
BN196;270.0;16.0;75.71;BNHS_0626
BN-40Taille1W6R7;0.0;16.0;42.0;BNHS_0626
BN-80Taille1W11R14;0.0;16.0;35.0;BNHS_0626
BNF15;0.0;16.0;32.0;BNHS_0626
BNO-PL07;291.0;16.0;85.96;BNHS_0626
BN-80Taille1WTrR1;0.0;16.0;35.0;BNHS_0626
BN-80TrEF56;0.0;16.0;20.0;BNHS_0626
BN-40TrP5WF99;0.0;16.0;45.0;BNHS_0626
BNO-PL07;294.0;16.0;85.91;BNHS_0626
BNF27;0.0;17.0;50.0;BNHS_0626
BN-40TrEG14;0.0;17.0;45.0;BNHS_0626
BN-80Taille01T7R63;0.0;17.0;43.0;BNHS_0626
BN-80Taille01T7R64;0.0;17.0;43.0;BNHS_0626
BN-40TrER37F14;0.0;17.0;33.0;BNHS_0626
BN-80TrFOWF12;0.0;17.0;33.0;BNHS_0626
BN-40TrP5EF27;0.0;17.0;27.0;BNHS_0626
BN-40TrP5EF28;0.0;17.0;27.0;BNHS_0626
BN-100Tr1CEFR1;0.0;17.0;20.0;BNHS_0626
BN-100Tr1CEFR10;0.0;17.0;20.0;BNHS_0626
BN-100Tr1CEFR11;0.0;17.0;20.0;BNHS_0626
BN-100Tr1CEFR12;0.0;17.0;20.0;BNHS_0626
BN-100Tr1CEFR13;0.0;17.0;20.0;BNHS_0626
BN-100Tr1CEFR2;0.0;17.0;20.0;BNHS_0626
BN-100Tr1CEFR3;0.0;17.0;20.0;BNHS_0626
BN-100Tr1CEFR4;0.0;17.0;20.0;BNHS_0626
BN-100Tr1CEFR5;0.0;17.0;20.0;BNHS_0626
BN-100Tr1CEFR6;0.0;17.0;20.0;BNHS_0626
BN-100Tr1CEFR7;0.0;17.0;20.0;BNHS_0626
BN-100Tr1CEFR8;0.0;17.0;20.0;BNHS_0626
BN-100Tr1CEFR9;0.0;17.0;20.0;BNHS_0626
BN-100Tr1CEFR14;0.0;17.0;18.0;BNHS_0626
BN-100Tr1CEFR15;0.0;17.0;18.0;BNHS_0626
BN-100Tr1CEFR16;0.0;17.0;18.0;BNHS_0626
BN-100Tr1CEFR17;0.0;17.0;18.0;BNHS_0626
BN-80TrWRcp3F6;0.0;17.0;4.0;BNHS_0626
BN-80TrE1F21;0.0;17.0;0.0;BNHS_0626
BN-80TrE1F23;0.0;17.0;0.0;BNHS_0626
BN-80TrE1F37;0.0;17.0;0.0;BNHS_0626
BN-80TrERcp3F8;0.0;17.0;7.0;BNHS_0626
BN-40TrP5WF37;0.0;17.0;36.0;BNHS_0626
BN-120TrRcp1R29;0.0;17.0;40.0;BNHS_0626
BN-40Taille1W2R47;0.0;17.0;38.0;BNHS_0626
BN-80Taille1W11R13;0.0;17.0;35.0;BNHS_0626
BN-40TrP5WF110;0.0;17.0;37.0;BNHS_0626
BN-40Taille1W2R54;0.0;17.0;38.0;BNHS_0626
BN201;150.0;17.0;82.29;BNHS_0626
BN-80TrEF40;0.0;17.0;11.0;BNHS_0626
BN-120TrRcp1R25;0.0;17.0;40.0;BNHS_0626
BN-40TrP5WF328;0.0;17.0;35.0;BNHS_0626
BN-80TrEF38;0.0;17.0;15.0;BNHS_0626
BN-40TrP5ERcp1F6;0.0;17.0;40.0;BNHS_0626
BN-40Taille1W2R52;0.0;17.0;38.0;BNHS_0626
BNO-PL07;306.0;17.0;85.79;BNHS_0626
BN-40Taille1W2R48;0.0;17.0;38.0;BNHS_0626
BN-40TrP5WF108;0.0;17.0;40.0;BNHS_0626
BNO-PL07;297.0;17.0;85.86;BNHS_0626
BN-80Taille01T7R62;0.0;18.0;43.0;BNHS_0626
BN-80Taille01T7R83;0.0;18.0;43.0;BNHS_0626
BN-48-1C-SAT2-TEFR1;0.0;18.0;38.0;BNHS_0626
BN-48-1C-SAT2-TEFR2;0.0;18.0;38.0;BNHS_0626
BN-48-1C-SAT2-TEFR3;0.0;18.0;38.0;BNHS_0626
BN-48-1C-SAT2-TEFR4;0.0;18.0;38.0;BNHS_0626
BN-48-1C-SAT2-TEFR5;0.0;18.0;38.0;BNHS_0626
BN-48-1C-SAT2-TEFR6;0.0;18.0;38.0;BNHS_0626
BN-48-1C-SAT2-TEFR7;0.0;18.0;38.0;BNHS_0626
BN-48-1C-SAT2-TEFR8;0.0;18.0;38.0;BNHS_0626
BN-40TrWR37F5;0.0;18.0;33.0;BNHS_0626
BN-40TrP5EF23;0.0;18.0;27.0;BNHS_0626
BN-116TrSt2WR1;0.0;18.0;22.0;BNHS_0626
BN-116TrSt2WR2;0.0;18.0;22.0;BNHS_0626
BN-116TrSt2WR3;0.0;18.0;22.0;BNHS_0626
BN-116TrSt2WR4;0.0;18.0;22.0;BNHS_0626
BN-116TrSt2WR5;0.0;18.0;22.0;BNHS_0626
BN-116TrSt2WR6;0.0;18.0;22.0;BNHS_0626
BN-116TrSt2WR7;0.0;18.0;22.0;BNHS_0626
BN-120TrSt3ER18;0.0;18.0;20.0;BNHS_0626
BN-40TrP5WF118;0.0;18.0;34.0;BNHS_0626
BN-40TailleFoST2R19;0.0;18.0;30.0;BNHS_0626
BNF54;0.0;18.0;40.0;BNHS_0626
BN-40TrP5WF119;0.0;18.0;45.0;BNHS_0626
BN-80TrWF206;0.0;18.0;56.0;BNHS_0626
BN-80Taille1WTrR3;0.0;18.0;35.0;BNHS_0626
BN-40Taille1W2R51;0.0;18.0;38.0;BNHS_0626
BN-80TrEF66;0.0;18.0;5.0;BNHS_0626
BN-80TrWF375;0.0;18.0;30.0;BNHS_0626
BN-120TrRcp1R26;0.0;18.0;40.0;BNHS_0626
BN-120TrRcp1R31;0.0;18.0;40.0;BNHS_0626
BN-120TrSt3ER22;0.0;18.0;25.0;BNHS_0626
BN-120TrSt3ER23;0.0;18.0;25.0;BNHS_0626
BN-120TrSt3ER24;0.0;18.0;25.0;BNHS_0626
BN-120TrSt3ER25;0.0;18.0;25.0;BNHS_0626
BN196;150.0;19.0;76.6;BNHS_0626
BN196;100.0;19.0;76.01;BNHS_0626
BN196;0.0;19.0;76.0;BNHS_0626
BN196;50.0;19.0;74.78;BNHS_0626
BN-40TrEG11;0.0;19.0;45.0;BNHS_0626
BN-40TrEG16;0.0;19.0;45.0;BNHS_0626
BN-80Taille01T7R65;0.0;19.0;43.0;BNHS_0626
BN-80TrFOWF13;0.0;19.0;33.0;BNHS_0626
BN-130TrWSt1Rcp1FR1;0.0;19.0;25.0;BNHS_0626
BN-130TrWSt1Rcp1FR2;0.0;19.0;25.0;BNHS_0626
BN-130TrWSt1Rcp1FR3;0.0;19.0;25.0;BNHS_0626
BN-130TrWSt1Rcp1FR4;0.0;19.0;25.0;BNHS_0626
BN-130TrWSt1Rcp1FR5;0.0;19.0;25.0;BNHS_0626
BN-130TrWSt1Rcp1FR6;0.0;19.0;25.0;BNHS_0626
BN-130TrWSt1Rcp1FR7;0.0;19.0;25.0;BNHS_0626
BN-120TrSt3ER21;0.0;19.0;25.0;BNHS_0626
BN-80Taille1WTrR4;0.0;19.0;35.0;BNHS_0626
BN-40Taille1W2R50;0.0;19.0;38.0;BNHS_0626
BN-40TrP5WF326;0.0;19.0;40.0;BNHS_0626
BNCis23;0.0;20.0;76.0;BNHS_0626
S38;0.0;20.0;75.0;BNHS_0626
BN122;0.0;20.0;70.0;BNHS_0626
BN82;0.0;20.0;60.0;BNHS_0626
S32;0.0;20.0;50.0;BNHS_0626
BN-40TrEG15;0.0;20.0;45.0;BNHS_0626
BN-40Tr2EF3;0.0;20.0;44.0;BNHS_0626
BN-40Tr2EF5;0.0;20.0;44.0;BNHS_0626
BN-80Taille01T7R84;0.0;20.0;43.0;BNHS_0626
BN-130TrWSt1Rcp3FR24;0.0;20.0;35.0;BNHS_0626
BN-70TailleFoET3R1;0.0;20.0;35.0;BNHS_0626
BN-70TailleFoET3R2;0.0;20.0;35.0;BNHS_0626
BN-70TailleFoET3R3;0.0;20.0;35.0;BNHS_0626
BN-70TailleFoET3R4;0.0;20.0;35.0;BNHS_0626
BN-70TailleFoET3R5;0.0;20.0;35.0;BNHS_0626
BN-70TailleFoET3R6;0.0;20.0;35.0;BNHS_0626
BN-70TailleFoET3R7;0.0;20.0;35.0;BNHS_0626
BN-70TailleFoET3R8;0.0;20.0;35.0;BNHS_0626
BN-80TrFOEF7;0.0;20.0;33.0;BNHS_0626
BN-40TrP5EF25;0.0;20.0;27.0;BNHS_0626
BN-100Tr1CWFR1;0.0;20.0;20.0;BNHS_0626
BN-100Tr1CWFR10;0.0;20.0;20.0;BNHS_0626
BN-100Tr1CWFR11;0.0;20.0;20.0;BNHS_0626
BN-100Tr1CWFR12;0.0;20.0;20.0;BNHS_0626
BN-100Tr1CWFR13;0.0;20.0;20.0;BNHS_0626
BN-100Tr1CWFR14;0.0;20.0;20.0;BNHS_0626
BN-100Tr1CWFR15;0.0;20.0;20.0;BNHS_0626
BN-100Tr1CWFR16;0.0;20.0;20.0;BNHS_0626
BN-100Tr1CWFR17;0.0;20.0;20.0;BNHS_0626
BN-100Tr1CWFR2;0.0;20.0;20.0;BNHS_0626
BN-100Tr1CWFR3;0.0;20.0;20.0;BNHS_0626
BN-100Tr1CWFR4;0.0;20.0;20.0;BNHS_0626
BN-100Tr1CWFR5;0.0;20.0;20.0;BNHS_0626
BN-100Tr1CWFR6;0.0;20.0;20.0;BNHS_0626
BN-100Tr1CWFR7;0.0;20.0;20.0;BNHS_0626
BN-100Tr1CWFR8;0.0;20.0;20.0;BNHS_0626
BN-100Tr1CWFR9;0.0;20.0;20.0;BNHS_0626
BN-80TrE1F32;0.0;20.0;0.0;BNHS_0626
BN-80TrE1F33;0.0;20.0;0.0;BNHS_0626
BN-80TrE1F36;0.0;20.0;0.0;BNHS_0626
BN-40TrP5WF292;0.0;20.0;35.0;BNHS_0626
BN-80TrEF54;0.0;20.0;14.0;BNHS_0626
BN-120TrRcp1R1;0.0;20.0;40.0;BNHS_0626
BN201;200.0;20.0;82.26;BNHS_0626
BN-80TrEF52;0.0;20.0;17.0;BNHS_0626
BN-120TrSt3ER19;0.0;20.0;25.0;BNHS_0626
BN-80TrEF55;0.0;20.0;22.0;BNHS_0626
BN-120TrSt3ER20;0.0;20.0;25.0;BNHS_0626
BN-80Taille01T7R85;0.0;21.0;43.0;BNHS_0626
BN-40TrER37F16;0.0;21.0;33.0;BNHS_0626
BN-40TrER37F17;0.0;21.0;33.0;BNHS_0626
BN-80TrFOWF20;0.0;21.0;33.0;BNHS_0626
BN-40TrP5EF22;0.0;21.0;27.0;BNHS_0626
BN-40TrP5EF26;0.0;21.0;27.0;BNHS_0626
BN-80TrE2F13;0.0;21.0;0.0;BNHS_0626
BN-80TrEF65;0.0;21.0;12.0;BNHS_0626
BN-40Taille1W2R49;0.0;21.0;38.0;BNHS_0626
BN-80TrEF39;0.0;21.0;14.0;BNHS_0626
BN-40TrP5WF325;0.0;21.0;35.0;BNHS_0626
BN-40TrP5WF109;0.0;21.0;37.0;BNHS_0626
BN-80TrEF50;0.0;21.0;14.0;BNHS_0626
BNF61;0.0;22.0;75.0;BNHS_0626
BNF60;0.0;22.0;48.0;BNHS_0626
BN-40Tr2EF10;0.0;22.0;44.0;BNHS_0626
BN-80TrE1F34;0.0;22.0;0.0;BNHS_0626
BN-80TrE1F35;0.0;22.0;0.0;BNHS_0626
BN201;265.0;22.0;82.13;BNHS_0626
BN-123TrWSt2Rcp1FR19;0.0;22.0;35.0;BNHS_0626
BN-123TrWSt2Rcp1FR20;0.0;22.0;35.0;BNHS_0626
BN-123TrWSt2Rcp1FR21;0.0;22.0;35.0;BNHS_0626
BN-123TrWSt2Rcp1FR22;0.0;22.0;35.0;BNHS_0626
BN-123TrWSt2Rcp1FR23;0.0;22.0;35.0;BNHS_0626
BN-123TrWSt2Rcp1FR24;0.0;22.0;35.0;BNHS_0626
BN-123TrWSt2Rcp1FR25;0.0;22.0;35.0;BNHS_0626
BN-123TrWSt2Rcp1FR26;0.0;22.0;35.0;BNHS_0626
BN-123TrWSt2Rcp1FR27;0.0;22.0;35.0;BNHS_0626
BN-123TrWSt2Rcp1FR28;0.0;22.0;35.0;BNHS_0626
BN-80TrEF53;0.0;22.0;14.0;BNHS_0626
BN-40Tr2EF4;0.0;23.0;44.0;BNHS_0626
BN-80TrFOEF10;0.0;23.0;33.0;BNHS_0626
BN-80TrE1F24;0.0;23.0;0.0;BNHS_0626
BN-80TrWF207;0.0;23.0;51.0;BNHS_0626
BN-80TrEF64;0.0;23.0;5.0;BNHS_0626
BN-40TrP5WF293;0.0;23.0;30.0;BNHS_0626
BN-40Tr2WF2;0.0;24.0;44.0;BNHS_0626
BN-80TrFOEF15;0.0;24.0;33.0;BNHS_0626
BN-80TrFOWF24;0.0;24.0;33.0;BNHS_0626
BN-80TrEF51;0.0;24.0;14.0;BNHS_0626
BN-116TrSt1WR1;0.0;24.0;30.0;BNHS_0626
BN-116TrSt1WR2;0.0;24.0;30.0;BNHS_0626
BN-116TrSt1WR3;0.0;24.0;30.0;BNHS_0626
BN-116TrSt1WR4;0.0;24.0;30.0;BNHS_0626
BN-116TrSt1WR5;0.0;24.0;30.0;BNHS_0626
BN-116TrSt1WR6;0.0;24.0;30.0;BNHS_0626
BN-116TrSt1WR10;0.0;24.0;25.0;BNHS_0626
BN-116TrSt1WR11;0.0;24.0;25.0;BNHS_0626
BN-116TrSt1WR12;0.0;24.0;25.0;BNHS_0626
BN-116TrSt1WR13;0.0;24.0;25.0;BNHS_0626
BN-116TrSt1WR14;0.0;24.0;25.0;BNHS_0626
BN-116TrSt1WR15;0.0;24.0;25.0;BNHS_0626
BN-116TrSt1WR16;0.0;24.0;25.0;BNHS_0626
BN-116TrSt1WR9;0.0;24.0;25.0;BNHS_0626
BN-116TrSt1WR7;0.0;24.0;20.0;BNHS_0626
BN-116TrSt1WR8;0.0;24.0;20.0;BNHS_0626
BN-130TrWSt2Rcp3FR13;0.0;25.0;38.0;BNHS_0626
BN-130TrWSt2Rcp3FR15;0.0;25.0;38.0;BNHS_0626
BN-130TrWSt1Rcp3FR22;0.0;25.0;35.0;BNHS_0626
BN-130TrWSt1Rcp3FR23;0.0;25.0;35.0;BNHS_0626
BN-123TrWSt2Rcp1FR18;0.0;25.0;35.0;BNHS_0626
BN-123TrWSt2Rcp1FR4;0.0;25.0;35.0;BNHS_0626
BN-123TrWSt2Rcp1FR5;0.0;25.0;35.0;BNHS_0626
BN-123TrWSt2Rcp1FR6;0.0;25.0;35.0;BNHS_0626
BN-123TrWSt2Rcp1FR8;0.0;25.0;35.0;BNHS_0626
BN-80TrFOEF16;0.0;25.0;33.0;BNHS_0626
BN-80TrFOEF19;0.0;25.0;33.0;BNHS_0626
BN-80TrFOEF8;0.0;25.0;33.0;BNHS_0626
BN-80TrE1F25;0.0;25.0;0.0;BNHS_0626
BN-130TrWSt2Rcp1FR1;0.0;26.0;25.0;BNHS_0626
BN-130TrWSt2Rcp1FR2;0.0;26.0;25.0;BNHS_0626
BN-130TrWSt2Rcp1FR3;0.0;26.0;25.0;BNHS_0626
BN-130TrWSt2Rcp1FR4;0.0;26.0;25.0;BNHS_0626
BN-80TrE1F20;0.0;26.0;0.0;BNHS_0626
BN-40TrER37F15;0.0;27.0;33.0;BNHS_0626
BN-40TrER37F18;0.0;27.0;33.0;BNHS_0626
BN-80TrFOEF18;0.0;27.0;33.0;BNHS_0626
BN-80TrFOWF21;0.0;27.0;33.0;BNHS_0626
BN-80TrEF61;0.0;27.0;10.0;BNHS_0626
BN-130TrWSt1Rcp3FR16;0.0;28.0;38.0;BNHS_0626
BN-130TrWSt1Rcp3FR17;0.0;28.0;35.0;BNHS_0626
BN-80TrFOEF9;0.0;28.0;33.0;BNHS_0626
BN-80TrEF63;0.0;28.0;15.0;BNHS_0626
BN-40Tr2WF3;0.0;29.0;44.0;BNHS_0626
BN-40TrER37F22;0.0;29.0;33.0;BNHS_0626
BNF19;0.0;29.0;25.0;BNHS_0626
BN-120AcWParE;0.0;29.0;8.58;BNHS_0626
BNCis115;0.0;30.0;81.0;BNHS_0626
BN162;0.0;30.0;66.0;BNHS_0626
S14bis;0.0;30.0;60.0;BNHS_0626
S14;0.0;30.0;45.0;BNHS_0626
BN-80TrFOEF20;0.0;30.0;33.0;BNHS_0626
BN-80TrEF62;0.0;30.0;12.0;BNHS_0626
BN-40TrER37F19;0.0;31.0;33.0;BNHS_0626
BN-80TrFOEF17;0.0;31.0;33.0;BNHS_0626
BN-40TrER37F20;0.0;32.0;33.0;BNHS_0626
BN-80TrFOWF22;0.0;32.0;33.0;BNHS_0626
BN-80TrFOWF23;0.0;32.0;33.0;BNHS_0626
BN-40TrP5WF296;0.0;32.0;50.0;BNHS_0626
BN-40TrER37F21;0.0;33.0;33.0;BNHS_0626
BN-40TrER37F23;0.0;33.0;33.0;BNHS_0626
BNF50;0.0;33.0;40.0;BNHS_0626
BNF59;0.0;33.0;20.0;BNHS_0626
BN-123TrWSt1FR1;0.0;33.0;32.0;BNHS_0626
BN-123TrWSt1FR10;0.0;33.0;32.0;BNHS_0626
BN-123TrWSt1FR11;0.0;33.0;32.0;BNHS_0626
BN-123TrWSt1FR12;0.0;33.0;32.0;BNHS_0626
BN-123TrWSt1FR2;0.0;33.0;32.0;BNHS_0626
BN-123TrWSt1FR3;0.0;33.0;32.0;BNHS_0626
BN-123TrWSt1FR4;0.0;33.0;32.0;BNHS_0626
BN-123TrWSt1FR5;0.0;33.0;32.0;BNHS_0626
BN-123TrWSt1FR6;0.0;33.0;32.0;BNHS_0626
BN-123TrWSt1FR7;0.0;33.0;32.0;BNHS_0626
BN-123TrWSt1FR8;0.0;33.0;32.0;BNHS_0626
BN-123TrWSt1FR9;0.0;33.0;32.0;BNHS_0626
BN-120AcWParW;0.0;33.0;9.53;BNHS_0626
BN-123TrWSatRcpFR1;0.0;35.0;35.0;BNHS_0626
BN-123TrWSatRcpFR2;0.0;35.0;35.0;BNHS_0626
BN-123TrWSatRcpFR3;0.0;35.0;35.0;BNHS_0626
BN-40TrP5WF297;0.0;35.0;35.0;BNHS_0626
BN-40TrP5WF294;0.0;35.0;30.0;BNHS_0626
BN-123TrESatRcpFR1;0.0;35.0;35.0;BNHS_0626
BN-123TrESatRcpFR2;0.0;35.0;35.0;BNHS_0626
BN-123TrESatRcpFR3;0.0;35.0;35.0;BNHS_0626
BN-130TrWSt2Rcp3FR14;0.0;38.0;38.0;BNHS_0626
BN-40TrER37F24;0.0;38.0;33.0;BNHS_0626
BNF69;0.0;43.0;70.0;BNHS_0626
BNF68;0.0;43.0;40.0;BNHS_0626
BNF1;0.0;45.0;0.0;BNHS_0626
BNF14;0.0;45.0;26.0;BNHS_0626
BNF58;0.0;45.0;64.0;BNHS_0626
BNF57;0.0;45.0;38.0;BNHS_0626
BNF76;0.0;47.0;40.0;BNHS_0626
BN-40TrP5WF295;0.0;48.0;30.0;BNHS_0626
BNF37;0.0;53.0;45.0;BNHS_0626
BNF34;0.0;53.0;21.0;BNHS_0626
BNF29;0.0;58.0;25.0;BNHS_0626
BNF43;0.0;65.0;36.0;BNHS_0626
BNF42;0.0;65.0;0.0;BNHS_0626
BNF22;0.0;69.0;34.0;BNHS_0626
BNF23;0.0;69.0;0.0;BNHS_0626
BNCis120;0.0;71.0;58.0;BNHS_0626
BNF21;0.0;78.0;14.0;BNHS_0626
BNF20;0.0;78.0;0.0;BNHS_0626
BN-109RcpStEA;0.0;90.0;0.0;BNHS_0626
BN-109RcpStEB;0.0;90.0;0.0;BNHS_0626
BN-109RcpStEC;0.0;90.0;0.0;BNHS_0626
BN-109RcpStED;0.0;90.0;0.0;BNHS_0626
BNF3;0.0;115.0;0.0;BNHS_0626
BN-140Rcp2St2PW;0.0;138.0;0.0;BNHS_0626
BN-123Rcp2PW;0.0;145.0;0.0;BNHS_0626
BNF30;0.0;145.0;33.0;BNHS_0626
BNCis119;0.0;148.0;76.0;BNHS_0626
BN-123Rcp2PE;0.0;149.0;0.0;BNHS_0626
BN-40Rcp375;0.0;150.0;0.0;BNHS_0626
BN-40Rcp250;0.0;152.0;0.0;BNHS_0626
BN-40Rcp75PW;0.0;154.0;0.0;BNHS_0626
BN-123TrTaille04PE;0.0;157.0;0.0;BNHS_0626
BN-140Rcp2St2PE;0.0;158.0;0.0;BNHS_0626
BN-123TrTaille04PW;0.0;159.0;0.0;BNHS_0626
BN-123Rcp3PW;0.0;163.0;0.0;BNHS_0626
BN-40Rcp575;0.0;164.0;0.0;BNHS_0626
BN-140Rcp3St2PW;0.0;164.0;0.0;BNHS_0626
BN-123Rcp3PE;0.0;165.0;0.0;BNHS_0626
BN-40Rcp125PW;0.0;165.0;0.0;BNHS_0626
BN-40Rcp323PW;0.0;166.0;0.0;BNHS_0626
BN-40Rcp225;0.0;167.0;0.0;BNHS_0626
BN-120Rcp3St2PE;0.0;168.0;0.0;BNHS_0626
BNF25;0.0;169.0;0.0;BNHS_0626
BN-140Rcp3St2PE;0.0;169.0;0.0;BNHS_0626
BN-116Rcp4PW;0.0;170.0;0.0;BNHS_0626
BN-80Rcp329PW;0.0;171.0;0.0;BNHS_0626
BN-140Rcp4St2PE;0.0;172.0;0.0;BNHS_0626
BN-40Rcp300;0.0;172.0;0.0;BNHS_0626
BN-40AR29N;0.0;173.0;0.0;BNHS_0626
BN-40AR29S;0.0;173.0;0.0;BNHS_0626
BN-40AR3;0.0;174.0;0.0;BNHS_0626
BN-120Rcp3St2PW;0.0;174.0;0.0;BNHS_0626
BN-140Rcp4St2PW;0.0;175.0;0.0;BNHS_0626
BN-123Rcp1PW;0.0;176.0;0.0;BNHS_0626
BN-80Rcp362PW;0.0;176.0;0.0;BNHS_0626
BN-40AR30N;0.0;177.0;0.0;BNHS_0626
BN-40AR30S;0.0;177.0;0.0;BNHS_0626
BN-40AR22N;0.0;178.0;0.0;BNHS_0626
BN-40AR22S;0.0;178.0;0.0;BNHS_0626
BN-40AR23N;0.0;178.0;0.0;BNHS_0626
BN-40AR23S;0.0;178.0;0.0;BNHS_0626
BN-40Rcp80PW;0.0;178.0;0.0;BNHS_0626
BN-123Rcp1PE;0.0;179.0;0.0;BNHS_0626
BN-40AR32;0.0;179.0;0.0;BNHS_0626
BN-116Rcp2PW;0.0;179.0;0.0;BNHS_0626
BN-40AR27N;0.0;180.0;0.0;BNHS_0626
BN-40AR27S;0.0;180.0;0.0;BNHS_0626
BN-40AR31;0.0;180.0;0.0;BNHS_0626
BN-40AR5;0.0;180.0;0.0;BNHS_0626
BN-116Rcp2PE;0.0;180.0;0.0;BNHS_0626
BN-40AR1;0.0;182.0;0.0;BNHS_0626
BN-40AR26N;0.0;182.0;0.0;BNHS_0626
BN-40AR26S;0.0;182.0;0.0;BNHS_0626
BN-40AR9;0.0;182.0;0.0;BNHS_0626
BN-80Rcp362PE;0.0;182.0;0.0;BNHS_0626
BN-88RcpRPE;0.0;182.0;0.0;BNHS_0626
BN-80Rcp329PE;0.0;182.0;0.0;BNHS_0626
BN-88RcpRPW;0.0;182.0;0.0;BNHS_0626
BN-40AR4;0.0;183.0;0.0;BNHS_0626
BN-40Rcp275;0.0;183.0;0.0;BNHS_0626
BN-40Rcp325;0.0;184.0;30.0;BNHS_0626
BN-40AR24N;0.0;184.0;0.0;BNHS_0626
BN-40AR24S;0.0;184.0;0.0;BNHS_0626
BN-40Rcp80PE;0.0;184.0;0.0;BNHS_0626
BN-40AR21N;0.0;186.0;0.0;BNHS_0626
BN-40AR21S;0.0;186.0;0.0;BNHS_0626
BN-40AR33;0.0;186.0;0.0;BNHS_0626
BN-130Rcp1PW;0.0;186.0;0.0;BNHS_0626
BN-40AR28N;0.0;188.0;0.0;BNHS_0626
BN-40AR28S;0.0;188.0;0.0;BNHS_0626
BN-40Rcp323PE;0.0;188.0;0.0;BNHS_0626
BN-40AR34;0.0;189.0;0.0;BNHS_0626
BN-40Rcp98PW;0.0;189.0;0.0;BNHS_0626
BNF8;0.0;189.0;20.0;BNHS_0626
BN-40Rcp600;0.0;190.0;0.0;BNHS_0626
BN-40AR25N;0.0;191.0;0.0;BNHS_0626
BN-40AR25S;0.0;191.0;0.0;BNHS_0626
BN-40Rcp450;0.0;192.0;0.0;BNHS_0626
BN-40AR17;0.0;193.0;0.0;BNHS_0626
BN-40AR18;0.0;194.0;0.0;BNHS_0626
BN-40AR8;0.0;195.0;0.0;BNHS_0626
BN-40Rcp125PE;0.0;195.0;0.0;BNHS_0626
BN-40AR19;0.0;196.0;0.0;BNHS_0626
BN-130Rcp3PW;0.0;196.0;0.0;BNHS_0626
BN-130Rcp3PE;0.0;196.0;0.0;BNHS_0626
BNF5;0.0;197.0;28.0;BNHS_0626
BNF4;0.0;197.0;0.0;BNHS_0626
BNF16;0.0;198.0;0.0;BNHS_0626
BN-130Rcp1PE;0.0;200.0;0.0;BNHS_0626
BNCis121;0.0;201.0;76.0;BNHS_0626
BN-40AR7;0.0;208.0;0.0;BNHS_0626
BNCis116;0.0;210.0;80.0;BNHS_0626
BNF31;0.0;210.0;36.0;BNHS_0626
BNF24;0.0;211.0;0.0;BNHS_0626
BN-130Rcp2PW;0.0;214.0;0.0;BNHS_0626
BN-40Rcp425;0.0;219.0;0.0;BNHS_0626
BN-40AR37;0.0;220.0;0.0;BNHS_0626
BN-130Rcp2PE;0.0;221.0;0.0;BNHS_0626
BN-40AR20;0.0;223.0;0.0;BNHS_0626
BN-Taille2-BOUCLE3- TRWFR1;0.0;225.0;40.0;BNHS_0626
BN-Taille2-BOUCLE3- TRWFR2;0.0;225.0;40.0;BNHS_0626
BN-Taille2-BOUCLE3- TRWFR3;0.0;225.0;40.0;BNHS_0626
BN-Taille2-BOUCLE3- TRWFR4;0.0;225.0;40.0;BNHS_0626
BN-Taille2-BOUCLE3- TRWFR5;0.0;225.0;40.0;BNHS_0626
BNF32;0.0;229.0;25.0;BNHS_0626
BNF6;0.0;230.0;0.0;BNHS_0626
BNF7;0.0;232.0;37.0;BNHS_0626
BNF2;0.0;243.0;0.0;BNHS_0626
BN-109Rcp3E;0.0;248.0;0.0;BNHS_0626
BN-109Rcp3W;0.0;250.0;0.0;BNHS_0626
BNF48;0.0;278.0;45.0;BNHS_0626
BN-120Rampe;0.0;291.0;0.0;BNHS_0626
BNF71;0.0;294.0;64.0;BNHS_0626
BNF70;0.0;296.0;45.0;BNHS_0626
BNF63;0.0;306.0;66.0;BNHS_0626
BNF64;0.0;306.0;50.0;BNHS_0626
BNF65;0.0;306.0;30.0;BNHS_0626
BNF36;0.0;307.0;38.0;BNHS_0626
BN-130TrESt2Rcp3FR15;0.0;308.0;25.0;BNHS_0626
BN-130TrESt2Rcp3FR16;0.0;308.0;25.0;BNHS_0626
BNF47;0.0;310.0;45.0;BNHS_0626
BN-40TrER37F48;0.0;314.0;55.0;BNHS_0626
BN-40TrEP3F5;0.0;318.0;55.0;BNHS_0626
BNF55;0.0;319.0;56.0;BNHS_0626
BNF53;0.0;319.0;36.0;BNHS_0626
BNF74;0.0;321.0;35.0;BNHS_0626
BN-40TrWP3F3;0.0;322.0;55.0;BNHS_0626
BN-40Tr1CSPWEFR10;0.0;323.0;38.0;BNHS_0626
BN-40Tr1CSPWEFR11;0.0;323.0;38.0;BNHS_0626
BN-130TrESt2Rcp3FR14;0.0;323.0;25.0;BNHS_0626
BN-40TrWP3F4;0.0;324.0;55.0;BNHS_0626
BN-123TrWR42;0.0;324.0;38.0;BNHS_0626
BN-40TrTaille1CFR122;0.0;324.0;30.0;BNHS_0626
BN-123TrWSt2Rcp1FR10;0.0;324.0;35.0;BNHS_0626
BN-123TrWSt2Rcp1FR11;0.0;324.0;35.0;BNHS_0626
BN-123TrWSt2Rcp1FR12;0.0;324.0;35.0;BNHS_0626
BN-123TrWSt2Rcp1FR13;0.0;324.0;35.0;BNHS_0626
BN-40TrP5WF266;0.0;324.0;30.0;BNHS_0626
BN-40TrP5WF310;0.0;324.0;30.0;BNHS_0626
BNF46;0.0;325.0;56.0;BNHS_0626
BN-40TrEP3F1;0.0;325.0;55.0;BNHS_0626
BN-40TrER37F49;0.0;325.0;55.0;BNHS_0626
BN-40TrWP3F1;0.0;325.0;55.0;BNHS_0626
BN-40TrWP3F2;0.0;325.0;55.0;BNHS_0626
BN-40TrWP3F5;0.0;325.0;55.0;BNHS_0626
BNF62;0.0;325.0;48.0;BNHS_0626
BN-40TrP5WF267;0.0;325.0;45.0;BNHS_0626
BNF35;0.0;326.0;20.0;BNHS_0626
BNF75;0.0;326.0;72.0;BNHS_0626
BN-40TrER37F47;0.0;327.0;55.0;BNHS_0626
BN-40TrER37F50;0.0;327.0;33.0;BNHS_0626
BN-40Taille1CSt2T2R38;0.0;328.0;40.0;BNHS_0626
BN-40Taille1CSt2T2R39;0.0;328.0;40.0;BNHS_0626
BN-40Taille1CSt2T2R40;0.0;328.0;40.0;BNHS_0626
BN-40Taille1CSt2T2R41;0.0;328.0;40.0;BNHS_0626
BN-140TrSt3WFR70;0.0;328.0;30.0;BNHS_0626
BN-140TrSt3WFR71;0.0;328.0;30.0;BNHS_0626
BN-140TrSt3WFR72;0.0;328.0;30.0;BNHS_0626
BN-40TrP5WF116;0.0;328.0;34.0;BNHS_0626
BNF28;0.0;328.0;55.0;BNHS_0626
BN-40Taille06T1R17;0.0;328.0;45.0;BNHS_0626
BN-40TrEP3F4;0.0;329.0;55.0;BNHS_0626
BN-140TrSt2PW;0.0;329.0;0.0;BNHS_0626
BN-40TrER37F46;0.0;330.0;55.0;BNHS_0626
BN-123TrWR43;0.0;330.0;38.0;BNHS_0626
BN-130TrWSt1Rcp3FR25;0.0;330.0;35.0;BNHS_0626
BN-130TrWSt1Rcp3FR26;0.0;330.0;35.0;BNHS_0626
BN-130TrWSt1Rcp3FR27;0.0;330.0;35.0;BNHS_0626
BN-130TrWSt1Rcp3FR28;0.0;330.0;35.0;BNHS_0626
BN-130TrWSt1Rcp3FR29;0.0;330.0;35.0;BNHS_0626
BN-130TrWSt1Rcp3FR30;0.0;330.0;35.0;BNHS_0626
BN-48-1CSATBIS-TEFR5;0.0;330.0;10.0;BNHS_0626
BN-48-1CSATBIS-TEFR6;0.0;330.0;10.0;BNHS_0626
BN-48-1CSATBIS-TEFR7;0.0;330.0;10.0;BNHS_0626
BNF18;0.0;330.0;30.0;BNHS_0626
BN-40TrP5WF268;0.0;330.0;45.0;BNHS_0626
BN-40TrTaille1CFR121;0.0;331.0;30.0;BNHS_0626
BN-130TrWSt2Rcp2FR2;0.0;331.0;25.0;BNHS_0626
BN-130TrWSt2Rcp2FR3;0.0;331.0;25.0;BNHS_0626
BN-130TrWSt2Rcp2FR4;0.0;331.0;25.0;BNHS_0626
BNF41;0.0;331.0;56.0;BNHS_0626
BNF40;0.0;331.0;0.0;BNHS_0626
BNF10;0.0;331.0;5.0;BNHS_0626
BN-80TrWF99;0.0;332.0;40.0;BNHS_0626
BN-40TrP5WF269;0.0;332.0;45.0;BNHS_0626
BN-40Taille06T1R18;0.0;332.0;45.0;BNHS_0626
BN-123TrWR44;0.0;333.0;38.0;BNHS_0626
BNF13;0.0;333.0;40.0;BNHS_0626
BNF12;0.0;333.0;20.0;BNHS_0626
BN-40TrP5WF271;0.0;333.0;35.0;BNHS_0626
BN-116TrRp2ER1;0.0;334.0;45.0;BNHS_0626
BN-116TrRp2ER2;0.0;334.0;45.0;BNHS_0626
BN-116TrRp2ER3;0.0;334.0;45.0;BNHS_0626
BN-116TrRp2ER4;0.0;334.0;45.0;BNHS_0626
BN-116TrRp2ER5;0.0;334.0;45.0;BNHS_0626
BN-40TrP5WF128;0.0;334.0;34.0;BNHS_0626
BN-40TrTaille1CFR119;0.0;334.0;30.0;BNHS_0626
BN-80TrWF100;0.0;334.0;40.0;BNHS_0626
BN-140TrSt2PE;0.0;334.0;0.0;BNHS_0626
BN-40TrP5WF332;0.0;334.0;22.0;BNHS_0626
BN-40TrP5WF270;0.0;334.0;35.0;BNHS_0626
BNCis124;0.0;335.0;60.0;BNHS_0626
BN-130TrWSt2Rcp2FR5;0.0;335.0;25.0;BNHS_0626
BN-60-1C-QZ-TEFR1;0.0;335.0;20.0;BNHS_0626
BN-60-1C-QZ-TEFR2;0.0;335.0;20.0;BNHS_0626
BN-60-1C-QZ-TEFR3;0.0;335.0;20.0;BNHS_0626
BN-60-1C-QZ-TEFR4;0.0;335.0;20.0;BNHS_0626
BN-60-1C-QZ-TEFR5;0.0;335.0;20.0;BNHS_0626
BN-60-1C-QZ-TEFR6;0.0;335.0;20.0;BNHS_0626
BN-80TrWF337;0.0;335.0;30.0;BNHS_0626
BN-40TrP5WF317;0.0;335.0;40.0;BNHS_0626
BN-40TrTaille1CFR102;0.0;335.0;33.0;BNHS_0626
BN-40TrP5WF288;0.0;335.0;45.0;BNHS_0626
BN-40TrP5WF287;0.0;335.0;45.0;BNHS_0626
BN-40TrTaille1CFR120;0.0;336.0;30.0;BNHS_0626
BN-80TrWF430;0.0;336.0;35.0;BNHS_0626
BN-130TrESt2Rcp3FR1;0.0;336.0;25.0;BNHS_0626
BN-130TrESt2Rcp3FR2;0.0;336.0;25.0;BNHS_0626
BN-130TrESt2Rcp3FR3;0.0;336.0;25.0;BNHS_0626
BN-130TrESt2Rcp3FR4;0.0;336.0;25.0;BNHS_0626
BN-40TrP5WF289;0.0;336.0;45.0;BNHS_0626
BN-40TrP5WF273;0.0;336.0;35.0;BNHS_0626
BN-40TrP5WF275;0.0;336.0;40.0;BNHS_0626
BN-40TrP5WF272;0.0;336.0;40.0;BNHS_0626
BN-40TrEP3F2;0.0;337.0;55.0;BNHS_0626
BN-123TrWR45;0.0;337.0;38.0;BNHS_0626
BN-123TrWR46;0.0;337.0;38.0;BNHS_0626
BN-123TrWR47;0.0;337.0;38.0;BNHS_0626
BN-123TrWR48;0.0;337.0;38.0;BNHS_0626
BN-123TrWR49;0.0;337.0;38.0;BNHS_0626
BN-40TrTaille1CFR103;0.0;337.0;32.0;BNHS_0626
BN-40TrTaille1CFR118;0.0;337.0;30.0;BNHS_0626
BN-40TrTaille1CRcpPE;0.0;337.0;0.0;BNHS_0626
BN-40TrP5WF127;0.0;337.0;40.0;BNHS_0626
BN-130TrWSt2Rcp3FR1;0.0;337.0;38.0;BNHS_0626
BN-130TrWSt2Rcp3FR2;0.0;337.0;38.0;BNHS_0626
BN-130TrWSt2Rcp3FR3;0.0;337.0;38.0;BNHS_0626
BN-123TrERp2R1;0.0;337.0;30.0;BNHS_0626
BN-123TrERp2R2;0.0;337.0;30.0;BNHS_0626
BN-40TrP5WF115;0.0;337.0;34.0;BNHS_0626
BN-40TrTaille1CFR101;0.0;338.0;34.0;BNHS_0626
BN-40TrTaille1CFR104;0.0;338.0;31.0;BNHS_0626
BN-130TrWSt2Rcp2FR6;0.0;338.0;25.0;BNHS_0626
BN-40TrP5WF274;0.0;338.0;40.0;BNHS_0626
BN-40TrP5WF276;0.0;338.0;40.0;BNHS_0626
BN-40TrP5WF277;0.0;338.0;50.0;BNHS_0626
BN-80TrWF336;0.0;338.0;30.0;BNHS_0626
BN-80TrWF291;0.0;338.0;40.0;BNHS_0626
BN-40TrEP3F3;0.0;339.0;55.0;BNHS_0626
BN-40TrTaille1CFR105;0.0;339.0;30.0;BNHS_0626
BN-80TrW2F28;0.0;339.0;0.0;BNHS_0626
BN-80TrWF101;0.0;339.0;40.0;BNHS_0626
BN-116Rcp0PE;0.0;339.0;0.0;BNHS_0626
BN-40Rcp209PE;0.0;339.0;0.0;BNHS_0626
BN-80TrWF290;0.0;339.0;43.0;BNHS_0626
BN-130TrESt2Rcp3FR13;0.0;339.0;25.0;BNHS_0626
BN-80TrWF338;0.0;339.0;30.0;BNHS_0626
BN-80TrWF289;0.0;339.0;40.0;BNHS_0626
BN-40TrP5WF309;0.0;339.0;20.0;BNHS_0626
BN-120Tr1CP3WR11;0.0;340.0;45.0;BNHS_0626
BN-120Tr1CP3WR12;0.0;340.0;45.0;BNHS_0626
BN-120Tr1CP3WR13;0.0;340.0;45.0;BNHS_0626
BN-120Tr1CP3WR14;0.0;340.0;45.0;BNHS_0626
BN-120Tr1CP3WR15;0.0;340.0;45.0;BNHS_0626
BN-120Tr1CP3WR16;0.0;340.0;45.0;BNHS_0626
BN-120Tr1CP3WR17;0.0;340.0;45.0;BNHS_0626
BN-120Tr1CP3WR18;0.0;340.0;45.0;BNHS_0626
BN-120Tr1CP3WR19;0.0;340.0;45.0;BNHS_0626
BN-120Taille1CP3E1R1;0.0;340.0;35.0;BNHS_0626
BN-120Taille1CP3E1R2;0.0;340.0;35.0;BNHS_0626
BN-120Taille1CP3E1R3;0.0;340.0;35.0;BNHS_0626
BN-120Taille1CP3E1R4;0.0;340.0;35.0;BNHS_0626
BN-120Taille1CP3E1R5;0.0;340.0;35.0;BNHS_0626
BN-120Taille1CP3E1R6;0.0;340.0;35.0;BNHS_0626
BN-120Taille1CP3E1R7;0.0;340.0;35.0;BNHS_0626
BN-120Taille1CP3E2R1;0.0;340.0;35.0;BNHS_0626
BN-120Taille1CP3E2R2;0.0;340.0;35.0;BNHS_0626
BN-120Taille1CP3E2R3;0.0;340.0;35.0;BNHS_0626
BN-120Taille1CP3WFR1;0.0;340.0;35.0;BNHS_0626
BN-120Taille1CP3WFR2;0.0;340.0;35.0;BNHS_0626
BN-120Taille1CP3WFR3;0.0;340.0;35.0;BNHS_0626
BN-120Tr1CP3WR10;0.0;340.0;35.0;BNHS_0626
BN-120Tr1CP3WR1Bis;0.0;340.0;35.0;BNHS_0626
BN-120Tr1CP3WR2;0.0;340.0;35.0;BNHS_0626
BN-120Tr1CP3WR3;0.0;340.0;35.0;BNHS_0626
BN-120Tr1CP3WR4;0.0;340.0;35.0;BNHS_0626
BN-120Tr1CP3WR5;0.0;340.0;35.0;BNHS_0626
BN-120Tr1CP3WR6;0.0;340.0;35.0;BNHS_0626
BN-120Tr1CP3WR7;0.0;340.0;35.0;BNHS_0626
BN-120Tr1CP3WR8;0.0;340.0;35.0;BNHS_0626
BN-120Tr1CP3WR9;0.0;340.0;35.0;BNHS_0626
BN-40TrTaille1CFR100;0.0;340.0;35.0;BNHS_0626
BN-120Taille1CP3W1R1;0.0;340.0;35.0;BNHS_0626
BN-120Taille1CP3W1R10;0.0;340.0;35.0;BNHS_0626
BN-120Taille1CP3W1R11;0.0;340.0;35.0;BNHS_0626
BN-120Taille1CP3W1R12;0.0;340.0;35.0;BNHS_0626
BN-120Taille1CP3W1R14;0.0;340.0;35.0;BNHS_0626
BN-120Taille1CP3W1R15;0.0;340.0;35.0;BNHS_0626
BN-120Taille1CP3W1R16;0.0;340.0;35.0;BNHS_0626
BN-120Taille1CP3W1R17;0.0;340.0;35.0;BNHS_0626
BN-120Taille1CP3W1R2;0.0;340.0;35.0;BNHS_0626
BN-120Taille1CP3W1R3;0.0;340.0;35.0;BNHS_0626
BN-120Taille1CP3W1R4;0.0;340.0;35.0;BNHS_0626
BN-120Taille1CP3W1R5;0.0;340.0;35.0;BNHS_0626
BN-120Taille1CP3W1R6;0.0;340.0;35.0;BNHS_0626
BN-120Taille1CP3W1R7;0.0;340.0;35.0;BNHS_0626
BN-120Taille1CP3W1R8;0.0;340.0;35.0;BNHS_0626
BN-120Taille1CP3W1R9;0.0;340.0;35.0;BNHS_0626
BN-120Taille1CP3W1R9Bis;0.0;340.0;35.0;BNHS_0626
BN-40TrTaille1CFR106;0.0;340.0;30.0;BNHS_0626
BN-40TrTaille1CStEFR1;0.0;340.0;30.0;BNHS_0626
BN-40TrTaille1CStEFR2;0.0;340.0;30.0;BNHS_0626
BN-40TrTaille1CStEFR3;0.0;340.0;30.0;BNHS_0626
BN-40TrTaille1CStWFR1;0.0;340.0;30.0;BNHS_0626
BN-40TrTaille1CStWFR2;0.0;340.0;30.0;BNHS_0626
BN-40TrTaille1CStWFR3;0.0;340.0;30.0;BNHS_0626
BN-40TrTaille1CStWFR4;0.0;340.0;30.0;BNHS_0626
BN-40TrTaille1CStWFR5;0.0;340.0;30.0;BNHS_0626
BN-140TrSt4WFR13;0.0;340.0;26.0;BNHS_0626
BN-60-1C-QZ-TEFR7;0.0;340.0;20.0;BNHS_0626
BN-80TrW2F20;0.0;340.0;0.0;BNHS_0626
BN-80TrW2F21;0.0;340.0;0.0;BNHS_0626
BN-80TrWF102;0.0;340.0;40.0;BNHS_0626
BN-40TrP5WF316;0.0;340.0;40.0;BNHS_0626
BN-80Taille1WTrR11;0.0;340.0;35.0;BNHS_0626
BN-40Taille06T1R22;0.0;340.0;40.0;BNHS_0626
BN-80Taille1WTrR10;0.0;340.0;35.0;BNHS_0626
BN-40TrP5WF315;0.0;340.0;45.0;BNHS_0626
BN-80TrFOEF3;0.0;341.0;33.0;BNHS_0626
BN-40TrTaille1CFR107;0.0;341.0;30.0;BNHS_0626
BN-140TailleSt3W1R12;0.0;341.0;30.0;BNHS_0626
BN-130TrWSt2Rcp2FR7;0.0;341.0;25.0;BNHS_0626
BN-40TrTaille1CRcpPW;0.0;341.0;0.0;BNHS_0626
BN-80TrWF429;0.0;341.0;35.0;BNHS_0626
BN-40TrP5WF318;0.0;341.0;25.0;BNHS_0626
BN197;200.0;341.0;75.23;BNHS_0626
BN-40Taille06T1R21;0.0;341.0;40.0;BNHS_0626
BN-80TrWF98;0.0;341.0;25.0;BNHS_0626
BN-80TrWF288;0.0;341.0;40.0;BNHS_0626
BN-80Rcp325PE;0.0;341.0;0.0;BNHS_0626
BN-40TrTaille1CFR99;0.0;342.0;35.0;BNHS_0626
BN-123TrERp1StCR1;0.0;342.0;30.0;BNHS_0626
BN-123TrERp1StCR2;0.0;342.0;30.0;BNHS_0626
BN-123TrERp1StCR3;0.0;342.0;30.0;BNHS_0626
BN-123TrERp1StCR4;0.0;342.0;30.0;BNHS_0626
BN-40TrTaille1CFR108;0.0;342.0;30.0;BNHS_0626
BN-40TrTaille1CFR117;0.0;342.0;30.0;BNHS_0626
BN-40Tr1CSPWEFR12;0.0;342.0;30.0;BNHS_0626
BN-140TrSt2Rcp4EFR1;0.0;342.0;25.0;BNHS_0626
BN-140TrSt2Rcp4EFR2;0.0;342.0;25.0;BNHS_0626
BN-140TrSt2Rcp4EFR4;0.0;342.0;25.0;BNHS_0626
BN-140TrSt2Rcp4EFR5;0.0;342.0;25.0;BNHS_0626
BN-40Tr1CSPWEFR13;0.0;342.0;20.0;BNHS_0626
BN-80TrWF204;0.0;342.0;55.0;BNHS_0626
BN-40TrP5WF285;0.0;342.0;50.0;BNHS_0626
BN-123TrWR50;0.0;343.0;38.0;BNHS_0626
BN-123TrWR51;0.0;343.0;38.0;BNHS_0626
BN-123TrWR52;0.0;343.0;38.0;BNHS_0626
BN-123TrWR53;0.0;343.0;38.0;BNHS_0626
BN-123TrWR54;0.0;343.0;38.0;BNHS_0626
BN-123TrWR55;0.0;343.0;38.0;BNHS_0626
BN-123TrWR56;0.0;343.0;38.0;BNHS_0626
BN-123TrWR57;0.0;343.0;38.0;BNHS_0626
BN-123TrWR58;0.0;343.0;38.0;BNHS_0626
BN-80TrWF213;0.0;343.0;45.0;BNHS_0626
BN-40TrP5WF279;0.0;343.0;45.0;BNHS_0626
BN-120TailleS2FR1;0.0;343.0;30.0;BNHS_0626
BN-120TailleS2FR10;0.0;343.0;30.0;BNHS_0626
BN-120TailleS2FR11;0.0;343.0;30.0;BNHS_0626
BN-120TailleS2FR12;0.0;343.0;30.0;BNHS_0626
BN-120TailleS2FR13;0.0;343.0;30.0;BNHS_0626
BN-120TailleS2FR14;0.0;343.0;30.0;BNHS_0626
BN-120TailleS2FR15;0.0;343.0;30.0;BNHS_0626
BN-120TailleS2FR16;0.0;343.0;30.0;BNHS_0626
BN-120TailleS2FR17;0.0;343.0;30.0;BNHS_0626
BN-120TailleS2FR18;0.0;343.0;30.0;BNHS_0626
BN-120TailleS2FR19;0.0;343.0;30.0;BNHS_0626
BN-120TailleS2FR2;0.0;343.0;30.0;BNHS_0626
BN-40TrTaille1CFR98;0.0;344.0;35.0;BNHS_0626
BN-40TrP5WF278;0.0;344.0;50.0;BNHS_0626
BN-40TrP5WF286;0.0;344.0;50.0;BNHS_0626
BN-80TrWF212;0.0;344.0;42.0;BNHS_0626
BN138;0.0;345.0;82.0;BNHS_0626
BN-40Tr2EF9;0.0;345.0;44.0;BNHS_0626
BN-120TrFOER15;0.0;345.0;42.0;BNHS_0626
BN-120TrFOER16;0.0;345.0;42.0;BNHS_0626
BN-120TrFOER18;0.0;345.0;42.0;BNHS_0626
BN-120TrFOER19;0.0;345.0;42.0;BNHS_0626
BN-120TrFOER20;0.0;345.0;42.0;BNHS_0626
BN-120TrFOER21;0.0;345.0;42.0;BNHS_0626
BN-120TrFOER22;0.0;345.0;42.0;BNHS_0626
BN-120TrFOEPE;0.0;345.0;40.0;BNHS_0626
BN-120TrFOER1;0.0;345.0;40.0;BNHS_0626
BN-120TrFOER10;0.0;345.0;40.0;BNHS_0626
BN-120TrFOER11;0.0;345.0;40.0;BNHS_0626
BN-120TrFOER12;0.0;345.0;40.0;BNHS_0626
BN-120TrFOER13;0.0;345.0;40.0;BNHS_0626
BN-120TrFOER14;0.0;345.0;40.0;BNHS_0626
BN-120TrFOER2;0.0;345.0;40.0;BNHS_0626
BN-120TrFOER3;0.0;345.0;40.0;BNHS_0626
BN-120TrFOER4;0.0;345.0;40.0;BNHS_0626
BN-120TrFOER5;0.0;345.0;40.0;BNHS_0626
BN-120TrFOER6;0.0;345.0;40.0;BNHS_0626
BN-120TrFOER7;0.0;345.0;40.0;BNHS_0626
BN-120TrFOER8;0.0;345.0;40.0;BNHS_0626
BN-120TrFOER9;0.0;345.0;40.0;BNHS_0626
BN-123TrERp1StSR1;0.0;345.0;30.0;BNHS_0626
BN-123TrERp1StSR10;0.0;345.0;30.0;BNHS_0626
BN-123TrERp1StSR11;0.0;345.0;30.0;BNHS_0626
BN-123TrERp1StSR12;0.0;345.0;30.0;BNHS_0626
BN-123TrERp1StSR2;0.0;345.0;30.0;BNHS_0626
BN-123TrERp1StSR3;0.0;345.0;30.0;BNHS_0626
BN-123TrERp1StSR4;0.0;345.0;30.0;BNHS_0626
BN-123TrERp1StSR5;0.0;345.0;30.0;BNHS_0626
BN-123TrERp1StSR6;0.0;345.0;30.0;BNHS_0626
BN-123TrERp1StSR7;0.0;345.0;30.0;BNHS_0626
BN-123TrERp1StSR8;0.0;345.0;30.0;BNHS_0626
BN-123TrERp1StSR9;0.0;345.0;30.0;BNHS_0626
BN-40TrTaille1CStWFR8;0.0;345.0;30.0;BNHS_0626
BN-140TrSt4WFR12;0.0;345.0;26.0;BNHS_0626
BN-80TrW2F22;0.0;345.0;0.0;BNHS_0626
BN-80Rcp369PE;0.0;345.0;0.0;BNHS_0626
BN-40TrP5WF314;0.0;345.0;47.0;BNHS_0626
BN-80TrERcp1F10;0.0;345.0;15.0;BNHS_0626
BN-80TrWF104;0.0;345.0;30.0;BNHS_0626
BN-40TrP5WF160;0.0;345.0;45.0;BNHS_0626
BN-88ChTrE21E1;0.0;346.0;45.0;BNHS_0626
BN-88ChTrE21E2;0.0;346.0;45.0;BNHS_0626
BN-40TrP5WF133;0.0;346.0;42.0;BNHS_0626
BN-116TrRp0WR19;0.0;346.0;40.0;BNHS_0626
BN-116TrRp0WR20;0.0;346.0;40.0;BNHS_0626
BN-116TrRp0WR21;0.0;346.0;40.0;BNHS_0626
BN-116TrRp0WR22;0.0;346.0;40.0;BNHS_0626
BN-116TrRp0WR23;0.0;346.0;40.0;BNHS_0626
BN-116TrRp0WR24;0.0;346.0;40.0;BNHS_0626
BN-116TrRp0WR25;0.0;346.0;40.0;BNHS_0626
BN-116TrRp0WR26;0.0;346.0;40.0;BNHS_0626
BN-116TrRp0WR27;0.0;346.0;40.0;BNHS_0626
BN-116TrRp0WR28;0.0;346.0;40.0;BNHS_0626
BN-116TrRp0WR29;0.0;346.0;40.0;BNHS_0626
BN-116TrRp0WR30;0.0;346.0;40.0;BNHS_0626
BN-116TrRp0WR31;0.0;346.0;40.0;BNHS_0626
BN-116TrRp0WR32;0.0;346.0;40.0;BNHS_0626
BN-130TrWSt2Rcp3FR4;0.0;346.0;38.0;BNHS_0626
BN-40TrTaille1CFR97;0.0;346.0;35.0;BNHS_0626
BN-48-1C-SAT1-TWFR1;0.0;346.0;34.0;BNHS_0626
BN-48-1C-SAT1-TWFR2;0.0;346.0;34.0;BNHS_0626
BN-48-1C-SAT1-TWFR3;0.0;346.0;34.0;BNHS_0626
BN-48-1C-SAT1-TWFR4;0.0;346.0;34.0;BNHS_0626
BN-48-1C-SAT1-TWFR5;0.0;346.0;34.0;BNHS_0626
BN-48-1C-SAT1-TWFR6;0.0;346.0;34.0;BNHS_0626
BN-48-1C-SAT1-TWFR7;0.0;346.0;34.0;BNHS_0626
BN-48-1C-SAT1-TWFR8;0.0;346.0;34.0;BNHS_0626
BN-48-1C-SAT1-TWFR9;0.0;346.0;34.0;BNHS_0626
BN-48-1C-SAT1-TWFR10;0.0;346.0;34.0;BNHS_0626
BN-48-1C-SAT1-TWFR11;0.0;346.0;34.0;BNHS_0626
BN-48-1C-SAT1-TWFR12;0.0;346.0;34.0;BNHS_0626
BN-48-1C-SAT1-TWFR13;0.0;346.0;34.0;BNHS_0626
BN-48-1C-SAT1-TWFR14;0.0;346.0;34.0;BNHS_0626
BN-48-1C-SAT1-TWFR15;0.0;346.0;34.0;BNHS_0626
BN-48-1C-SAT1-TWFR16;0.0;346.0;34.0;BNHS_0626
BN-48-1C-SAT1-TWFR17;0.0;346.0;34.0;BNHS_0626
BN-80TrFPEF8;0.0;346.0;32.0;BNHS_0626
BN-123TrWRp1StCR1;0.0;346.0;30.0;BNHS_0626
BN-123TrWRp1StCR2;0.0;346.0;30.0;BNHS_0626
BN-40TrTaille1CFR109;0.0;346.0;30.0;BNHS_0626
BN-140TailleSt3W1R13;0.0;346.0;30.0;BNHS_0626
BN-80TrW2F27;0.0;346.0;0.0;BNHS_0626
BN-80Taille1C7R40;0.0;346.0;25.0;BNHS_0626
BN-80TrWF15;0.0;346.0;20.0;BNHS_0626
BN-80TrWF103;0.0;346.0;30.0;BNHS_0626
BN-80Rcp325PW;0.0;346.0;0.0;BNHS_0626
BN-40TrP5WF319;0.0;346.0;40.0;BNHS_0626
BN-40TrP5WF137;0.0;346.0;50.0;BNHS_0626
BN-140TrSt3WT2R1;0.0;346.0;30.0;BNHS_0626
BN-140TrSt3WT2R2;0.0;346.0;30.0;BNHS_0626
BN-140TrSt3WT2R3;0.0;346.0;30.0;BNHS_0626
BN-140TrSt3WT2R4;0.0;346.0;30.0;BNHS_0626
BN-140TrSt3WT2R5;0.0;346.0;30.0;BNHS_0626
BN-140TrSt3WT2R6;0.0;346.0;30.0;BNHS_0626
BN-140TrSt3WT2R7;0.0;346.0;30.0;BNHS_0626
BN-140TrSt3WT2R8;0.0;346.0;30.0;BNHS_0626
BN-140TrSt3WT2R9;0.0;346.0;30.0;BNHS_0626
BN-80Rcp312;0.0;346.0;0.0;BNHS_0626
BN-80TrWF292;0.0;346.0;40.0;BNHS_0626
BN-116TrRp1WR1;0.0;347.0;45.0;BNHS_0626
BN-116TrRp1WR2;0.0;347.0;45.0;BNHS_0626
BN-116TrRp1WR3;0.0;347.0;45.0;BNHS_0626
BN-80TrFOEF2;0.0;347.0;33.0;BNHS_0626
BN-80TrFPEF9;0.0;347.0;32.0;BNHS_0626
BN-140TailleSt3W1R11;0.0;347.0;30.0;BNHS_0626
BN-130TrWSt2Rcp2FR1;0.0;347.0;25.0;BNHS_0626
BN-80TrE2F9;0.0;347.0;0.0;BNHS_0626
BN-80TrERcp1F7;0.0;347.0;13.0;BNHS_0626
BN-80TrWF325;0.0;347.0;25.0;BNHS_0626
BN-40TrP5WF311;0.0;347.0;30.0;BNHS_0626
BN-140TrSt3WT3R1;0.0;347.0;30.0;BNHS_0626
BN-140TrSt3WT3R10;0.0;347.0;30.0;BNHS_0626
BN-140TrSt3WT3R11;0.0;347.0;30.0;BNHS_0626
BN-140TrSt3WT3R12;0.0;347.0;30.0;BNHS_0626
BN-140TrSt3WT3R2;0.0;347.0;30.0;BNHS_0626
BN-140TrSt3WT3R3;0.0;347.0;30.0;BNHS_0626
BN-140TrSt3WT3R4;0.0;347.0;30.0;BNHS_0626
BN-140TrSt3WT3R5;0.0;347.0;30.0;BNHS_0626
BN-140TrSt3WT3R6;0.0;347.0;30.0;BNHS_0626
BN-140TrSt3WT3R7;0.0;347.0;30.0;BNHS_0626
BN-140TrSt3WT3R8;0.0;347.0;30.0;BNHS_0626
BN-140TrSt3WT3R9;0.0;347.0;30.0;BNHS_0626
BN-40Tr2EF8;0.0;348.0;44.0;BNHS_0626
BN-100TrSt1WR11;0.0;348.0;40.0;BNHS_0626
BN-100TrSt1WR12;0.0;348.0;40.0;BNHS_0626
BN-100TrSt1WR13;0.0;348.0;40.0;BNHS_0626
BN-100TrSt1WR14;0.0;348.0;40.0;BNHS_0626
BN-100TrSt1WR15;0.0;348.0;40.0;BNHS_0626
BN-100TrSt1WR16;0.0;348.0;40.0;BNHS_0626
BN-100TrSt1WR17;0.0;348.0;40.0;BNHS_0626
BN-100TrSt1WR18;0.0;348.0;40.0;BNHS_0626
BN-100TrSt1WR19;0.0;348.0;40.0;BNHS_0626
BN-100TrSt1WR20;0.0;348.0;40.0;BNHS_0626
BN-100TrSt1WR21;0.0;348.0;40.0;BNHS_0626
BN-100TrSt1WR22;0.0;348.0;40.0;BNHS_0626
BN-100TrSt1WR23;0.0;348.0;40.0;BNHS_0626
BN-40TrTaille1CFR96;0.0;348.0;35.0;BNHS_0626
BN-80TrFPEF7;0.0;348.0;32.0;BNHS_0626
BN-40TrTaille1CFR116;0.0;348.0;30.0;BNHS_0626
BN-140TrSt4WFR11;0.0;348.0;27.0;BNHS_0626
BN-116Rcp1PW;0.0;348.0;0.0;BNHS_0626
BN-80TrW2F26;0.0;348.0;0.0;BNHS_0626
BN-120TrRcp2St2ER20;0.0;348.0;35.0;BNHS_0626
BN-120TrRcp2St2ER19;0.0;348.0;35.0;BNHS_0626
BN-88ChTrE19E1;0.0;348.0;45.0;BNHS_0626
BN-88ChTrE19E2;0.0;348.0;45.0;BNHS_0626
BN-80TrWF324;0.0;348.0;40.0;BNHS_0626
BN-40TrP5WF120;0.0;348.0;45.0;BNHS_0626
BN-80TrERcp1F6;0.0;348.0;11.0;BNHS_0626
BN-120TrRcp2St2ER21;0.0;348.0;35.0;BNHS_0626
BN-80TrWF326;0.0;348.0;30.0;BNHS_0626
BN-80TrWF14;0.0;348.0;8.0;BNHS_0626
BN-40Tr1CSPWWFR10;0.0;349.0;35.0;BNHS_0626
BN-40Tr1CSPWWFR11;0.0;349.0;35.0;BNHS_0626
BN-40Tr1CSPWWFR12;0.0;349.0;35.0;BNHS_0626
BN-40Tr1CSPWWFR13;0.0;349.0;35.0;BNHS_0626
BN-40TrP5WF121;0.0;349.0;30.0;BNHS_0626
BN-80Taille1C7R41;0.0;349.0;25.0;BNHS_0626
BN-40TrP5WF122;0.0;349.0;34.0;BNHS_0626
BN-80TrWF327;0.0;349.0;30.0;BNHS_0626
BN-116Rcp1PE;0.0;349.0;0.0;BNHS_0626
BN-80TrERcp1F5;0.0;349.0;10.0;BNHS_0626
BN-80TrWF16;0.0;349.0;20.0;BNHS_0626
BNCis44Bis;0.0;350.0;90.0;BNHS_0626
BNCis45Bis;0.0;350.0;90.0;BNHS_0626
BNCis61;0.0;350.0;90.0;BNHS_0626
BNCis63;0.0;350.0;90.0;BNHS_0626
BN154;0.0;350.0;85.0;BNHS_0626
BNCis48;0.0;350.0;85.0;BNHS_0626
BNCis54Bis;0.0;350.0;85.0;BNHS_0626
BNCis56;0.0;350.0;85.0;BNHS_0626
BNCis130;0.0;350.0;80.0;BNHS_0626
BNCis51;0.0;350.0;80.0;BNHS_0626
BNCis60Bis;0.0;350.0;80.0;BNHS_0626
BN151;0.0;350.0;76.0;BNHS_0626
BN197;150.0;350.0;75.48;BNHS_0626
BN152;0.0;350.0;75.0;BNHS_0626
BNCis49;0.0;350.0;75.0;BNHS_0626
BNCis58;0.0;350.0;75.0;BNHS_0626
BN197;100.0;350.0;74.92;BNHS_0626
BN197;50.0;350.0;74.88;BNHS_0626
BN197;0.0;350.0;74.0;BNHS_0626
BNCis44;0.0;350.0;73.0;BNHS_0626
BNCis45;0.0;350.0;71.0;BNHS_0626
BNCis132;0.0;350.0;70.0;BNHS_0626
BNCis133;0.0;350.0;70.0;BNHS_0626
BNCis47;0.0;350.0;70.0;BNHS_0626
BNCis131;0.0;350.0;68.0;BNHS_0626
BNCis71;0.0;350.0;66.0;BNHS_0626
BN150;0.0;350.0;65.0;BNHS_0626
BNCis55;0.0;350.0;65.0;BNHS_0626
BNCis70;0.0;350.0;61.0;BNHS_0626
BNCis46;0.0;350.0;60.0;BNHS_0626
BNCis52;0.0;350.0;60.0;BNHS_0626
BNCis53Bis;0.0;350.0;60.0;BNHS_0626
BNCis72;0.0;350.0;58.0;BNHS_0626
BN153;0.0;350.0;55.0;BNHS_0626
BNCis50;0.0;350.0;55.0;BNHS_0626
BNCis57;0.0;350.0;55.0;BNHS_0626
BNCis62;0.0;350.0;55.0;BNHS_0626
BNCis74;0.0;350.0;55.0;BNHS_0626
BNCis75;0.0;350.0;55.0;BNHS_0626
BNCis76;0.0;350.0;55.0;BNHS_0626
BN-40Taille04Ch2E7;0.0;350.0;45.0;BNHS_0626
BN-120TrFOER23;0.0;350.0;42.0;BNHS_0626
BN-88TrP5ER10;0.0;350.0;38.5;BNHS_0626
BN-88TrP5ER11;0.0;350.0;38.5;BNHS_0626
BN-88TrP5ER12;0.0;350.0;38.5;BNHS_0626
BN-88TrP5ER13;0.0;350.0;38.5;BNHS_0626
BN-123TrWR59;0.0;350.0;38.0;BNHS_0626
BN-123TrWR60;0.0;350.0;38.0;BNHS_0626
BN-123TrWR61;0.0;350.0;38.0;BNHS_0626
BN-123TrWR62;0.0;350.0;38.0;BNHS_0626
BN-123TrWR63;0.0;350.0;38.0;BNHS_0626
BN-123TrWR64;0.0;350.0;38.0;BNHS_0626
BN-123TrWR66;0.0;350.0;38.0;BNHS_0626
BN-123TrWR67;0.0;350.0;38.0;BNHS_0626
BN-123TrWR68;0.0;350.0;38.0;BNHS_0626
BN-123TrWR69;0.0;350.0;38.0;BNHS_0626
BN-123TrWR70;0.0;350.0;38.0;BNHS_0626
BN-123TrWRp3R1;0.0;350.0;35.0;BNHS_0626
BN-123TrWRp3R2;0.0;350.0;35.0;BNHS_0626
BN-123TrWRp3R3;0.0;350.0;35.0;BNHS_0626
BN-123TrWRp3R4;0.0;350.0;35.0;BNHS_0626
BN-123TrWRp3R5;0.0;350.0;35.0;BNHS_0626
BN-123TrWRp3R6;0.0;350.0;35.0;BNHS_0626
BN-123TrWRp3R7;0.0;350.0;35.0;BNHS_0626
BN-123TrWRp3R8;0.0;350.0;35.0;BNHS_0626
BN-123TrWRp3R9;0.0;350.0;35.0;BNHS_0626
BN-40TrTaille1CFR95;0.0;350.0;35.0;BNHS_0626
BN-40TrTaille1CFR110;0.0;350.0;30.0;BNHS_0626
BN-40TrTaille1CStWFR9;0.0;350.0;30.0;BNHS_0626
BN-48-1C-SAT1-TREFR10;0.0;350.0;30.0;BNHS_0626
BN-48-1C-SAT1-TREFR11;0.0;350.0;30.0;BNHS_0626
BN-48-1C-SAT1-TREFR12;0.0;350.0;30.0;BNHS_0626
BN-48-1C-SAT1-TREFR13;0.0;350.0;30.0;BNHS_0626
BN-48-1C-SAT1-TREFR14;0.0;350.0;30.0;BNHS_0626
BN-48-1C-SAT1-TREFR15;0.0;350.0;30.0;BNHS_0626
BN-48-1C-SAT1-TREFR16;0.0;350.0;30.0;BNHS_0626
BN-48-1C-SAT1-TREFR17;0.0;350.0;30.0;BNHS_0626
BN-48-1C-SAT1-TREFR18;0.0;350.0;30.0;BNHS_0626
BN-140TrSt2Rcp4WFR1;0.0;350.0;25.0;BNHS_0626
BN-80Taille1WTrR12;0.0;350.0;35.0;BNHS_0626
BN-80TrWF428;0.0;350.0;35.0;BNHS_0626
BN-80TrWF301;0.0;350.0;37.0;BNHS_0626
BN-80TrWF385;0.0;350.0;28.0;BNHS_0626
BN-80TrWF386;0.0;350.0;28.0;BNHS_0626
BN-80TrWF323;0.0;350.0;42.0;BNHS_0626
BN-88ChTrE22E1;0.0;351.0;45.0;BNHS_0626
BN-88ChTrE22E2;0.0;351.0;45.0;BNHS_0626
BN-40Tr1CSPEFR1;0.0;351.0;35.0;BNHS_0626
BN-40Tr1CSPEFR2;0.0;351.0;35.0;BNHS_0626
BN-40Tr1CSPEFR3;0.0;351.0;35.0;BNHS_0626
BN-40Tr1CSPEFR4;0.0;351.0;35.0;BNHS_0626
BN-40Tr1CSPEFR5;0.0;351.0;35.0;BNHS_0626
BN-40Tr1CSPEFR6;0.0;351.0;35.0;BNHS_0626
BN-40Tr1CSPEFR7;0.0;351.0;35.0;BNHS_0626
BN-40Tr1CSPEFR8;0.0;351.0;35.0;BNHS_0626
BN-140Taille2St1Rcp3TrEFR1;0.0;351.0;35.0;BNHS_0626
BN-140Taille2St1Rcp3TrEFR10;0.0;351.0;35.0;BNHS_0626
BN-140Taille2St1Rcp3TrEFR11;0.0;351.0;35.0;BNHS_0626
BN-140Taille2St1Rcp3TrEFR12;0.0;351.0;35.0;BNHS_0626
BN-140Taille2St1Rcp3TrEFR13;0.0;351.0;35.0;BNHS_0626
BN-140Taille2St1Rcp3TrEFR14;0.0;351.0;35.0;BNHS_0626
BN-140Taille2St1Rcp3TrEFR15;0.0;351.0;35.0;BNHS_0626
BN-140Taille2St1Rcp3TrEFR16;0.0;351.0;35.0;BNHS_0626
BN-140Taille2St1Rcp3TrEFR17;0.0;351.0;35.0;BNHS_0626
BN-140Taille2St1Rcp3TrEFR18;0.0;351.0;35.0;BNHS_0626
BN-140Taille2St1Rcp3TrEFR19;0.0;351.0;35.0;BNHS_0626
BN-140Taille2St1Rcp3TrEFR2;0.0;351.0;35.0;BNHS_0626
BN-140Taille2St1Rcp3TrEFR20;0.0;351.0;35.0;BNHS_0626
BN-140Taille2St1Rcp3TrEFR21;0.0;351.0;35.0;BNHS_0626
BN-140Taille2St1Rcp3TrEFR22;0.0;351.0;35.0;BNHS_0626
BN-140Taille2St1Rcp3TrEFR23;0.0;351.0;35.0;BNHS_0626
BN-140Taille2St1Rcp3TrEFR24;0.0;351.0;35.0;BNHS_0626
BN-140Taille2St1Rcp3TrEFR25;0.0;351.0;35.0;BNHS_0626
BN-140Taille2St1Rcp3TrEFR26;0.0;351.0;35.0;BNHS_0626
BN-140Taille2St1Rcp3TrEFR27;0.0;351.0;35.0;BNHS_0626
BN-140Taille2St1Rcp3TrEFR3;0.0;351.0;35.0;BNHS_0626
BN-140Taille2St1Rcp3TrEFR4;0.0;351.0;35.0;BNHS_0626
BN-140Taille2St1Rcp3TrEFR5;0.0;351.0;35.0;BNHS_0626
BN-140Taille2St1Rcp3TrEFR7;0.0;351.0;35.0;BNHS_0626
BN-140Taille2St1Rcp3TrEFR8;0.0;351.0;35.0;BNHS_0626
BN-140Taille2St1Rcp3TrEFR9;0.0;351.0;35.0;BNHS_0626
BN-140Taille2St1Rcp3TrWFR1;0.0;351.0;35.0;BNHS_0626
BN-80TrWF396;0.0;353.0;28.0;BNHS_0626
BN-140Taille2St1Rcp3TrWFR10;0.0;351.0;35.0;BNHS_0626
BN-140Taille2St1Rcp3TrWFR11;0.0;351.0;35.0;BNHS_0626
BN-140Taille2St1Rcp3TrWFR12;0.0;351.0;35.0;BNHS_0626
BN-140Taille2St1Rcp3TrWFR13;0.0;351.0;35.0;BNHS_0626
BN-140Taille2St1Rcp3TrWFR14;0.0;351.0;35.0;BNHS_0626
BN-140Taille2St1Rcp3TrWFR15;0.0;351.0;35.0;BNHS_0626
BN-140Taille2St1Rcp3TrWFR16;0.0;351.0;35.0;BNHS_0626
BN-140Taille2St1Rcp3TrWFR17;0.0;351.0;35.0;BNHS_0626
BN-140Taille2St1Rcp3TrWFR18;0.0;351.0;35.0;BNHS_0626
BN-140Taille2St1Rcp3TrWFR19;0.0;351.0;35.0;BNHS_0626
BN-140Taille2St1Rcp3TrWFR2;0.0;351.0;35.0;BNHS_0626
BN-140Taille2St1Rcp3TrWFR20;0.0;351.0;35.0;BNHS_0626
BN-140Taille2St1Rcp3TrWFR21;0.0;351.0;35.0;BNHS_0626
BN-140Taille2St1Rcp3TrWFR22;0.0;351.0;35.0;BNHS_0626
BN-140Taille2St1Rcp3TrWFR23;0.0;351.0;35.0;BNHS_0626
BN-140Taille2St1Rcp3TrWFR24;0.0;351.0;35.0;BNHS_0626
BN-140Taille2St1Rcp3TrWFR25;0.0;351.0;35.0;BNHS_0626
BN-140Taille2St1Rcp3TrWFR26;0.0;351.0;35.0;BNHS_0626
BN-140Taille2St1Rcp3TrWFR27;0.0;351.0;35.0;BNHS_0626
BN-140Taille2St1Rcp3TrWFR28;0.0;351.0;35.0;BNHS_0626
BN-140Taille2St1Rcp3TrWFR29;0.0;351.0;35.0;BNHS_0626
BN-140Taille2St1Rcp3TrWFR3;0.0;351.0;35.0;BNHS_0626
BN-140Taille2St1Rcp3TrWFR4;0.0;351.0;35.0;BNHS_0626
BN-140Taille2St1Rcp3TrWFR5;0.0;351.0;35.0;BNHS_0626
BN-140Taille2St1Rcp3TrWFR6;0.0;351.0;35.0;BNHS_0626
BN-140Taille2St1Rcp3TrWFR7;0.0;351.0;35.0;BNHS_0626
BN-140Taille2St1Rcp3TrWFR8;0.0;351.0;35.0;BNHS_0626
BN-140Taille2St1Rcp3TrWFR9;0.0;351.0;35.0;BNHS_0626
BN-40TrWR37F17;0.0;351.0;33.0;BNHS_0626
BN-140TrSt4WFR10;0.0;351.0;28.0;BNHS_0626
BN-130TrESt2Rcp3FR12;0.0;351.0;25.0;BNHS_0626
BN-40TrP5WF308;0.0;351.0;26.0;BNHS_0626
BN-80Rcp369PW;0.0;351.0;0.0;BNHS_0626
BN-120TailleS2W2R1;0.0;351.0;15.0;BNHS_0626
BN-80TrWF387;0.0;351.0;28.0;BNHS_0626
BN-80Taille04T9R3;0.0;351.0;40.0;BNHS_0626
BN-80Taille04T9R4;0.0;351.0;40.0;BNHS_0626
BN-80Taille04T9R5;0.0;351.0;40.0;BNHS_0626
BN-120TrRcp2St2ER18;0.0;351.0;35.0;BNHS_0626
BNF56;0.0;351.0;65.0;BNHS_0626
BNF51;0.0;351.0;35.0;BNHS_0626
BNF52;0.0;351.0;25.0;BNHS_0626
BN-80TrWF300;0.0;351.0;40.0;BNHS_0626
BN-120TailleS2W2R2;0.0;351.0;15.0;BNHS_0626
BN-40TrP5WF312;0.0;351.0;35.0;BNHS_0626
BN-120TrRcp2St2WR5;0.0;351.0;30.0;BNHS_0626
BN-40TrWR39F4;0.0;352.0;45.0;BNHS_0626
BN-120TrFOER24;0.0;352.0;42.0;BNHS_0626
BN-40TrTaille1CFR94;0.0;352.0;35.0;BNHS_0626
BN-130TrWSt1Rcp3FR20;0.0;352.0;35.0;BNHS_0626
BN-40TrWR37F15;0.0;352.0;33.0;BNHS_0626
BN-40TrWR37F9;0.0;352.0;33.0;BNHS_0626
BN-80TrFPEF6;0.0;352.0;32.0;BNHS_0626
BN-140TrSt3WFR23;0.0;352.0;30.0;BNHS_0626
BN-140TrSt3WFR24;0.0;352.0;30.0;BNHS_0626
BN-140TrSt3WFR25;0.0;352.0;30.0;BNHS_0626
BN-140TrSt3WFR26;0.0;352.0;30.0;BNHS_0626
BN-140TrSt3WFR27;0.0;352.0;30.0;BNHS_0626
BN-140TrSt3WFR28;0.0;352.0;30.0;BNHS_0626
BN-140TailleSt3W1R14;0.0;352.0;30.0;BNHS_0626
BN-40TrP5EF58;0.0;352.0;27.0;BNHS_0626
BN-140TrSt2Rcp4WFR2;0.0;352.0;25.0;BNHS_0626
BN-80TrW2F25;0.0;352.0;0.0;BNHS_0626
BN-80TrWF389;0.0;352.0;28.0;BNHS_0626
BN-140TailleSt4E1R1;0.0;352.0;27.5;BNHS_0626
BN-140TailleSt4E1R2;0.0;352.0;27.5;BNHS_0626
BN-140TailleSt4E1R3;0.0;352.0;27.5;BNHS_0626
BN-140TailleSt4E1R4;0.0;352.0;27.5;BNHS_0626
BN-140TailleSt4E1R5;0.0;352.0;27.5;BNHS_0626
BN-140TailleSt4E1R6;0.0;352.0;27.5;BNHS_0626
BN-140TailleSt4E1R7;0.0;352.0;27.5;BNHS_0626
BN-80TrWF384;0.0;352.0;28.0;BNHS_0626
BNO-26-PL15 Bis;134.0;352.0;86.31;BNHS_0626
BN-80TrWF322;0.0;352.0;43.0;BNHS_0626
BN-40TrP5WF149;0.0;352.0;45.0;BNHS_0626
BN-80TrWF398;0.0;352.0;28.0;BNHS_0626
BN-120TrRcp2St2WR10;0.0;352.0;30.0;BNHS_0626
BN-80Taille1C7R39;0.0;352.0;25.0;BNHS_0626
BN-40TrP5WF114;0.0;352.0;34.0;BNHS_0626
BN-120TrRcp2St2WR9;0.0;352.0;30.0;BNHS_0626
BN-80TrWF397;0.0;352.0;28.0;BNHS_0626
BN-80TrWF211;0.0;352.0;55.0;BNHS_0626
BN-40TrP5WF135;0.0;352.0;47.0;BNHS_0626
BN-80TrWF395;0.0;352.0;28.0;BNHS_0626
BN-80TrWF400;0.0;352.0;30.0;BNHS_0626
BN-120TrRcp2St2ER3;0.0;352.0;35.0;BNHS_0626
BN-80TrEF11;0.0;352.0;20.0;BNHS_0626
BN-80TrWF17;0.0;352.0;12.0;BNHS_0626
BN-120TrRcp2St2WR6;0.0;352.0;30.0;BNHS_0626
BN-80TrFPEF1;0.0;353.0;32.0;BNHS_0626
BN-80TrFPEF5;0.0;353.0;32.0;BNHS_0626
BN-140TrSt3WFR22;0.0;353.0;30.0;BNHS_0626
BN-140TrSt3WFR29;0.0;353.0;30.0;BNHS_0626
BN-140TrSt2WFR1;0.0;353.0;28.0;BNHS_0626
BN-140TrSt2WFR10;0.0;353.0;28.0;BNHS_0626
BN-140TrSt2WFR3;0.0;353.0;28.0;BNHS_0626
BN-140TrSt2WFR4;0.0;353.0;28.0;BNHS_0626
BN-140TrSt2WFR5;0.0;353.0;28.0;BNHS_0626
BN-140TrSt2WFR6;0.0;353.0;28.0;BNHS_0626
BN-140TrSt2WFR7;0.0;353.0;28.0;BNHS_0626
BN-140TrSt2WFR8;0.0;353.0;28.0;BNHS_0626
BN-140TrSt2WFR9;0.0;353.0;28.0;BNHS_0626
BN-40TrP5EF59;0.0;353.0;27.0;BNHS_0626
BN-116Rcp0PW;0.0;353.0;0.0;BNHS_0626
BN-80TrWF394;0.0;353.0;28.0;BNHS_0626
BN-120TrRcp2St2ER2;0.0;353.0;35.0;BNHS_0626
BN-80TrWF328;0.0;353.0;30.0;BNHS_0626
BN-40TailleFoNT2R2;0.0;353.0;20.0;BNHS_0626
BN-40TrP5WF123;0.0;353.0;42.0;BNHS_0626
BN200;250.0;353.0;85.82;BNHS_0626
BN-80Taille1WTrR9;0.0;353.0;35.0;BNHS_0626
BN-40TrP5WF129;0.0;353.0;40.0;BNHS_0626
BN-40TrP5WF4;0.0;353.0;36.0;BNHS_0626
BN-120TrRcp2St2WR8;0.0;353.0;30.0;BNHS_0626
BN-40TailleFoNT2R1;0.0;353.0;20.0;BNHS_0626
BN-80TrWF393;0.0;353.0;28.0;BNHS_0626
BN-40TrP5WF143;0.0;354.0;50.0;BNHS_0626
BN-40TrWR39F11;0.0;354.0;45.0;BNHS_0626
BN-40TrWR39F2;0.0;354.0;45.0;BNHS_0626
BN-120TrR4ER10;0.0;354.0;40.0;BNHS_0626
BN-120TrR4ER11;0.0;354.0;40.0;BNHS_0626
BN-120TrR4ER12;0.0;354.0;40.0;BNHS_0626
BN-120TrR4ER13;0.0;354.0;40.0;BNHS_0626
BN-120TrR4ER4;0.0;354.0;40.0;BNHS_0626
BN-120TrR4ER5;0.0;354.0;40.0;BNHS_0626
BN-120TrR4ER6;0.0;354.0;40.0;BNHS_0626
BN-120TrR4ER7;0.0;354.0;40.0;BNHS_0626
BN-120TrR4ER8;0.0;354.0;40.0;BNHS_0626
BN-120TrR4ER9;0.0;354.0;40.0;BNHS_0626
BN-120TrR4WR1;0.0;354.0;40.0;BNHS_0626
BN-120TrR4WR10;0.0;354.0;40.0;BNHS_0626
BN-120TrR4WR11;0.0;354.0;40.0;BNHS_0626
BN-120TrR4WR12;0.0;354.0;40.0;BNHS_0626
BN-120TrR4WR13;0.0;354.0;40.0;BNHS_0626
BN-120TrR4WR14;0.0;354.0;40.0;BNHS_0626
BN-120TrR4WR15;0.0;354.0;40.0;BNHS_0626
BN-120TrR4WR16;0.0;354.0;40.0;BNHS_0626
BN-120TrR4WR2;0.0;354.0;40.0;BNHS_0626
BN-120TrR4WR3;0.0;354.0;40.0;BNHS_0626
BN-120TrR4WR4;0.0;354.0;40.0;BNHS_0626
BN-120TrR4WR5;0.0;354.0;40.0;BNHS_0626
BN-120TrR4WR6;0.0;354.0;40.0;BNHS_0626
BN-120TrR4WR8;0.0;354.0;40.0;BNHS_0626
BN-120TrR4WR9;0.0;354.0;40.0;BNHS_0626
BN-40TrTaille1CFR93;0.0;354.0;35.0;BNHS_0626
BN-40TrWR37F10;0.0;354.0;33.0;BNHS_0626
BN-80TrFOEF1;0.0;354.0;33.0;BNHS_0626
BN-140TrSt3WFR21;0.0;354.0;30.0;BNHS_0626
BN-140TrSt3WFR30;0.0;354.0;30.0;BNHS_0626
BN-40TrTaille1CFR111;0.0;354.0;30.0;BNHS_0626
BN-40TrTaille1CFR115;0.0;354.0;30.0;BNHS_0626
BN-140TailleSt3W1R10;0.0;354.0;30.0;BNHS_0626
BN-140TrSt4WFR9;0.0;354.0;29.0;BNHS_0626
BN-140TrSt2Rcp4WFR3;0.0;354.0;25.0;BNHS_0626
BN-140TailleSt3W1R9;0.0;354.0;23.0;BNHS_0626
BN-80TrW2F29;0.0;354.0;0.0;BNHS_0626
BN200;274.0;354.0;85.88;BNHS_0626
BN-80TrWF304;0.0;354.0;44.0;BNHS_0626
BN-130TrESt2Rcp3FR10;0.0;354.0;25.0;BNHS_0626
BN-130TrESt2Rcp3FR11;0.0;354.0;25.0;BNHS_0626
BN-80TrWF427;0.0;354.0;35.0;BNHS_0626
BN-88ChTrE20E1;0.0;354.0;42.0;BNHS_0626
BN-88ChTrE20E2;0.0;354.0;42.0;BNHS_0626
BN-120TrRcp2St2WR7;0.0;354.0;30.0;BNHS_0626
BNO-PL07;21.0;354.0;86.19;BNHS_0626
BNO-PL07;30.0;354.0;86.15;BNHS_0626
BN-40TrP5WF280;0.0;354.0;42.0;BNHS_0626
BN-80TrWF321;0.0;354.0;40.0;BNHS_0626
BN-40TrP5WF213;0.0;354.0;42.0;BNHS_0626
BN-80TrWF78;0.0;354.0;10.0;BNHS_0626
BN-80TrWF147;0.0;354.0;47.0;BNHS_0626
BN-80TrWF315;0.0;354.0;40.0;BNHS_0626
BN-80TrWF421;0.0;354.0;35.0;BNHS_0626
BNO-PL07;33.0;354.0;86.2;BNHS_0626
BNO-PL07;24.0;354.0;86.14;BNHS_0626
BN149;0.0;355.0;85.0;BNHS_0626
BN209;0.0;355.0;70.0;BNHS_0626
BN148;0.0;355.0;56.0;BNHS_0626
BN-40TrP5WF260;0.0;355.0;45.0;BNHS_0626
BN-40TrWR39F3;0.0;355.0;45.0;BNHS_0626
BN-40TrWR39F6;0.0;355.0;45.0;BNHS_0626
BN-88ChTrE13E2;0.0;355.0;45.0;BNHS_0626
BN-88ChTrE13E3;0.0;355.0;45.0;BNHS_0626
BN-40TrP5WF254;0.0;355.0;44.0;BNHS_0626
BN-88ChTrE12E2;0.0;355.0;44.0;BNHS_0626
BN-88ChTrE12E4;0.0;355.0;44.0;BNHS_0626
BN-80TrWF214;0.0;355.0;43.0;BNHS_0626
BN-120TrFOER25;0.0;355.0;42.0;BNHS_0626
BN-120TrFOWPW;0.0;355.0;40.0;BNHS_0626
BN-120TrFOWR1;0.0;355.0;40.0;BNHS_0626
BN-120TrFOWR10;0.0;355.0;40.0;BNHS_0626
BN-120TrFOWR11;0.0;355.0;40.0;BNHS_0626
BN-120TrFOWR12;0.0;355.0;40.0;BNHS_0626
BN-120TrFOWR13;0.0;355.0;40.0;BNHS_0626
BN-120TrFOWR14;0.0;355.0;40.0;BNHS_0626
BN-120TrFOWR15;0.0;355.0;40.0;BNHS_0626
BN-120TrFOWR16;0.0;355.0;40.0;BNHS_0626
BN-120TrFOWR17;0.0;355.0;40.0;BNHS_0626
BN-120TrFOWR2;0.0;355.0;40.0;BNHS_0626
BN-120TrFOWR3;0.0;355.0;40.0;BNHS_0626
BN-120TrFOWR4;0.0;355.0;40.0;BNHS_0626
BN-120TrFOWR5;0.0;355.0;40.0;BNHS_0626
BN-120TrFOWR6;0.0;355.0;40.0;BNHS_0626
BN-120TrFOWR7;0.0;355.0;40.0;BNHS_0626
BN-120TrFOWR8;0.0;355.0;40.0;BNHS_0626
BN-120TrFOWR9;0.0;355.0;40.0;BNHS_0626
BN-140TrSt3WFR20;0.0;355.0;30.0;BNHS_0626
BN-140TrSt3WFR31;0.0;355.0;30.0;BNHS_0626
BN-40TrTaille1CStWFR10;0.0;355.0;30.0;BNHS_0626
BN-80TrE2F10;0.0;355.0;0.0;BNHS_0626
BN-80TrW2F40;0.0;355.0;0.0;BNHS_0626
BN-40TailleFoNT2R3;0.0;355.0;20.0;BNHS_0626
BN-40TrP5WF145;0.0;355.0;45.0;BNHS_0626
BN-40TrP5WF214;0.0;355.0;43.0;BNHS_0626
BN197;239.0;355.0;76.61;BNHS_0626
BN-80TrWF392;0.0;355.0;28.0;BNHS_0626
BN-80TrWF250;0.0;355.0;42.0;BNHS_0626
BN-40TrP5WF126;0.0;355.0;36.0;BNHS_0626
BN-80Taille1W4R1;0.0;355.0;24.0;BNHS_0626
BN-120TailleS2W2R3;0.0;355.0;15.0;BNHS_0626
BN-80TrWF320;0.0;355.0;35.0;BNHS_0626
BN-40TrP5WF79;0.0;355.0;46.0;BNHS_0626
BN-40TrP5WF130;0.0;355.0;45.0;BNHS_0626
BNO-PL07;27.0;355.0;86.14;BNHS_0626
BN-40TrP5WF152;0.0;355.0;32.0;BNHS_0626
BN-80TrWF419;0.0;355.0;35.0;BNHS_0626
BN-80TrWF303;0.0;355.0;45.0;BNHS_0626
BN-80TrWF306;0.0;355.0;40.0;BNHS_0626
BN-40TrP5WF216;0.0;355.0;43.0;BNHS_0626
BNO-PL07;39.0;355.0;86.02;BNHS_0626
BN-120TrRcp2St2ER4;0.0;355.0;35.0;BNHS_0626
BN-80TrWF318;0.0;355.0;36.0;BNHS_0626
BN-40TailleFoNT2R4;0.0;355.0;20.0;BNHS_0626
BNO-PL07;36.0;355.0;86.07;BNHS_0626
BN-40Taille04Ch5E8;0.0;356.0;45.0;BNHS_0626
BN-40TrEG3;0.0;356.0;45.0;BNHS_0626
BN-40TrP5WF233;0.0;356.0;45.0;BNHS_0626
BN-40TrP5WF252;0.0;356.0;45.0;BNHS_0626
BN-40TrWR39F5;0.0;356.0;45.0;BNHS_0626
BN-40TrWR39F8;0.0;356.0;45.0;BNHS_0626
BN-40TrP5WF256;0.0;356.0;42.0;BNHS_0626
BN-40TrTaille1CFR92;0.0;356.0;35.0;BNHS_0626
BN-40TrWR37F16;0.0;356.0;33.0;BNHS_0626
BN-140TrSt3WFR32;0.0;356.0;30.0;BNHS_0626
BN-140TrSt4WFR8;0.0;356.0;30.0;BNHS_0626
BN-140TrSt2Rcp4WFR4;0.0;356.0;25.0;BNHS_0626
BN-80TrE1F8;0.0;356.0;0.0;BNHS_0626
BN-80TrE2F8;0.0;356.0;0.0;BNHS_0626
BN-40Taille04T1R39;0.0;356.0;45.0;BNHS_0626
BN-80TrERcp1F4;0.0;356.0;3.0;BNHS_0626
BN-40TrP5WF150;0.0;356.0;45.0;BNHS_0626
BN-120TrRcp2St2ER17;0.0;356.0;35.0;BNHS_0626
BN-80TrWF77;0.0;356.0;12.0;BNHS_0626
BN-40TrP5WF153;0.0;356.0;45.0;BNHS_0626
BN-80TrWF370;0.0;356.0;30.0;BNHS_0626
BN-88ChTrE3E2;0.0;356.0;53.0;BNHS_0626
BN-88ChTrE3E4;0.0;356.0;53.0;BNHS_0626
BN-40TrP5WF211;0.0;356.0;43.0;BNHS_0626
BN-40TrP5WF2;0.0;356.0;36.0;BNHS_0626
BN-40TrP5WF313;0.0;356.0;45.0;BNHS_0626
BN-120TrRcp2St2ER22;0.0;356.0;35.0;BNHS_0626
BN-40TrP5WF134;0.0;356.0;45.0;BNHS_0626
BN-40TrP5WF203;0.0;356.0;36.0;BNHS_0626
BN-140Rcp1St2PW;0.0;356.0;0.0;BNHS_0626
BN-80TrWF422;0.0;356.0;35.0;BNHS_0626
BNO-PL04;243.0;356.0;69.38;BNHS_0626
BNO-PL03;126.0;356.0;71.8;BNHS_0626
BNO-PL03;129.0;356.0;71.86;BNHS_0626
BN-80TrWF383;0.0;356.0;28.0;BNHS_0626
BN-80TrWF302;0.0;356.0;34.0;BNHS_0626
BNO-PL04;246.0;356.0;69.54;BNHS_0626
BN-40Taille04T1R38;0.0;356.0;45.0;BNHS_0626
BN-80TrEF10;0.0;356.0;25.0;BNHS_0626
BNO-PL03;213.0;356.0;72.82;BNHS_0626
BNO-PL04;249.0;356.0;69.69;BNHS_0626
BN-80TrWF317;0.0;356.0;36.0;BNHS_0626
BNO-PL03;132.0;356.0;72.08;BNHS_0626
BN-80TrWF319;0.0;356.0;40.0;BNHS_0626
BNO-PL03;135.0;356.0;72.02;BNHS_0626
BNO-PL03;138.0;356.0;72.04;BNHS_0626
BN-40TrP5WF18;0.0;356.0;36.0;BNHS_0626
BN-40TrP5WF19;0.0;356.0;36.0;BNHS_0626
BN-40TrP5WF22;0.0;356.0;36.0;BNHS_0626
BNO-PL03;123.0;356.0;71.79;BNHS_0626
BN-120TrRcp2St2ER1;0.0;356.0;35.0;BNHS_0626
BNO-PL07;18.0;356.0;86.06;BNHS_0626
BNO-PL04;240.0;356.0;69.13;BNHS_0626
BNO-PL03;120.0;356.0;71.76;BNHS_0626
BNO-PL03;219.0;356.0;72.89;BNHS_0626
BNO-PL03;141.0;356.0;72.03;BNHS_0626
BN-80TrWF401;0.0;356.0;30.0;BNHS_0626
BNO-PL03;216.0;356.0;72.91;BNHS_0626
BNO-PL03;210.0;356.0;72.57;BNHS_0626
BNO-PL03;168.0;356.0;71.93;BNHS_0626
BN-40TrP5WF14;0.0;356.0;36.0;BNHS_0626
BN-40TrP5WF15;0.0;356.0;36.0;BNHS_0626
BNO-PL03;222.0;356.0;72.82;BNHS_0626
BNO-PL05;240.0;356.0;78.77;BNHS_0626
BNO-PL03;201.0;356.0;72.74;BNHS_0626
BNO-PL03;204.0;356.0;72.74;BNHS_0626
BNO-PL03;207.0;356.0;72.74;BNHS_0626
BNO-PL07;72.0;356.0;85.74;BNHS_0626
BNO-PL05;237.0;356.0;78.75;BNHS_0626
BNO-PL03;162.0;356.0;72.03;BNHS_0626
BN-40TrP5WF162;0.0;356.0;45.0;BNHS_0626
BNO-PL03;165.0;356.0;71.99;BNHS_0626
BNO-PL03;117.0;356.0;71.61;BNHS_0626
BNO-PL05;234.0;356.0;78.84;BNHS_0626
BNO-PL03;144.0;356.0;71.95;BNHS_0626
BNO-PL03;153.0;356.0;72.04;BNHS_0626
BNO-PL03;150.0;356.0;71.83;BNHS_0626
BNO-PL03;240.0;356.0;73.15;BNHS_0626
BNO-PL03;159.0;356.0;71.97;BNHS_0626
BNO-PL07;51.0;356.0;85.91;BNHS_0626
BNO-PL07;57.0;356.0;85.87;BNHS_0626
BNO-PL03;156.0;356.0;71.93;BNHS_0626
BNO-PL03;198.0;356.0;72.48;BNHS_0626
BNO-PL05;231.0;356.0;78.8;BNHS_0626
BNO-PL03;225.0;356.0;72.86;BNHS_0626
BNO-PL03;147.0;356.0;71.83;BNHS_0626
BNO-PL04;237.0;357.0;68.95;BNHS_0626
BN-40TrP5WF251;0.0;357.0;45.0;BNHS_0626
BN-40TrP5WF261;0.0;357.0;45.0;BNHS_0626
BN-40TrWR39F7;0.0;357.0;45.0;BNHS_0626
BN-40TrWR39F9;0.0;357.0;45.0;BNHS_0626
BN-40Tr2EF7;0.0;357.0;44.0;BNHS_0626
BN-40TrP5WF239;0.0;357.0;44.0;BNHS_0626
BN-40TrP5WF257;0.0;357.0;44.0;BNHS_0626
BN-40TrP5WF212;0.0;357.0;42.0;BNHS_0626
BN-40TrP5WF235;0.0;357.0;42.0;BNHS_0626
BN-40TrWR37F23;0.0;357.0;33.0;BNHS_0626
BN-80TrFOWF26;0.0;357.0;33.0;BNHS_0626
BN-80TrFPEF2;0.0;357.0;32.0;BNHS_0626
BN-80TrFPEF3;0.0;357.0;32.0;BNHS_0626
BN-140TrSt3WFR33;0.0;357.0;30.0;BNHS_0626
BN-140TrSt4WFR7;0.0;357.0;30.0;BNHS_0626
BN-130TrESt2Rcp3FR9;0.0;357.0;25.0;BNHS_0626
BN-80TrE1F2;0.0;357.0;0.0;BNHS_0626
BN-80TrE1F3;0.0;357.0;0.0;BNHS_0626
BN-80TrW2F10;0.0;357.0;0.0;BNHS_0626
BN-80TrW2F7;0.0;357.0;0.0;BNHS_0626
BN-80TrW2F9;0.0;357.0;0.0;BNHS_0626
BN-80TrWF47;0.0;357.0;20.0;BNHS_0626
BNO-PL03;171.0;357.0;71.99;BNHS_0626
BNO-PL03;231.0;357.0;72.99;BNHS_0626
BN-80Taille1W4R66;0.0;357.0;16.0;BNHS_0626
BNO-PL05;243.0;357.0;78.79;BNHS_0626
BNO-PL05;246.0;357.0;78.74;BNHS_0626
BNO-PL03;234.0;357.0;73.02;BNHS_0626
BNO-PL05;222.0;357.0;78.81;BNHS_0626
BN-80TrWF94;0.0;357.0;12.0;BNHS_0626
BNO-26-PL15;120.0;357.0;73.26;BNHS_0626
BNO-PL03;192.0;357.0;72.45;BNHS_0626
BNO-PL07;54.0;357.0;85.91;BNHS_0626
BNO-PL03;243.0;357.0;73.04;BNHS_0626
BNO-PL03;195.0;357.0;72.4;BNHS_0626
BN-80TrWF316;0.0;357.0;35.0;BNHS_0626
BNO-PL03;237.0;357.0;73.12;BNHS_0626
BNO-PL03;228.0;357.0;72.95;BNHS_0626
BNO-PL07;60.0;357.0;85.82;BNHS_0626
BNO-PL03;246.0;357.0;73.25;BNHS_0626
BNO-PL03;249.0;357.0;73.15;BNHS_0626
BNO-PL03;102.0;357.0;71.41;BNHS_0626
BNO-PL03;105.0;357.0;71.41;BNHS_0626
BNO-PL03;114.0;357.0;71.4;BNHS_0626
BN-80Taille1W4R4;0.0;357.0;35.0;BNHS_0626
BNO-PL03;189.0;357.0;72.39;BNHS_0626
BN-40TrP5WF163;0.0;357.0;45.0;BNHS_0626
BN-40TrP5WF166;0.0;357.0;45.0;BNHS_0626
BNO-PL05;225.0;357.0;78.76;BNHS_0626
BNO-PL04;234.0;357.0;68.89;BNHS_0626
BN-80Taille1W4R3;0.0;357.0;35.0;BNHS_0626
BNO-PL03;186.0;357.0;72.27;BNHS_0626
BNO-PL07;48.0;357.0;85.95;BNHS_0626
BNO-PL03;174.0;357.0;72.0;BNHS_0626
BNO-PL03;177.0;357.0;72.25;BNHS_0626
BN-80TrWF307;0.0;357.0;42.0;BNHS_0626
BN-80TrWF305;0.0;357.0;40.0;BNHS_0626
BN-80TrEF12;0.0;357.0;20.0;BNHS_0626
BNO-PL03;183.0;357.0;72.17;BNHS_0626
BNO-PL03;108.0;357.0;71.38;BNHS_0626
BNO-PL05;216.0;357.0;78.67;BNHS_0626
BNO-26-PL10;195.0;357.0;77.0;BNHS_0626
BNO-26-PL10;222.0;357.0;76.95;BNHS_0626
BNO-PL03;87.0;357.0;71.32;BNHS_0626
BNO-PL03;90.0;357.0;71.3;BNHS_0626
BNO-PL05;228.0;357.0;78.76;BNHS_0626
BNO-PL03;93.0;357.0;71.29;BNHS_0626
BNO-PL03;96.0;357.0;71.29;BNHS_0626
BNO-PL03;99.0;357.0;71.29;BNHS_0626
BN-40TrP5WF188;0.0;357.0;42.0;BNHS_0626
BNO-PL04;231.0;357.0;68.81;BNHS_0626
BNO-26-PL10;198.0;357.0;77.05;BNHS_0626
BNO-PL03;253.0;357.0;73.23;BNHS_0626
BNO-PL07;15.0;357.0;86.12;BNHS_0626
BNO-26-PL10;225.0;357.0;76.85;BNHS_0626
BNO-PL04;228.0;357.0;68.95;BNHS_0626
BN-80TrWF411;0.0;357.0;35.0;BNHS_0626
BN-80TrWF369;0.0;357.0;30.0;BNHS_0626
BN-80TrWF13;0.0;357.0;8.0;BNHS_0626
BNO-26-PL10;192.0;357.0;76.99;BNHS_0626
BNO-PL03;252.0;357.0;73.21;BNHS_0626
BNO-26-PL10;216.0;357.0;77.04;BNHS_0626
BNO-PL03;180.0;357.0;72.26;BNHS_0626
BNO-PL03;111.0;357.0;71.46;BNHS_0626
BNO-PL03;18.0;357.0;70.24;BNHS_0626
BN-40TrP5WF206;0.0;357.0;45.0;BNHS_0626
BN-40TrP5WF215;0.0;357.0;42.0;BNHS_0626
BNO-26-PL10;201.0;357.0;77.02;BNHS_0626
BNO-26-PL10;204.0;357.0;77.02;BNHS_0626
BNO-PL03;84.0;357.0;71.33;BNHS_0626
BNO-26-PL10;207.0;357.0;77.02;BNHS_0626
BNO-PL04;219.0;357.0;68.74;BNHS_0626
BN-80TrWF378;0.0;357.0;30.0;BNHS_0626
BNO-26-PL10;210.0;357.0;76.98;BNHS_0626
BNO-PL03;15.0;357.0;70.32;BNHS_0626
BNO-PL04;225.0;357.0;68.82;BNHS_0626
BN-40TrP5WF205;0.0;357.0;50.0;BNHS_0626
BN-40TrP5WF71;0.0;357.0;36.0;BNHS_0626
BN-80TrWF79;0.0;357.0;10.0;BNHS_0626
BNO-PL07;42.0;357.0;85.95;BNHS_0626
BN-80TrWF381;0.0;357.0;28.0;BNHS_0626
BNO-PL04;216.0;357.0;68.4;BNHS_0626
BNO-PL07;75.0;357.0;85.78;BNHS_0626
BNO-PL03;78.0;357.0;71.29;BNHS_0626
BNO-PL07;12.0;357.0;86.26;BNHS_0626
BNO-PL04;222.0;357.0;68.63;BNHS_0626
BNO-26-PL10;219.0;357.0;77.05;BNHS_0626
BNO-PL05;219.0;357.0;78.71;BNHS_0626
BNO-PL04;168.0;357.0;67.65;BNHS_0626
BN-80TrWF391;0.0;357.0;28.0;BNHS_0626
BNO-26-PL10;213.0;357.0;76.97;BNHS_0626
BN-80TrWF58;0.0;357.0;15.0;BNHS_0626
BNO-26-PL10;189.0;357.0;76.94;BNHS_0626
BNO-PL04;213.0;357.0;68.47;BNHS_0626
BNO-PL04;159.0;357.0;67.47;BNHS_0626
BNO-PL04;162.0;357.0;67.41;BNHS_0626
BNO-PL04;165.0;357.0;67.55;BNHS_0626
BNO-26-PL10;228.0;357.0;76.89;BNHS_0626
BN-80TrWF3;0.0;357.0;5.0;BNHS_0626
BN-80TrWF361;0.0;357.0;5.0;BNHS_0626
BNO-PL04;195.0;357.0;68.2;BNHS_0626
BNO-PL04;171.0;357.0;67.55;BNHS_0626
BN-80TrWF412;0.0;357.0;35.0;BNHS_0626
BNO-PL03;21.0;357.0;70.62;BNHS_0626
BN-80TrWF110;0.0;357.0;32.0;BNHS_0626
BNO-PL05;213.0;357.0;78.68;BNHS_0626
BNO-PL03;81.0;357.0;71.31;BNHS_0626
BN-80TrWF70;0.0;357.0;7.0;BNHS_0626
BNO-26-PL10;186.0;357.0;76.92;BNHS_0626
BNO-PL04;198.0;357.0;68.35;BNHS_0626
BNO-PL04;210.0;357.0;68.32;BNHS_0626
BN-40TrP5WF281;0.0;357.0;50.0;BNHS_0626
BN-80TrWF382;0.0;357.0;28.0;BNHS_0626
BN-80TrWF413;0.0;357.0;35.0;BNHS_0626
BNO-PL03;27.0;357.0;70.62;BNHS_0626
BNO-PL04;156.0;357.0;67.28;BNHS_0626
BNO-PL05;210.0;357.0;78.64;BNHS_0626
BNO-PL03;75.0;357.0;71.23;BNHS_0626
BNO-PL03;24.0;357.0;70.65;BNHS_0626
BNO-26-PL10;183.0;357.0;76.89;BNHS_0626
BNO-PL03;30.0;357.0;70.65;BNHS_0626
BN-40TrP5WF178;0.0;357.0;45.0;BNHS_0626
BN-140Rcp1St2PE;0.0;357.0;0.0;BNHS_0626
BNO-PL04;207.0;357.0;68.2;BNHS_0626
BNO-26-PL10;180.0;357.0;76.86;BNHS_0626
BNO-PL04;144.0;357.0;67.52;BNHS_0626
BNO-PL04;153.0;357.0;67.33;BNHS_0626
BNO-PL04;201.0;357.0;68.26;BNHS_0626
BNO-PL04;204.0;357.0;68.18;BNHS_0626
BNO-26-PL10;177.0;357.0;76.85;BNHS_0626
BNO-PL04;147.0;357.0;67.47;BNHS_0626
BNO-PL04;150.0;357.0;67.47;BNHS_0626
BNO-PL07;6.0;357.0;86.16;BNHS_0626
BNO-PL04;189.0;357.0;67.88;BNHS_0626
BNO-PL04;183.0;357.0;67.9;BNHS_0626
BN-40TrP5WF209;0.0;357.0;42.0;BNHS_0626
BNO-PL04;192.0;357.0;68.08;BNHS_0626
BNO-PL04;180.0;357.0;67.88;BNHS_0626
BN-100TrSt3ER59;0.0;357.0;13.0;BNHS_0626
BNO-PL03;42.0;357.0;71.13;BNHS_0626
BNO-PL03;69.0;357.0;71.08;BNHS_0626
BNO-PL03;63.0;357.0;70.98;BNHS_0626
BNO-PL03;33.0;357.0;70.62;BNHS_0626
BNO-PL04;177.0;357.0;67.79;BNHS_0626
BNO-PL03;12.0;357.0;70.7;BNHS_0626
BNO-PL04;138.0;357.0;67.3;BNHS_0626
BNO-PL04;141.0;357.0;67.38;BNHS_0626
BNO-PL04;186.0;357.0;67.94;BNHS_0626
BN-80TrWF418;0.0;357.0;35.0;BNHS_0626
BNO-PL03;72.0;357.0;71.25;BNHS_0626
BNO-PL04;174.0;357.0;67.76;BNHS_0626
BN-40TrP5WF249;0.0;358.0;48.0;BNHS_0626
BN-40TrP5WF181;0.0;358.0;47.0;BNHS_0626
BN-40TrP5WF259;0.0;358.0;47.0;BNHS_0626
BN-40TrP5WF255;0.0;358.0;46.0;BNHS_0626
BN-40TrEG8;0.0;358.0;45.0;BNHS_0626
BN-40TrEG9;0.0;358.0;45.0;BNHS_0626
BN-40TrER39F9;0.0;358.0;45.0;BNHS_0626
BN-40TrP5WF245;0.0;358.0;45.0;BNHS_0626
BN-40TrP5WF258;0.0;358.0;45.0;BNHS_0626
BN-40TrP5WF80;0.0;358.0;45.0;BNHS_0626
BN-40TrP5WF248;0.0;358.0;44.0;BNHS_0626
BN-40TrP5WF234;0.0;358.0;43.0;BNHS_0626
BN-88ChTrE15E2;0.0;358.0;42.0;BNHS_0626
BN-88ChTrE15E3;0.0;358.0;42.0;BNHS_0626
BN-40TrP5WF202;0.0;358.0;40.0;BNHS_0626
BN-40TrP5WF242;0.0;358.0;38.0;BNHS_0626
BN-40TrTaille1CFR91;0.0;358.0;35.0;BNHS_0626
BN-80TrWF308;0.0;358.0;35.0;BNHS_0626
BN-40TrER37F2;0.0;358.0;33.0;BNHS_0626
BN-40TrER37F8;0.0;358.0;33.0;BNHS_0626
BN-40TrWR37F19;0.0;358.0;33.0;BNHS_0626
BN-80TrFOEF5;0.0;358.0;33.0;BNHS_0626
BN-80TrFPEF31;0.0;358.0;32.0;BNHS_0626
BN-80TrFPEF4;0.0;358.0;32.0;BNHS_0626
BN-140TrSt3WFR19;0.0;358.0;30.0;BNHS_0626
BN-140TrSt3WFR34;0.0;358.0;30.0;BNHS_0626
BN-140TrSt4WFR6;0.0;358.0;30.0;BNHS_0626
BN-40TrTaille1CFR112;0.0;358.0;30.0;BNHS_0626
BN-80Taille1C6R80;0.0;358.0;30.0;BNHS_0626
BN-80Taille1C6R81;0.0;358.0;30.0;BNHS_0626
BN-80Taille1C6R82;0.0;358.0;30.0;BNHS_0626
BN-48-1C-SAT1-TREFR1;0.0;358.0;30.0;BNHS_0626
BN-48-1C-SAT1-TREFR2;0.0;358.0;30.0;BNHS_0626
BN-48-1C-SAT1-TREFR3;0.0;358.0;30.0;BNHS_0626
BN-48-1C-SAT1-TREFR4;0.0;358.0;30.0;BNHS_0626
BN-48-1C-SAT1-TREFR5;0.0;358.0;30.0;BNHS_0626
BN-48-1C-SAT1-TREFR6;0.0;358.0;30.0;BNHS_0626
BN-48-1C-SAT1-TREFR7;0.0;358.0;30.0;BNHS_0626
BN-48-1C-SAT1-TREFR8;0.0;358.0;30.0;BNHS_0626
BN-48-1C-SAT1-TREFR9;0.0;358.0;30.0;BNHS_0626
BN-40TrP5EF57;0.0;358.0;27.0;BNHS_0626
BN-140TrSt2Rcp4WFR5;0.0;358.0;25.0;BNHS_0626
BN-80Taille1C6R77;0.0;358.0;25.0;BNHS_0626
BN-80Taille1C7R43;0.0;358.0;25.0;BNHS_0626
BN-80Taille1C7R44;0.0;358.0;25.0;BNHS_0626
BN-80Taille1C7R52;0.0;358.0;25.0;BNHS_0626
BN-140TailleSt3W1R8;0.0;358.0;23.0;BNHS_0626
BN-80Taille1C6R78;0.0;358.0;20.0;BNHS_0626
BN-80Taille1C6R79;0.0;358.0;20.0;BNHS_0626
BN-140TrSt3PW;0.0;358.0;0.0;BNHS_0626
BN-40Rcp224PE;0.0;358.0;0.0;BNHS_0626
BN-40Rcp243PE;0.0;358.0;0.0;BNHS_0626
BN-80TrW2F12;0.0;358.0;0.0;BNHS_0626
BN-80TrW2F2;0.0;358.0;0.0;BNHS_0626
BN-80TrW2F8;0.0;358.0;0.0;BNHS_0626
BNO-PL03;60.0;358.0;70.97;BNHS_0626
BN-80TrWF156;0.0;358.0;47.0;BNHS_0626
BNO-26-PL10;171.0;358.0;76.75;BNHS_0626
BN-100TrSt3WR9;0.0;358.0;30.0;BNHS_0626
BNO-26-PL10;174.0;358.0;76.76;BNHS_0626
BNO-PL05;207.0;358.0;78.62;BNHS_0626
BNO-PL03;66.0;358.0;70.96;BNHS_0626
BN-80TrEF9;0.0;358.0;25.0;BNHS_0626
BNO-PL07;96.0;358.0;85.77;BNHS_0626
BNO-PL03;36.0;358.0;70.89;BNHS_0626
BNO-PL07;9.0;358.0;86.27;BNHS_0626
BNO-PL07;69.0;358.0;85.81;BNHS_0626
BNO-PL03;39.0;358.0;71.01;BNHS_0626
BNO-PL04;135.0;358.0;67.53;BNHS_0626
BN-80TrWF220;0.0;358.0;44.0;BNHS_0626
BNO-PL03;45.0;358.0;71.18;BNHS_0626
BN-40TrP5WF204;0.0;358.0;35.0;BNHS_0626
BNO-PL07;66.0;358.0;85.76;BNHS_0626
BNO-PL07;45.0;358.0;85.95;BNHS_0626
BNO-PL03;51.0;358.0;70.98;BNHS_0626
BNO-PL03;54.0;358.0;70.98;BNHS_0626
BNO-PL03;57.0;358.0;70.9;BNHS_0626
BNO-26-PL10;234.0;358.0;76.85;BNHS_0626
BNO-PL03;48.0;358.0;71.18;BNHS_0626
BNO-26-PL10;240.0;358.0;77.0;BNHS_0626
BNO-26-PL10;237.0;358.0;76.82;BNHS_0626
BNO-26-PL10;243.0;358.0;77.03;BNHS_0626
BNO-PL05;204.0;358.0;78.66;BNHS_0626
BNO-26-PL10;231.0;358.0;76.85;BNHS_0626
BNO-26-PL10;168.0;358.0;76.76;BNHS_0626
BNO-PL07;93.0;358.0;85.76;BNHS_0626
BN-40TrP5WF180;0.0;358.0;47.0;BNHS_0626
BN-40TrP5WF164;0.0;358.0;45.0;BNHS_0626
BN-40TrP5WF117;0.0;358.0;34.0;BNHS_0626
BN-80TrWF199;0.0;358.0;49.0;BNHS_0626
BN-120TrRcp2St2ER5;0.0;358.0;35.0;BNHS_0626
BNO-PL05;201.0;358.0;78.59;BNHS_0626
BN-40TrP5WF291;0.0;358.0;50.0;BNHS_0626
BNO-PL07;78.0;358.0;85.76;BNHS_0626
BNO-26-PL10;165.0;358.0;76.77;BNHS_0626
BNO-26-PL10;153.0;358.0;76.83;BNHS_0626
BNO-26-PL10;156.0;358.0;76.83;BNHS_0626
BNO-26-PL10;159.0;358.0;76.83;BNHS_0626
BNO-26-PL10;150.0;358.0;76.56;BNHS_0626
BNE-RC-40;50.0;358.0;59.53;BNHS_0626
BN-40TrP5WF141;0.0;358.0;45.0;BNHS_0626
BN-40TrP5WF193;0.0;358.0;42.0;BNHS_0626
BN-80TrWF368;0.0;358.0;30.0;BNHS_0626
BNO-PL07;87.0;358.0;85.73;BNHS_0626
BN-80TrWF81;0.0;358.0;10.0;BNHS_0626
BNO-PL07;63.0;358.0;85.73;BNHS_0626
BNO-PL04;111.0;358.0;67.36;BNHS_0626
BNO-PL04;114.0;358.0;67.29;BNHS_0626
BN-80TrWF415;0.0;358.0;35.0;BNHS_0626
BN-80TrWF423;0.0;358.0;35.0;BNHS_0626
BNO-PL04;132.0;358.0;67.41;BNHS_0626
BNO-PL04;120.0;358.0;67.27;BNHS_0626
BNO-26-PL10;162.0;358.0;76.8;BNHS_0626
BN-40TrERcp22OR5;0.0;358.0;0.0;BNHS_0626
BNO-PL04;129.0;358.0;67.38;BNHS_0626
BN-40TrP5WF221;0.0;358.0;40.0;BNHS_0626
BNO-PL04;123.0;358.0;67.22;BNHS_0626
BNO-PL04;108.0;358.0;57.38;BNHS_0626
BN-80TrWF169;0.0;358.0;50.0;BNHS_0626
BN-80TrWF2;0.0;358.0;5.0;BNHS_0626
BNO-PL04;99.0;358.0;67.73;BNHS_0626
BNO-PL04;102.0;358.0;67.46;BNHS_0626
BNO-PL04;105.0;358.0;67.46;BNHS_0626
BNO-PL05;198.0;358.0;78.68;BNHS_0626
BNO-PL05;189.0;358.0;78.54;BNHS_0626
BNO-PL04;96.0;358.0;67.37;BNHS_0626
BN-80TrWF410;0.0;358.0;35.0;BNHS_0626
BNO-PL04;126.0;358.0;67.24;BNHS_0626
BNO-PL04;117.0;358.0;67.23;BNHS_0626
BN-100TrSt3WR8;0.0;358.0;30.0;BNHS_0626
BN-40TrWTBP1R10;0.0;358.0;0.0;BNHS_0626
BN-80Taille1W4R13;0.0;358.0;41.0;BNHS_0626
BN-100TrSt1ER2;0.0;358.0;38.0;BNHS_0626
BN-80TrEF1;0.0;358.0;5.0;BNHS_0626
BNO-PL03;9.0;358.0;71.3;BNHS_0626
BN-80TrWF195;0.0;358.0;45.0;BNHS_0626
BN-100TrSt1ER1;0.0;358.0;38.0;BNHS_0626
BN-40TrP5WF299;0.0;358.0;33.0;BNHS_0626
BNO-PL05;78.0;358.0;77.41;BNHS_0626
BNO-PL05;24.0;358.0;76.66;BNHS_0626
BN-80TrWF255;0.0;358.0;40.0;BNHS_0626
BN-40TrP5WF142;0.0;358.0;55.0;BNHS_0626
BN-40TrP5WF78;0.0;358.0;45.0;BNHS_0626
BN-40TrP5WF113;0.0;358.0;40.0;BNHS_0626
BN-80Taille1C10R31;0.0;358.0;22.0;BNHS_0626
BN-80TrWF57;0.0;358.0;21.0;BNHS_0626
BNO-PL05;75.0;358.0;77.39;BNHS_0626
BNO-PL05;30.0;358.0;76.84;BNHS_0626
BNO-26-PL06;18.0;358.0;75.54;BNHS_0626
BNO-PL05;27.0;358.0;76.81;BNHS_0626
BNO-PL05;195.0;358.0;78.62;BNHS_0626
BNO-PL04;87.0;358.0;67.42;BNHS_0626
BNO-PL05;192.0;358.0;78.67;BNHS_0626
BN-120TrRcp2St2ER49;0.0;358.0;35.0;BNHS_0626
BNO-PL05;183.0;358.0;78.58;BNHS_0626
BNO-PL05;72.0;358.0;77.41;BNHS_0626
BN-88ChTrE8E2;0.0;358.0;50.0;BNHS_0626
BN-88ChTrE8E3;0.0;358.0;50.0;BNHS_0626
BN-40TrP5WF159;0.0;358.0;45.0;BNHS_0626
BN-40TrP5WF195;0.0;358.0;42.0;BNHS_0626
BN-80TrWF380;0.0;358.0;28.0;BNHS_0626
BN-40TrWTBP1R9;0.0;358.0;0.0;BNHS_0626
BN-80Rcp284PE;0.0;358.0;0.0;BNHS_0626
BNO-PL07;81.0;358.0;85.77;BNHS_0626
BNO-PL04;90.0;358.0;67.43;BNHS_0626
BNO-PL04;93.0;358.0;67.42;BNHS_0626
BN-80TrWF168;0.0;358.0;52.0;BNHS_0626
BNO-PL07;99.0;358.0;85.8;BNHS_0626
BNO-PL05;186.0;358.0;78.57;BNHS_0626
BN-80TrWF177;0.0;358.0;43.0;BNHS_0626
BN-40TailleFoNT3R1;0.0;358.0;20.0;BNHS_0626
BNO-PL05;84.0;358.0;77.45;BNHS_0626
BNO-PL05;93.0;358.0;77.45;BNHS_0626
BNE-RC-44;50.0;358.0;59.46;BNHS_0626
BNO-PL05;81.0;358.0;77.4;BNHS_0626
BN-40TrP5WF232;0.0;358.0;47.0;BNHS_0626
BN-40TrP5WF208;0.0;358.0;40.0;BNHS_0626
BN-80TrWF64;0.0;358.0;10.0;BNHS_0626
BNO-PL05;96.0;358.0;77.44;BNHS_0626
BN-40TrP5WF301;0.0;358.0;40.0;BNHS_0626
BNO-26-PL13;139.0;358.0;61.85;BNHS_0626
BN-100TrSt3WR7;0.0;358.0;30.0;BNHS_0626
BNO-PL07;90.0;358.0;85.84;BNHS_0626
BNO-PL05;69.0;358.0;77.24;BNHS_0626
BN-100TailleSt1E1R1;0.0;358.0;38.0;BNHS_0626
BN-80TrWF143;0.0;358.0;45.0;BNHS_0626
BN-130TrSt1Rcp2FR1;0.0;358.0;30.0;BNHS_0626
BN-130TrSt1Rcp2FR10;0.0;358.0;30.0;BNHS_0626
BN-130TrSt1Rcp2FR11;0.0;358.0;30.0;BNHS_0626
BN-130TrSt1Rcp2FR12;0.0;358.0;30.0;BNHS_0626
BN-130TrSt1Rcp2FR13;0.0;358.0;30.0;BNHS_0626
BN-130TrSt1Rcp2FR14;0.0;358.0;30.0;BNHS_0626
BN-130TrSt1Rcp2FR15;0.0;358.0;30.0;BNHS_0626
BN-130TrSt1Rcp2FR16;0.0;358.0;30.0;BNHS_0626
BN-130TrSt1Rcp2FR17;0.0;358.0;30.0;BNHS_0626
BN-130TrSt1Rcp2FR2;0.0;358.0;30.0;BNHS_0626
BN-130TrSt1Rcp2FR3;0.0;358.0;30.0;BNHS_0626
BN-130TrSt1Rcp2FR4;0.0;358.0;30.0;BNHS_0626
BN-130TrSt1Rcp2FR5;0.0;358.0;30.0;BNHS_0626
BN-130TrSt1Rcp2FR6;0.0;358.0;30.0;BNHS_0626
BN-130TrSt1Rcp2FR7;0.0;358.0;30.0;BNHS_0626
BN-130TrSt1Rcp2FR8;0.0;358.0;30.0;BNHS_0626
BN-130TrSt1Rcp2FR9;0.0;358.0;30.0;BNHS_0626
BN-40TrP5WF303;0.0;358.0;20.0;BNHS_0626
BNO-PL05;18.0;358.0;76.73;BNHS_0626
BNO-PL04;84.0;358.0;67.33;BNHS_0626
BNO-PL04;81.0;358.0;67.28;BNHS_0626
BN-80TrWF56;0.0;358.0;20.0;BNHS_0626
BN-120TailleS2W2R17;0.0;358.0;15.0;BNHS_0626
BNO-PL05;42.0;358.0;77.07;BNHS_0626
BNO-26-PL06;15.0;358.0;75.55;BNHS_0626
BN-40TrP5WF154;0.0;358.0;43.0;BNHS_0626
BN-80TrWF130;0.0;358.0;42.0;BNHS_0626
BN-40TrP5WF44;0.0;358.0;36.0;BNHS_0626
BNO-PL05;48.0;358.0;77.06;BNHS_0626
BN-80Taille1WTrR22;0.0;358.0;40.0;BNHS_0626
BNO-PL05;21.0;358.0;76.71;BNHS_0626
BNO-26-PL06;21.0;358.0;75.47;BNHS_0626
BN-80TrWF196;0.0;358.0;45.0;BNHS_0626
BNO-PL05;99.0;358.0;77.47;BNHS_0626
BN-40TrP5WF223;0.0;358.0;43.0;BNHS_0626
BN-100TrSt3WR6;0.0;358.0;30.0;BNHS_0626
BN-80TrEF98;0.0;358.0;8.0;BNHS_0626
BNO-PL05;87.0;358.0;77.43;BNHS_0626
BNO-PL05;36.0;358.0;76.86;BNHS_0626
BN-40Taille04T1R40;0.0;358.0;45.0;BNHS_0626
BN-120TrRcp2St2ER48;0.0;358.0;35.0;BNHS_0626
BN-80TrWF414;0.0;358.0;35.0;BNHS_0626
BNO-PL05;177.0;358.0;78.47;BNHS_0626
BNO-PL05;90.0;358.0;77.49;BNHS_0626
BNO-PL04;78.0;358.0;67.29;BNHS_0626
BNO-PL05;180.0;358.0;78.51;BNHS_0626
BNO-PL07;84.0;358.0;85.79;BNHS_0626
BNO-PL05;39.0;358.0;77.0;BNHS_0626
BNO-PL05;45.0;358.0;76.95;BNHS_0626
BN-40TrERcp22E1;0.0;358.0;0.0;BNHS_0626
BN-40TrEG2;0.0;359.0;45.0;BNHS_0626
BN-40TrEG4;0.0;359.0;45.0;BNHS_0626
BN-40TrEG5;0.0;359.0;45.0;BNHS_0626
BN-40TrEG6;0.0;359.0;45.0;BNHS_0626
BN-40TrEG7;0.0;359.0;45.0;BNHS_0626
BN-40TrER39F3;0.0;359.0;45.0;BNHS_0626
BN-40TrER39F5;0.0;359.0;45.0;BNHS_0626
BN-40TrER39F6;0.0;359.0;45.0;BNHS_0626
BN-40TrWR39F10;0.0;359.0;45.0;BNHS_0626
BN-80TrWF160;0.0;359.0;45.0;BNHS_0626
BN-40Tr2EF12;0.0;359.0;44.0;BNHS_0626
BN-40Tr2EF13;0.0;359.0;44.0;BNHS_0626
BN-40TrP5WF243;0.0;359.0;43.0;BNHS_0626
BNF66;0.0;359.0;40.0;BNHS_0626
BN-40TrP5WF5;0.0;359.0;36.0;BNHS_0626
BN-80TrEF87;0.0;359.0;35.0;BNHS_0626
BN-40TrER37F1;0.0;359.0;33.0;BNHS_0626
BN-40TrER37F6;0.0;359.0;33.0;BNHS_0626
BN-40TrER37F7;0.0;359.0;33.0;BNHS_0626
BN-40TrWR37F11;0.0;359.0;33.0;BNHS_0626
BN-40TrWR37F12;0.0;359.0;33.0;BNHS_0626
BN-40TrWR37F18;0.0;359.0;33.0;BNHS_0626
BN-40TrWR37F21;0.0;359.0;33.0;BNHS_0626
BN-40TrWR37F22;0.0;359.0;33.0;BNHS_0626
BN-80TrFPEF18;0.0;359.0;32.0;BNHS_0626
BN-80TrFPEF19;0.0;359.0;32.0;BNHS_0626
BN-80TrFPEF21;0.0;359.0;32.0;BNHS_0626
BN-80TrFPEF24;0.0;359.0;32.0;BNHS_0626
BN-80TrFPEF25;0.0;359.0;32.0;BNHS_0626
BN-80TrFPEF26;0.0;359.0;32.0;BNHS_0626
BN-80TrFPEF30;0.0;359.0;32.0;BNHS_0626
BN-140TrSt3WFR18;0.0;359.0;30.0;BNHS_0626
BN-140TrSt3WFR35;0.0;359.0;30.0;BNHS_0626
BN-140TrSt4WFR5;0.0;359.0;29.0;BNHS_0626
BN-40Rcp243PW;0.0;359.0;0.0;BNHS_0626
BN-80TrE2F2;0.0;359.0;0.0;BNHS_0626
BN-80TrW2F1;0.0;359.0;0.0;BNHS_0626
BN-80TrW2F11;0.0;359.0;0.0;BNHS_0626
BN-80TrW2F17;0.0;359.0;0.0;BNHS_0626
BN-80TrW2F18;0.0;359.0;0.0;BNHS_0626
BN-80TrW2F30;0.0;359.0;0.0;BNHS_0626
BN-80TrW2F34;0.0;359.0;0.0;BNHS_0626
BN-80TrW2F37;0.0;359.0;0.0;BNHS_0626
BN-80TrW2F38;0.0;359.0;0.0;BNHS_0626
BN-80TrW2F41;0.0;359.0;0.0;BNHS_0626
BN-80TrW2F42;0.0;359.0;0.0;BNHS_0626
BN209;130.0;359.0;70.8;BNHS_0626
BN-80TrWF402;0.0;359.0;30.0;BNHS_0626
BN-80TrWF216;0.0;359.0;43.0;BNHS_0626
BN-100TrSt1WR1;0.0;359.0;40.0;BNHS_0626
BN-80TrWF416;0.0;359.0;35.0;BNHS_0626
BN-80TrWF417;0.0;359.0;35.0;BNHS_0626
BNO-PL05;159.0;359.0;78.13;BNHS_0626
BNE-RC-52;50.0;359.0;59.39;BNHS_0626
BN-40Taille03Tr2R62;0.0;359.0;45.0;BNHS_0626
BN-80TrW3GF16;0.0;359.0;20.0;BNHS_0626
BNO-PL05;66.0;359.0;77.32;BNHS_0626
BNO-PL05;105.0;359.0;77.35;BNHS_0626
BN-80Taille1W11R3;0.0;359.0;40.0;BNHS_0626
BN-80Taille1W4R5;0.0;359.0;35.0;BNHS_0626
BN-80TrWF62;0.0;359.0;10.0;BNHS_0626
BNO-PL05;54.0;359.0;76.99;BNHS_0626
BN-40TrP5WF151;0.0;359.0;45.0;BNHS_0626
BN-40TrP5WF179;0.0;359.0;43.0;BNHS_0626
BN-80TrWF18;0.0;359.0;18.0;BNHS_0626
BNO-PL05;51.0;359.0;77.07;BNHS_0626
BNO-PL05;33.0;359.0;76.83;BNHS_0626
BN-80TrWF275;0.0;359.0;40.0;BNHS_0626
BNO-26-PL06;111.0;359.0;76.27;BNHS_0626
BNO-26-PL06;114.0;359.0;76.27;BNHS_0626
BNO-26-PL06;117.0;359.0;76.27;BNHS_0626
BNO-26-PL06;120.0;359.0;76.27;BNHS_0626
BN-80Taille1W4R54;0.0;359.0;41.0;BNHS_0626
BN-80Taille1W4R56;0.0;359.0;41.0;BNHS_0626
BNO-PL05;63.0;359.0;77.28;BNHS_0626
BNO-PL05;102.0;359.0;77.36;BNHS_0626
BNO-PL05;174.0;359.0;78.45;BNHS_0626
BN-80Taille1WTrR19;0.0;359.0;40.0;BNHS_0626
BNO-PL05;171.0;359.0;78.45;BNHS_0626
BNO-PL05;15.0;359.0;76.67;BNHS_0626
BNO-26-PL13;100.0;359.0;63.32;BNHS_0626
BNO-PL05;162.0;359.0;78.27;BNHS_0626
BN-80TrWF403;0.0;359.0;30.0;BNHS_0626
BN-40TailleFoNT4R4;0.0;359.0;20.0;BNHS_0626
BN-100TrSt3ER58;0.0;359.0;13.0;BNHS_0626
BNO-26-PL06;24.0;359.0;75.49;BNHS_0626
BN-80TrWF235;0.0;359.0;45.0;BNHS_0626
BN-40Taille04T5R22;0.0;359.0;40.0;BNHS_0626
BN-80TrWF251;0.0;359.0;40.0;BNHS_0626
BN-100TrSt3ER22;0.0;359.0;25.0;BNHS_0626
BN-80TrWF71;0.0;359.0;5.0;BNHS_0626
BN-40TrP5WF173;0.0;359.0;47.0;BNHS_0626
BN-40TrP5WF169;0.0;359.0;45.0;BNHS_0626
BN-80TrWF225;0.0;359.0;45.0;BNHS_0626
BN-40TrP5WF200;0.0;359.0;44.0;BNHS_0626
BN-40TrP5WF201;0.0;359.0;43.0;BNHS_0626
BN-40TrP5WF217;0.0;359.0;43.0;BNHS_0626
BN-40TrP5WF218;0.0;359.0;40.0;BNHS_0626
BN-80Taille01T3R29;0.0;359.0;40.0;BNHS_0626
BN-80Taille1C10R34;0.0;359.0;22.0;BNHS_0626
BNO-PL05;168.0;359.0;78.41;BNHS_0626
BN-100TrSt1WR6;0.0;359.0;40.0;BNHS_0626
BNO-PL05;108.0;359.0;77.37;BNHS_0626
BNO-PL05;57.0;359.0;77.1;BNHS_0626
BN-80Taille1W4R11;0.0;359.0;41.0;BNHS_0626
BNO-PL04;48.0;359.0;66.33;BNHS_0626
BN-80TrWF329;0.0;359.0;39.0;BNHS_0626
BN-100TrSt3ER2;0.0;359.0;35.0;BNHS_0626
BN-120TailleS2W2R4;0.0;359.0;10.0;BNHS_0626
BN-80TrWF313;0.0;359.0;40.0;BNHS_0626
BN-120TailleS2W2R14;0.0;359.0;15.0;BNHS_0626
BN-120TailleS2W2R27;0.0;359.0;15.0;BNHS_0626
BN-80TrWF246;0.0;359.0;45.0;BNHS_0626
BN-80TrEF5;0.0;359.0;10.0;BNHS_0626
BN-80TrWF129;0.0;359.0;40.0;BNHS_0626
BN-80Taille1W4R2;0.0;359.0;24.0;BNHS_0626
BNO-PL05;135.0;359.0;77.66;BNHS_0626
BNO-PL04;75.0;359.0;67.31;BNHS_0626
BN-40TrP5WF171;0.0;359.0;47.0;BNHS_0626
BN-40TrP5WF170;0.0;359.0;45.0;BNHS_0626
BNO-PL02;27.0;359.0;76.83;BNHS_0626
BNO-26-PL06;30.0;359.0;75.43;BNHS_0626
BNO-PL03;6.0;359.0;71.43;BNHS_0626
BNO-PL05;165.0;359.0;78.42;BNHS_0626
BNO-PL05;138.0;359.0;77.75;BNHS_0626
BN-100TrSt3ER29;0.0;359.0;13.0;BNHS_0626
BNO-26-PL06;69.0;359.0;76.15;BNHS_0626
BNO-26-PL06;27.0;359.0;75.45;BNHS_0626
BNO-PL02;24.0;359.0;76.73;BNHS_0626
BNO-26-PL06;66.0;359.0;76.09;BNHS_0626
BNO-PL04;51.0;359.0;66.62;BNHS_0626
BNO-PL04;54.0;359.0;66.62;BNHS_0626
BN-100TailleSt1E1R2;0.0;359.0;38.0;BNHS_0626
BN-80TrWF115;0.0;359.0;28.0;BNHS_0626
BN-120TailleS2W2R15;0.0;359.0;15.0;BNHS_0626
BN-80TrEF7;0.0;359.0;12.0;BNHS_0626
BNO-PL02;15.0;359.0;76.78;BNHS_0626
BNO-26-PL06;108.0;359.0;76.31;BNHS_0626
BNO-26-PL06;90.0;359.0;76.17;BNHS_0626
BNO-26-PL06;12.0;359.0;75.45;BNHS_0626
BNO-PL02;39.0;359.0;76.8;BNHS_0626
BNO-PL05;12.0;359.0;76.74;BNHS_0626
BNO-PL04;57.0;359.0;66.62;BNHS_0626
BN-80TrWF408;0.0;359.0;35.0;BNHS_0626
BN-100TrSt3ER21;0.0;359.0;25.0;BNHS_0626
BN-120TailleS2W2R10;0.0;359.0;15.0;BNHS_0626
BNO-26-PL06;102.0;359.0;76.29;BNHS_0626
BNO-26-PL06;105.0;359.0;76.29;BNHS_0626
BNO-PL04;45.0;359.0;66.55;BNHS_0626
BN-80TrWF238;0.0;359.0;47.0;BNHS_0626
BNO-PL05;156.0;359.0;78.17;BNHS_0626
BNO-26-PL09;126.0;359.0;86.15;BNHS_0626
BNO-PL02;78.0;359.0;77.21;BNHS_0626
BNO-26-PL06;63.0;359.0;75.92;BNHS_0626
BN-40TrP5WF282;0.0;359.0;55.0;BNHS_0626
BN-40TrP5WF177;0.0;359.0;47.0;BNHS_0626
BN-40TrP5WF77;0.0;359.0;46.0;BNHS_0626
BN-40TrP5WF189;0.0;359.0;38.0;BNHS_0626
BN-40TrP5WF207;0.0;359.0;35.0;BNHS_0626
BNO-26-PL06;123.0;359.0;76.29;BNHS_0626
BN-80Taille1W4R55;0.0;359.0;41.0;BNHS_0626
BN-120TrRcp2St2ER50;0.0;359.0;35.0;BNHS_0626
BN-40TrP5WF307;0.0;359.0;20.0;BNHS_0626
BNO-PL05;111.0;359.0;77.42;BNHS_0626
BNO-PL02;36.0;359.0;76.68;BNHS_0626
BNO-PL02;21.0;359.0;76.63;BNHS_0626
BN-80TrWF97;0.0;359.0;20.0;BNHS_0626
BN-80Taille1W4R57;0.0;359.0;41.0;BNHS_0626
BNO-PL02;30.0;359.0;76.72;BNHS_0626
BNO-PL04;66.0;359.0;67.33;BNHS_0626
BN-80TrWF239;0.0;359.0;47.0;BNHS_0626
BN-100TrSt3WR10;0.0;359.0;30.0;BNHS_0626
BN-40TrWTBP1R5;0.0;359.0;0.0;BNHS_0626
BNO-PL05;141.0;359.0;77.92;BNHS_0626
BNO-PL04;42.0;359.0;66.4;BNHS_0626
BN-80Taille1WTrR21;0.0;359.0;40.0;BNHS_0626
BNO-26-PL06;126.0;359.0;76.22;BNHS_0626
BNO-26-PL06;81.0;359.0;76.21;BNHS_0626
BN-40TrP5WF225;0.0;359.0;45.0;BNHS_0626
BN-80TrEF3;0.0;359.0;5.0;BNHS_0626
BNO-26-PL09;132.0;359.0;86.18;BNHS_0626
BNO-PL02;42.0;359.0;76.81;BNHS_0626
BNO-PL02;18.0;359.0;76.67;BNHS_0626
BN-80TrWF219;0.0;359.0;44.0;BNHS_0626
BN-80Taille1W4R12;0.0;359.0;41.0;BNHS_0626
BN-80Taille1WG24;0.0;359.0;35.0;BNHS_0626
BN-80TrW3GF11;0.0;359.0;15.0;BNHS_0626
BNO-PL05;60.0;359.0;77.14;BNHS_0626
BNO-26-PL06;93.0;359.0;76.28;BNHS_0626
BNO-26-PL06;87.0;359.0;76.16;BNHS_0626
BN-80TrWF230;0.0;359.0;45.0;BNHS_0626
BN-80TrEF8;0.0;359.0;14.0;BNHS_0626
BNO-PL05;144.0;359.0;77.91;BNHS_0626
BN209;100.0;359.0;70.68;BNHS_0626
BN-88ChTrE5E2;0.0;359.0;51.0;BNHS_0626
BN-88ChTrE5E4;0.0;359.0;51.0;BNHS_0626
BN-40TrP5WF198;0.0;359.0;43.0;BNHS_0626
BNF39;0.0;359.0;42.0;BNHS_0626
BN-40TrP5WF176;0.0;359.0;40.0;BNHS_0626
BN-40TrP5WF220;0.0;359.0;39.0;BNHS_0626
BN-100TrSt3ER23;0.0;359.0;25.0;BNHS_0626
BN-100TrSt3ER24;0.0;359.0;25.0;BNHS_0626
BN-80TrEF89;0.0;359.0;23.0;BNHS_0626
BNF38;0.0;359.0;0.0;BNHS_0626
BNO-PL05;147.0;359.0;77.94;BNHS_0626
BN-80Taille1W11R10;0.0;359.0;45.0;BNHS_0626
BN-120TailleS2W2R11;0.0;359.0;15.0;BNHS_0626
BNO-PL05;153.0;359.0;78.18;BNHS_0626
BNO-PL02;81.0;359.0;77.32;BNHS_0626
BNO-26-PL06;84.0;359.0;76.13;BNHS_0626
BNO-PL04;60.0;359.0;66.91;BNHS_0626
BN-80TrWF76;0.0;359.0;14.0;BNHS_0626
BNO-PL05;150.0;359.0;77.95;BNHS_0626
BNO-26-PL06;33.0;359.0;75.41;BNHS_0626
BNO-PL04;36.0;359.0;66.28;BNHS_0626
BNO-PL04;72.0;359.0;67.31;BNHS_0626
BN-40TrWTBP1R6;0.0;359.0;0.0;BNHS_0626
BNO-PL05;117.0;359.0;77.48;BNHS_0626
BNO-PL02;33.0;359.0;76.78;BNHS_0626
BNO-PL04;33.0;359.0;66.38;BNHS_0626
BN-80Taille1W11R6;0.0;359.0;40.0;BNHS_0626
BN-80TrWF254;0.0;359.0;40.0;BNHS_0626
BNO-PL04;39.0;359.0;66.29;BNHS_0626
BN-80TrWF379;0.0;359.0;30.0;BNHS_0626
BN-80TrWF364;0.0;359.0;25.0;BNHS_0626
BN-100TrSt3ER67;0.0;359.0;15.0;BNHS_0626
BNO-PL02;75.0;359.0;77.12;BNHS_0626
BNE-RC-49;50.0;359.0;53.81;BNHS_0626
BNO-26-PL06;96.0;359.0;76.22;BNHS_0626
BNO-26-PL06;99.0;359.0;76.22;BNHS_0626
BNO-26-PL06;36.0;359.0;75.43;BNHS_0626
BN-40Taille03Tr2R67;0.0;359.0;45.0;BNHS_0626
BN-120TailleS2W2R16;0.0;359.0;15.0;BNHS_0626
BNO-PL05;126.0;359.0;77.65;BNHS_0626
BNO-PL04;69.0;359.0;67.14;BNHS_0626
BN-80TrWF424;0.0;359.0;35.0;BNHS_0626
BNO-26-PL09;123.0;359.0;86.2;BNHS_0626
BNO-PL05;132.0;359.0;77.66;BNHS_0626
BNO-PL02;12.0;359.0;76.81;BNHS_0626
BN-40TrP5WF219;0.0;359.0;40.0;BNHS_0626
BN-80Taille01T3R28;0.0;359.0;40.0;BNHS_0626
BNO-PL05;9.0;359.0;76.7;BNHS_0626
BNO-PL04;21.0;359.0;66.1;BNHS_0626
BNO-PL05;114.0;359.0;77.47;BNHS_0626
BN-80TrWF263;0.0;359.0;40.0;BNHS_0626
BN-120TailleS2W2R5;0.0;359.0;10.0;BNHS_0626
BNO-PL04;63.0;359.0;67.12;BNHS_0626
BNO-PL04;27.0;359.0;66.26;BNHS_0626
BNO-PL04;18.0;359.0;66.07;BNHS_0626
BNO-PL05;129.0;359.0;77.69;BNHS_0626
BNO-PL05;123.0;359.0;77.58;BNHS_0626
BN-80Taille1W11R2;0.0;359.0;40.0;BNHS_0626
BN-80TrERcp1F1;0.0;359.0;14.0;BNHS_0626
BNO-26-PL09;33.0;359.0;86.22;BNHS_0626
BNO-PL05;120.0;359.0;77.57;BNHS_0626
BNO-PL04;15.0;359.0;66.36;BNHS_0626
BN-80TrWF404;0.0;359.0;30.0;BNHS_0626
BN-120TailleS2W2R12;0.0;359.0;15.0;BNHS_0626
BNO-PL04;24.0;359.0;66.07;BNHS_0626
BN-80Taille1C10R39;0.0;359.0;22.0;BNHS_0626
BN-120TailleS2W2R19;0.0;359.0;15.0;BNHS_0626
BNO-26-PL14;78.0;359.0;81.62;BNHS_0626
BNO-26-PL06;60.0;359.0;75.81;BNHS_0626
BNO-26-PL06;45.0;359.0;75.39;BNHS_0626
BN-100TrSt3WR1;0.0;359.0;40.0;BNHS_0626
BN-80TrWF280;0.0;359.0;40.0;BNHS_0626
BNO-PL05;6.0;359.0;76.64;BNHS_0626
BN-80Taille03T4R13;0.0;359.0;45.0;BNHS_0626
BN-100TrSt3ER20;0.0;359.0;25.0;BNHS_0626
BNO-26-PL09;30.0;359.0;86.23;BNHS_0626
BNE-RC-30;50.0;359.0;50.03;BNHS_0626
BN-120TrRcp2St2ER47;0.0;359.0;35.0;BNHS_0626
BN-100TrSt1ER3;0.0;359.0;38.0;BNHS_0626
BNO-26-PL09;36.0;359.0;86.2;BNHS_0626
BNO-PL02;120.0;359.0;77.96;BNHS_0626
BNO-26-PL10;12.0;359.0;76.34;BNHS_0626
BNO-PL04;30.0;359.0;66.42;BNHS_0626
BNO-PL04;12.0;359.0;66.41;BNHS_0626
BN-88ChTrE18E2;0.0;359.0;44.0;BNHS_0626
BN-100TailleSt1E1R3;0.0;359.0;38.0;BNHS_0626
BN-120TailleS2W2R24;0.0;359.0;15.0;BNHS_0626
BNO-26-PL13 Bis1;203.0;359.0;76.53;BNHS_0626
BNO-26-PL06;48.0;359.0;75.39;BNHS_0626
BN209;50.0;359.0;70.67;BNHS_0626
BN-40TailleFoNT4R1;0.0;359.0;20.0;BNHS_0626
BN-40TailleFoNT4R2;0.0;359.0;20.0;BNHS_0626
BN-40TailleFoNT4R3;0.0;359.0;20.0;BNHS_0626
BNO-PL02;45.0;359.0;76.96;BNHS_0626
BNO-26-PL06;78.0;359.0;76.23;BNHS_0626
BNO-26-PL09;129.0;359.0;86.16;BNHS_0626
BN-100TrSt1WR7;0.0;359.0;40.0;BNHS_0626
BNO-26-PL10;9.0;359.0;76.33;BNHS_0626
BNO-26-PL06;72.0;359.0;76.15;BNHS_0626
BNO-26-PL06;42.0;359.0;75.42;BNHS_0626
BN-100TrSt3ER6;0.0;359.0;35.0;BNHS_0626
BN-120TrRcp2St2ER25;0.0;359.0;35.0;BNHS_0626
BN-100TrSt3ER5;0.0;359.0;35.0;BNHS_0626
BN-40TailleFoNT4R6;0.0;359.0;20.0;BNHS_0626
BNO-PL02;123.0;359.0;78.0;BNHS_0626
BNO-PL02;126.0;359.0;77.97;BNHS_0626
BNO-PL02;108.0;359.0;77.6;BNHS_0626
BN-40Taille04T5R1;0.0;359.0;40.0;BNHS_0626
BN-100TrSt3WR14;0.0;359.0;30.0;BNHS_0626
BN-120TrRcp2St2ER52;0.0;359.0;12.0;BNHS_0626
BN-120TailleS2W2R8;0.0;359.0;10.0;BNHS_0626
BNO-26-PL14;27.0;359.0;81.45;BNHS_0626
BN-80Taille1WTrR20;0.0;359.0;40.0;BNHS_0626
BN-100TrSt3ER60;0.0;359.0;15.0;BNHS_0626
BN-120TailleS2W2R13;0.0;359.0;15.0;BNHS_0626
BN-80TrEF6;0.0;359.0;12.0;BNHS_0626
BNO-26-PL14;24.0;359.0;81.45;BNHS_0626
BNO-PL02;117.0;359.0;77.83;BNHS_0626
BNO-PL02;9.0;359.0;76.73;BNHS_0626
BNO-26-PL10;78.0;359.0;76.25;BNHS_0626
BN-100TrSt3ER4;0.0;359.0;35.0;BNHS_0626
BNO-26-PL09;39.0;359.0;86.19;BNHS_0626
BNO-26-PL14;30.0;359.0;81.44;BNHS_0626
BNO-PL02;111.0;359.0;77.71;BNHS_0626
BNO-PL02;114.0;359.0;77.61;BNHS_0626
BNO-26-PL06;39.0;359.0;75.4;BNHS_0626
BN-100TailleSt1E1R4;0.0;359.0;38.0;BNHS_0626
BN-100TrSt3ER1;0.0;359.0;35.0;BNHS_0626
BNO-PL02;84.0;359.0;77.31;BNHS_0626
BNO-PL02;72.0;359.0;77.07;BNHS_0626
BNO-26-PL10;75.0;359.0;76.39;BNHS_0626
BNO-26-PL10;81.0;359.0;76.27;BNHS_0626
BNO-26-PL06;9.0;359.0;75.41;BNHS_0626
BNO-PL04;9.0;359.0;66.3;BNHS_0626
BN-100TrSt3ER30;0.0;359.0;13.0;BNHS_0626
BN-120TailleS2W2R21;0.0;359.0;15.0;BNHS_0626
BNO-26-PL10;72.0;359.0;76.37;BNHS_0626
BNO-26-PL10;6.0;359.0;76.28;BNHS_0626
BNO-26-PL06;75.0;359.0;76.21;BNHS_0626
BNO-26-PL14;21.0;359.0;81.45;BNHS_0626
BNO-PL02;129.0;359.0;78.07;BNHS_0626
BNO-PL02;105.0;359.0;77.56;BNHS_0626
BN-100TrSt3ER66;0.0;359.0;15.0;BNHS_0626
BNO-26-PL14;33.0;359.0;81.44;BNHS_0626
BNO-PL02;102.0;359.0;77.6;BNHS_0626
BNO-PL02;87.0;359.0;77.39;BNHS_0626
BNO-PL02;48.0;359.0;77.11;BNHS_0626
BNO-PL02;51.0;359.0;76.98;BNHS_0626
BNO-26-PL13 Bis1;198.0;359.0;76.55;BNHS_0626
BNO-26-PL13 Bis1;201.0;359.0;76.55;BNHS_0626
BNO-26-PL09;24.0;359.0;86.24;BNHS_0626
BNO-PL02;234.0;359.0;78.64;BNHS_0626
BNO-PL02;54.0;359.0;76.95;BNHS_0626
BNO-PL02;90.0;359.0;77.41;BNHS_0626
BNO-PL05;3.0;359.0;76.72;BNHS_0626
BNO-26-PL13 Bis1;195.0;359.0;76.54;BNHS_0626
BNO-26-PL09;27.0;359.0;86.21;BNHS_0626
BNO-26-PL10;21.0;359.0;76.33;BNHS_0626
BNO-26-PL09;21.0;359.0;86.26;BNHS_0626
BNO-26-PL14;81.0;359.0;81.65;BNHS_0626
BNO-26-PL13 Bis1;189.0;359.0;76.55;BNHS_0626
BNO-26-PL10;147.0;359.0;76.41;BNHS_0626
BN-40TrP5WF222;0.0;359.0;42.0;BNHS_0626
BNO-26-PL13 Bis1;186.0;359.0;76.55;BNHS_0626
BNO-26-PL13 Bis1;192.0;359.0;76.54;BNHS_0626
BNO-26-PL10;87.0;359.0;76.39;BNHS_0626
BNO-PL02;246.0;359.0;78.65;BNHS_0626
BNO-26-PL10;96.0;359.0;76.42;BNHS_0626
BNO-26-PL10;93.0;359.0;76.37;BNHS_0626
BNO-PL07;3.0;359.0;86.16;BNHS_0626
BNO-26-PL14;36.0;359.0;81.43;BNHS_0626
BNO-26-PL10;66.0;359.0;76.23;BNHS_0626
BNO-PL04;6.0;359.0;66.47;BNHS_0626
BNO-26-PL14;3.0;359.0;81.42;BNHS_0626
BNO-PL02;6.0;359.0;76.69;BNHS_0626
BNO-26-PL13 Bis1;183.0;359.0;76.55;BNHS_0626
BN-88ChTrE7E2;0.0;360.0;50.0;BNHS_0626
BN-88ChTrE7E3;0.0;360.0;50.0;BNHS_0626
BN-80TrFPEF27;0.0;360.0;32.0;BNHS_0626
BN-80TrFPEF34;0.0;360.0;32.0;BNHS_0626
BN-80TrFPEF35;0.0;360.0;32.0;BNHS_0626
BN-40TrTaille1CStWFR11;0.0;360.0;30.0;BNHS_0626
BNF9;0.0;360.0;15.0;BNHS_0626
BN184;0.0;5.0;71.0;EXW_0726
BN-ExW-100SPTrPE;0.0;357.0;0.0;EXW_0726
BN-ExW-80TrWRcp1PE;0.0;180.0;0.0;EXW_0726
BN-ExW-80TrWRcp1PW;0.0;148.0;0.0;EXW_0726
BN-ExW-80TrWRcp2PE;0.0;180.0;0.0;EXW_0726
BN-ExW-80TrWRcp2PW;0.0;180.0;0.0;EXW_0726
BN-ExW-80TrWRcp3PE;0.0;194.0;0.0;EXW_0726
BN-ExW-80TrWRcp3PW;0.0;188.0;0.0;EXW_0726
BN-ExW-80TrWRcp4PE;0.0;0.0;0.0;EXW_0726
BN-ExW-80TrWRcp4PW;0.0;0.0;0.0;EXW_0726
BN-ExW-80TrWRcp5PE;0.0;0.0;0.0;EXW_0726
BN-ExW-80TrWRcp5PW;0.0;0.0;0.0;EXW_0726
BN-ExW-80TrWRcp6PE;0.0;0.0;0.0;EXW_0726
BN-ExW-80TrWRcp6PW;0.0;0.0;0.0;EXW_0726
RCP-40-1;0.0;327.0;0.0;EXW_0726
RCP-40-3;0.0;5.0;0.0;EXW_0726
EXW-140-TRE-MarR1;0.0;0.0;10.0;EXW_0726
EXW-140-TRE-MarR10;0.0;0.0;10.0;EXW_0726
EXW-140-TRE-MarR11;0.0;0.0;10.0;EXW_0726
EXW-140-TRE-MarR12;0.0;0.0;10.0;EXW_0726
EXW-140-TRE-MarR13;0.0;0.0;10.0;EXW_0726
EXW-140-TRE-MarR14;0.0;0.0;10.0;EXW_0726
EXW-140-TRE-MarR2;0.0;0.0;10.0;EXW_0726
EXW-140-TRE-MarR3;0.0;0.0;10.0;EXW_0726
EXW-140-TRE-MarR4;0.0;0.0;10.0;EXW_0726
EXW-140-TRE-MarR5;0.0;0.0;10.0;EXW_0726
EXW-140-TRE-MarR6;0.0;0.0;10.0;EXW_0726
EXW-140-TRE-MarR7;0.0;0.0;10.0;EXW_0726
EXW-140-TRE-MarR8;0.0;0.0;10.0;EXW_0726
EXW-140-TRE-MarR9;0.0;0.0;10.0;EXW_0726
EXW-140-TRE-R15;0.0;0.0;10.0;EXW_0726
EXW-140-TRE-R16;0.0;0.0;10.0;EXW_0726
EXW-140-TRE-R17;0.0;0.0;10.0;EXW_0726
EXW-140-TRE-R18;0.0;0.0;10.0;EXW_0726
EXW-140-TRE-R19;0.0;0.0;10.0;EXW_0726
EXW-140-TRE-R20;0.0;0.0;10.0;EXW_0726
EXW-140-TRE-R21;0.0;0.0;10.0;EXW_0726
EXW-140-TRE-R22;0.0;0.0;10.0;EXW_0726
EXW-140-TRE-R23;0.0;0.0;10.0;EXW_0726
EXW-140-TRE-R24;0.0;0.0;10.0;EXW_0726
EXW-140-TRE-R25;0.0;0.0;10.0;EXW_0726
EXW-140-TRE-R26;0.0;0.0;10.0;EXW_0726
EXW-140-TRE-R27;0.0;0.0;10.0;EXW_0726
EXW-140-TRE-R28;0.0;0.0;10.0;EXW_0726
EXW-140-TRE-R29;0.0;0.0;10.0;EXW_0726
EXW-140-TRE-R30;0.0;0.0;10.0;EXW_0726
EXW-140-TRE-R31;0.0;0.0;10.0;EXW_0726
EXW-140-TRE-R32;0.0;0.0;10.0;EXW_0726
EXW-140-TRE-R33;0.0;0.0;10.0;EXW_0726
EXW-140-TRE-R34;0.0;0.0;10.0;EXW_0726
EXW-140-TRE-R35;0.0;0.0;10.0;EXW_0726
EXW-140-TRE-R36;0.0;0.0;10.0;EXW_0726
EXW-140-TRE-R37;0.0;0.0;10.0;EXW_0726
EXW-140-TRE-R38;0.0;0.0;10.0;EXW_0726
EXW-140-TRE-R39;0.0;0.0;10.0;EXW_0726
EXW-140-TRE-R40;0.0;0.0;10.0;EXW_0726
EXW-140-TRE-R41;0.0;0.0;10.0;EXW_0726
EXW-140-TRE-R42;0.0;0.0;10.0;EXW_0726
EXW-140-TRE-R43;0.0;0.0;10.0;EXW_0726
EXW-140-TRE-R44;0.0;0.0;10.0;EXW_0726
EXW-140-TRE-R45;0.0;0.0;10.0;EXW_0726
EXW-140-TRE-R46;0.0;0.0;10.0;EXW_0726
EXW-140-TRE-R47;0.0;0.0;10.0;EXW_0726
EXW-140-TRE-R48;0.0;0.0;10.0;EXW_0726
EXW-140-TRE-R49;0.0;0.0;10.0;EXW_0726
EXW-140-TRE-R50;0.0;0.0;10.0;EXW_0726
EXW-140-TRE-R51;0.0;0.0;10.0;EXW_0726
EXW-140-TRE-R52;0.0;0.0;10.0;EXW_0726
EXW-140-TRE-R53;0.0;0.0;10.0;EXW_0726
EXW-140-TRE-R54;0.0;0.0;10.0;EXW_0726
EXW-140-TRE-R55;0.0;0.0;10.0;EXW_0726
EXW-140-TRE-R56;0.0;0.0;10.0;EXW_0726
EXW-140-TRE-R57;0.0;0.0;10.0;EXW_0726
EXW-140-TRE-R58;0.0;0.0;10.0;EXW_0726
EXW-140-TRE-R59;0.0;0.0;10.0;EXW_0726
EXW-140-TRE-R60;0.0;0.0;10.0;EXW_0726
EXW-140-TRE-R61;0.0;0.0;10.0;EXW_0726
EXW-140-TRE-R62;0.0;0.0;10.0;EXW_0726
EXW-140-TRE-R63;0.0;0.0;10.0;EXW_0726
EXW-140-TRE-R64;0.0;0.0;10.0;EXW_0726
EXW-140-TRE-R65;0.0;0.0;10.0;EXW_0726
EXW-140-TRW-MarR1;0.0;0.0;10.0;EXW_0726
EXW-140-TRW-MarR10;0.0;0.0;10.0;EXW_0726
EXW-140-TRW-MarR11;0.0;0.0;10.0;EXW_0726
EXW-140-TRW-MarR12;0.0;0.0;10.0;EXW_0726
EXW-140-TRW-MarR13;0.0;0.0;10.0;EXW_0726
EXW-140-TRW-MarR14;0.0;0.0;10.0;EXW_0726
EXW-140-TRW-MarR15;0.0;0.0;10.0;EXW_0726
EXW-140-TRW-MarR16;0.0;0.0;10.0;EXW_0726
EXW-140-TRW-MarR17;0.0;0.0;10.0;EXW_0726
EXW-140-TRW-MarR18;0.0;0.0;10.0;EXW_0726
EXW-140-TRW-MarR19;0.0;0.0;10.0;EXW_0726
EXW-140-TRW-MarR2;0.0;0.0;10.0;EXW_0726
EXW-140-TRW-MarR20;0.0;0.0;10.0;EXW_0726
EXW-140-TRW-MarR21;0.0;0.0;10.0;EXW_0726
EXW-140-TRW-MarR22;0.0;0.0;10.0;EXW_0726
EXW-140-TRW-MarR3;0.0;0.0;10.0;EXW_0726
EXW-140-TRW-MarR4;0.0;0.0;10.0;EXW_0726
EXW-140-TRW-MarR5;0.0;0.0;10.0;EXW_0726
EXW-140-TRW-MarR6;0.0;0.0;10.0;EXW_0726
EXW-140-TRW-MarR7;0.0;0.0;10.0;EXW_0726
EXW-140-TRW-MarR8;0.0;0.0;10.0;EXW_0726
EXW-140-TRW-MarR9;0.0;0.0;10.0;EXW_0726
EXW-140-TRW-R23;0.0;0.0;10.0;EXW_0726
EXW-140-TRW-R24;0.0;0.0;10.0;EXW_0726
EXW-140-TRW-R25;0.0;0.0;10.0;EXW_0726
EXW-140-TRW-R26;0.0;0.0;10.0;EXW_0726
EXW-140-TRW-R27;0.0;0.0;10.0;EXW_0726
EXW-140-TRW-R28;0.0;0.0;10.0;EXW_0726
EXW-140-TRW-R29;0.0;0.0;10.0;EXW_0726
EXW-140-TRW-R30;0.0;0.0;10.0;EXW_0726
EXW-140-TRW-R31;0.0;0.0;10.0;EXW_0726
EXW-140-TRW-R32;0.0;0.0;10.0;EXW_0726
EXW-140-TRW-R33;0.0;0.0;10.0;EXW_0726
EXW-140-TRW-R34;0.0;0.0;10.0;EXW_0726
EXW-140-TRW-R35;0.0;0.0;10.0;EXW_0726
EXW-140-TRW-R36;0.0;0.0;10.0;EXW_0726
EXW-140-TRW-R37;0.0;0.0;10.0;EXW_0726
EXW-140-TRW-R38;0.0;0.0;10.0;EXW_0726
EXW-140-TRW-R39;0.0;0.0;10.0;EXW_0726
EXW-140-TRW-R40;0.0;0.0;10.0;EXW_0726
EXW-140-TRW-R41;0.0;0.0;10.0;EXW_0726
EXW-140-TRW-R42;0.0;0.0;10.0;EXW_0726
EXW-140-TRW-R43;0.0;0.0;10.0;EXW_0726
EXW-140-TRW-R44;0.0;0.0;10.0;EXW_0726
EXW-140-TRW-R45;0.0;0.0;10.0;EXW_0726
EXW-140-TRW-R46;0.0;0.0;10.0;EXW_0726
EXW-140-TRW-R47;0.0;0.0;10.0;EXW_0726
EXW-140-TRW-R48;0.0;0.0;10.0;EXW_0726
EXW-140-TRW-R49;0.0;0.0;10.0;EXW_0726
EXW-140-TRW-R50;0.0;0.0;10.0;EXW_0726
EXW-140-TRW-R51;0.0;0.0;10.0;EXW_0726
EXW-140-TRW-R52;0.0;0.0;10.0;EXW_0726
EXW-140-TRW-R53;0.0;0.0;10.0;EXW_0726
EXW-140-TRW-R54;0.0;0.0;10.0;EXW_0726
EXW-140-TRW-R55;0.0;0.0;10.0;EXW_0726
EXW-140-TRW-R56;0.0;0.0;10.0;EXW_0726
EXW-140-TRW-R57;0.0;0.0;10.0;EXW_0726
EXW-140-TRW-R58;0.0;0.0;10.0;EXW_0726
EXW-140-TRW-R59;0.0;0.0;10.0;EXW_0726
EXW-160MARR100;0.0;0.0;10.0;EXW_0726
EXW-160MARR101;0.0;0.0;10.0;EXW_0726
EXW-160MARR102;0.0;0.0;10.0;EXW_0726
EXW-160MARR103;0.0;0.0;10.0;EXW_0726
EXW-160MARR104;0.0;0.0;10.0;EXW_0726
EXW-160MARR105;0.0;0.0;10.0;EXW_0726
EXW-160MARR106;0.0;0.0;10.0;EXW_0726
EXW-160MARR107;0.0;0.0;10.0;EXW_0726
EXW-160MARR108;0.0;0.0;10.0;EXW_0726
EXW-160MARR109;0.0;0.0;10.0;EXW_0726
EXW-160MARR71;0.0;0.0;10.0;EXW_0726
EXW-160MARR74;0.0;0.0;10.0;EXW_0726
EXW-160MARR75;0.0;0.0;10.0;EXW_0726
EXW-160MARR76;0.0;0.0;10.0;EXW_0726
EXW-160MARR77;0.0;0.0;10.0;EXW_0726
EXW-160MARR78;0.0;0.0;10.0;EXW_0726
EXW-160MARR79;0.0;0.0;10.0;EXW_0726
EXW-160MARR80;0.0;0.0;10.0;EXW_0726
EXW-160MARR81;0.0;0.0;10.0;EXW_0726
EXW-160MARR82;0.0;0.0;10.0;EXW_0726
EXW-160MARR83;0.0;0.0;10.0;EXW_0726
EXW-160MARR84;0.0;0.0;10.0;EXW_0726
EXW-160MARR85;0.0;0.0;10.0;EXW_0726
EXW-160MARR86;0.0;0.0;10.0;EXW_0726
EXW-160MARR87;0.0;0.0;10.0;EXW_0726
EXW-160MARR88;0.0;0.0;10.0;EXW_0726
EXW-160MARR89;0.0;0.0;10.0;EXW_0726
EXW-160MARR90;0.0;0.0;10.0;EXW_0726
EXW-160MARR91;0.0;0.0;10.0;EXW_0726
EXW-160MARR92;0.0;0.0;10.0;EXW_0726
EXW-160MARR93;0.0;0.0;10.0;EXW_0726
EXW-160MARR94;0.0;0.0;10.0;EXW_0726
EXW-160MARR95;0.0;0.0;10.0;EXW_0726
EXW-160MARR96;0.0;0.0;10.0;EXW_0726
EXW-160MARR97;0.0;0.0;10.0;EXW_0726
EXW-160MARR98;0.0;0.0;10.0;EXW_0726
EXW-160MARR99;0.0;0.0;10.0;EXW_0726
TRE_FR0_160;0.0;0.0;10.0;EXW_0726
TRE_FR1_160;0.0;0.0;10.0;EXW_0726
TRE_FR10_160;0.0;0.0;10.0;EXW_0726
TRE_FR11_160;0.0;0.0;10.0;EXW_0726
TRE_FR12_160;0.0;0.0;10.0;EXW_0726
TRE_FR13_160;0.0;0.0;10.0;EXW_0726
TRE_FR14_160;0.0;0.0;10.0;EXW_0726
TRE_FR15_160;0.0;0.0;10.0;EXW_0726
TRE_FR16_160;0.0;0.0;10.0;EXW_0726
TRE_FR17_160;0.0;0.0;10.0;EXW_0726
TRE_FR18_160;0.0;0.0;10.0;EXW_0726
TRE_FR19_160;0.0;0.0;10.0;EXW_0726
TRE_FR2_160;0.0;0.0;10.0;EXW_0726
TRE_FR20_160;0.0;0.0;10.0;EXW_0726
TRE_FR21_160;0.0;0.0;10.0;EXW_0726
TRE_FR22_160;0.0;0.0;10.0;EXW_0726
TRE_FR24_160;0.0;0.0;10.0;EXW_0726
TRE_FR25_160;0.0;0.0;10.0;EXW_0726
TRE_FR26_160;0.0;0.0;10.0;EXW_0726
TRE_FR27_160;0.0;0.0;10.0;EXW_0726
TRE_FR28_160;0.0;0.0;10.0;EXW_0726
TRE_FR29_160;0.0;0.0;10.0;EXW_0726
TRE_FR3_160;0.0;0.0;10.0;EXW_0726
TRE_FR30_160;0.0;0.0;10.0;EXW_0726
TRE_FR31_160;0.0;0.0;10.0;EXW_0726
TRE_FR32_160;0.0;0.0;10.0;EXW_0726
TRE_FR33_160;0.0;0.0;10.0;EXW_0726
TRE_FR34_160;0.0;0.0;10.0;EXW_0726
TRE_FR35_160;0.0;0.0;10.0;EXW_0726
TRE_FR36_160;0.0;0.0;10.0;EXW_0726
TRE_FR37_160;0.0;0.0;10.0;EXW_0726
TRE_FR38_160;0.0;0.0;10.0;EXW_0726
TRE_FR39_160;0.0;0.0;10.0;EXW_0726
TRE_FR40_160;0.0;0.0;10.0;EXW_0726
TRE_FR41_160;0.0;0.0;10.0;EXW_0726
TRE_FR43_160;0.0;0.0;10.0;EXW_0726
TRE_FR44_160;0.0;0.0;10.0;EXW_0726
TRE_FR45_160;0.0;0.0;10.0;EXW_0726
TRE_FR46_160;0.0;0.0;10.0;EXW_0726
TRE_FR47_160;0.0;0.0;10.0;EXW_0726
TRE_FR48_160;0.0;0.0;10.0;EXW_0726
TRE_FR5_160;0.0;0.0;10.0;EXW_0726
TRE_FR51_160;0.0;0.0;10.0;EXW_0726
TRE_FR52_160;0.0;0.0;10.0;EXW_0726
TRE_FR53_160;0.0;0.0;10.0;EXW_0726
TRE_FR54_160;0.0;0.0;10.0;EXW_0726
TRE_FR55_160;0.0;0.0;10.0;EXW_0726
TRE_FR57_160;0.0;0.0;10.0;EXW_0726
TRE_FR58_160;0.0;0.0;10.0;EXW_0726
TRE_FR59_160;0.0;0.0;10.0;EXW_0726
TRE_FR6_160;0.0;0.0;10.0;EXW_0726
TRE_FR61_160;0.0;0.0;10.0;EXW_0726
TRE_FR62_160;0.0;0.0;10.0;EXW_0726
TRE_FR63_160;0.0;0.0;10.0;EXW_0726
TRE_FR64_160;0.0;0.0;10.0;EXW_0726
TRE_FR65_160;0.0;0.0;10.0;EXW_0726
TRE_FR66_160;0.0;0.0;10.0;EXW_0726
TRE_FR67_160;0.0;0.0;10.0;EXW_0726
TRE_FR68_160;0.0;0.0;10.0;EXW_0726
TRE_FR69_160;0.0;0.0;10.0;EXW_0726
TRE_FR70_160;0.0;0.0;10.0;EXW_0726
TRE_FR71_160;0.0;0.0;10.0;EXW_0726
TRE_FR72_160;0.0;0.0;10.0;EXW_0726
TRE_FR73_160;0.0;0.0;10.0;EXW_0726
TRE_FR74_160;0.0;0.0;10.0;EXW_0726
TRE_FR75_160;0.0;0.0;10.0;EXW_0726
TRE_FR76_160;0.0;0.0;10.0;EXW_0726
TRE_FR77_160;0.0;0.0;10.0;EXW_0726
TRE_FR78_160;0.0;0.0;10.0;EXW_0726
TRE_FR79_160;0.0;0.0;10.0;EXW_0726
TRE_FR8_160;0.0;0.0;10.0;EXW_0726
TRE_FR80_160;0.0;0.0;10.0;EXW_0726
TRE_FR83_160;0.0;0.0;10.0;EXW_0726
TRE_FR9_160;0.0;0.0;10.0;EXW_0726
TRW_FR0_160;0.0;0.0;10.0;EXW_0726
TRW_FR1_160;0.0;0.0;10.0;EXW_0726
TRW_FR10_160;0.0;0.0;10.0;EXW_0726
TRW_FR11_160;0.0;0.0;10.0;EXW_0726
TRW_FR12_160;0.0;0.0;10.0;EXW_0726
TRW_FR13_160;0.0;0.0;10.0;EXW_0726
TRW_FR14_160;0.0;0.0;10.0;EXW_0726
TRW_FR15_160;0.0;0.0;10.0;EXW_0726
TRW_FR16_160;0.0;0.0;10.0;EXW_0726
TRW_FR17_160;0.0;0.0;10.0;EXW_0726
TRW_FR18_160;0.0;0.0;10.0;EXW_0726
TRW_FR19_160;0.0;0.0;10.0;EXW_0726
TRW_FR2_160;0.0;0.0;10.0;EXW_0726
TRW_FR20_160;0.0;0.0;10.0;EXW_0726
TRW_FR21_160;0.0;0.0;10.0;EXW_0726
TRW_FR22_160;0.0;0.0;10.0;EXW_0726
TRW_FR23_160;0.0;0.0;10.0;EXW_0726
TRW_FR24_160;0.0;0.0;10.0;EXW_0726
TRW_FR25_160;0.0;0.0;10.0;EXW_0726
TRW_FR26_160;0.0;0.0;10.0;EXW_0726
TRW_FR27_160;0.0;0.0;10.0;EXW_0726
TRW_FR28_160;0.0;0.0;10.0;EXW_0726
TRW_FR29_160;0.0;0.0;10.0;EXW_0726
TRW_FR3_160;0.0;0.0;10.0;EXW_0726
TRW_FR30_160;0.0;0.0;10.0;EXW_0726
TRW_FR31_160;0.0;0.0;10.0;EXW_0726
TRW_FR32_160;0.0;0.0;10.0;EXW_0726
TRW_FR33_160;0.0;0.0;10.0;EXW_0726
TRW_FR34_160;0.0;0.0;10.0;EXW_0726
TRW_FR35_160;0.0;0.0;10.0;EXW_0726
TRW_FR36_160;0.0;0.0;10.0;EXW_0726
TRW_FR37_160;0.0;0.0;10.0;EXW_0726
TRW_FR38_160;0.0;0.0;10.0;EXW_0726
TRW_FR39_160;0.0;0.0;10.0;EXW_0726
TRW_FR4_160;0.0;0.0;10.0;EXW_0726
TRW_FR40_160;0.0;0.0;10.0;EXW_0726
TRW_FR42_160;0.0;0.0;10.0;EXW_0726
TRW_FR43_160;0.0;0.0;10.0;EXW_0726
TRW_FR44_160;0.0;0.0;10.0;EXW_0726
TRW_FR46_160;0.0;0.0;10.0;EXW_0726
TRW_FR47_160;0.0;0.0;10.0;EXW_0726
TRW_FR48_160;0.0;0.0;10.0;EXW_0726
TRW_FR49_160;0.0;0.0;10.0;EXW_0726
TRW_FR5_160;0.0;0.0;10.0;EXW_0726
TRW_FR50_160;0.0;0.0;10.0;EXW_0726
TRW_FR51_160;0.0;0.0;10.0;EXW_0726
TRW_FR52_160;0.0;0.0;10.0;EXW_0726
TRW_FR53_160;0.0;0.0;10.0;EXW_0726
TRW_FR54_160;0.0;0.0;10.0;EXW_0726
TRW_FR55_160;0.0;0.0;10.0;EXW_0726
TRW_FR56_160;0.0;0.0;10.0;EXW_0726
TRW_FR57_160;0.0;0.0;10.0;EXW_0726
TRW_FR58_160;0.0;0.0;10.0;EXW_0726
TRW_FR59_160;0.0;0.0;10.0;EXW_0726
TRW_FR6_160;0.0;0.0;10.0;EXW_0726
TRW_FR60_160;0.0;0.0;10.0;EXW_0726
TRW_FR61_160;0.0;0.0;10.0;EXW_0726
TRW_FR62_160;0.0;0.0;10.0;EXW_0726
TRW_FR63_160;0.0;0.0;10.0;EXW_0726
TRW_FR64_160;0.0;0.0;10.0;EXW_0726
TRW_FR65_160;0.0;0.0;10.0;EXW_0726
TRW_FR66_160;0.0;0.0;10.0;EXW_0726
TRW_FR67_160;0.0;0.0;10.0;EXW_0726
TRW_FR68_160;0.0;0.0;10.0;EXW_0726
TRW_FR69_160;0.0;0.0;10.0;EXW_0726
TRW_FR7_160;0.0;0.0;10.0;EXW_0726
TRW_FR70_160;0.0;0.0;10.0;EXW_0726
TRW_FR8_160;0.0;0.0;10.0;EXW_0726
TRW_FR9_160;0.0;0.0;10.0;EXW_0726
EXW-160-MAI-TRW-R1;0.0;0.0;10.0;EXW_0726
EXW-160-MAI-TRW-R2;0.0;0.0;10.0;EXW_0726
EXW-160-MAI-TRW-R3;0.0;0.0;10.0;EXW_0726
EXW-160-MAI-TRW-R6;0.0;0.0;10.0;EXW_0726
EXW-160-MAI-TRW-R7;0.0;0.0;10.0;EXW_0726
EXW-160-MAI-TRW-R8;0.0;0.0;10.0;EXW_0726
EXW-160-MAI-TRW-R9;0.0;0.0;10.0;EXW_0726
EXW-160-MAI-TRW-R10;0.0;0.0;10.0;EXW_0726
EXW-160-MAI-TRW-R11;0.0;0.0;10.0;EXW_0726
EXW-160-MAI-TRW-R12;0.0;0.0;10.0;EXW_0726
EXW-160-MAI-TRW-R13;0.0;0.0;10.0;EXW_0726
EXW-160-MAI-TRW-R14;0.0;0.0;10.0;EXW_0726
EXW-160-MAI-TRW-R15;0.0;0.0;10.0;EXW_0726
EXW-160-MAI-TRW-R16;0.0;0.0;10.0;EXW_0726
EXW-160-MAI-TRW-R17;0.0;0.0;10.0;EXW_0726
EXW-160-MAI-TRW-R18;0.0;0.0;10.0;EXW_0726
EXW-160-MAI-TRW-R19;0.0;0.0;10.0;EXW_0726
EXW-160-MAI-TRW-R20;0.0;0.0;10.0;EXW_0726
EXW-160-MAI-TRW-R21;0.0;0.0;10.0;EXW_0726
EXW-160-MAI-TRW-R22;0.0;0.0;10.0;EXW_0726
EXW-160-MAI-TRW-R23;0.0;0.0;10.0;EXW_0726
EXW-160-MAI-TRW-R24;0.0;0.0;10.0;EXW_0726
EXW-160-MAI-TRW-R25;0.0;0.0;10.0;EXW_0726
EXW-160-MAI-TRW-R26;0.0;0.0;10.0;EXW_0726
EXW-160-MAI-TRW-R27;0.0;0.0;10.0;EXW_0726
EXW-160-MAI-TRW-R28;0.0;0.0;10.0;EXW_0726
EXW-160-MAI-TRW-R29;0.0;0.0;10.0;EXW_0726
EXW-160-MAI-TRE-R1;0.0;0.0;10.0;EXW_0726
EXW-160-MAI-TRE-R2;0.0;0.0;10.0;EXW_0726
EXW-160-MAI-TRE-R3;0.0;0.0;10.0;EXW_0726
EXW-160-MAI-TRE-R4;0.0;0.0;10.0;EXW_0726
EXW-160-MAI-TRE-R5;0.0;0.0;10.0;EXW_0726
EXW-160-MAI-TRE-R6;0.0;0.0;10.0;EXW_0726
EXW-160-MAI-TRE-R7;0.0;0.0;10.0;EXW_0726
EXW-160-MAI-TRE-R8;0.0;0.0;10.0;EXW_0726
EXW-160-MAI-TRE-R9;0.0;0.0;10.0;EXW_0726
EXW-160-MAI-TRE-R10;0.0;0.0;10.0;EXW_0726
EXW-160-MAI-TRE-R11;0.0;0.0;10.0;EXW_0726
EXW-160-MAI-TRE-R12;0.0;0.0;10.0;EXW_0726
EXW-160-MAI-TRE-R13;0.0;0.0;10.0;EXW_0726
EXW-160-MAI-TRE-R14;0.0;0.0;10.0;EXW_0726
EXW-160-MAI-TRE-R15;0.0;0.0;10.0;EXW_0726
EXW-160-MAI-TRE-R16;0.0;0.0;10.0;EXW_0726
EXW-160-MAI-TRE-R17;0.0;0.0;10.0;EXW_0726
EXW-160-MAI-TRE-R18;0.0;0.0;10.0;EXW_0726
EXW-160-MAI-TRE-R19;0.0;0.0;10.0;EXW_0726
EXW-160-MAI-TRE-R20;0.0;0.0;10.0;EXW_0726
EXW-160-MAI-TRE-R21;0.0;0.0;10.0;EXW_0726
EXW-160-MAI-TRE-R22;0.0;0.0;10.0;EXW_0726
EXW-160-MAI-TRE-R23;0.0;0.0;10.0;EXW_0726
EXW-160-MAI-TRE-R24;0.0;0.0;10.0;EXW_0726
EXW-160-MAI-TRE-R25;0.0;0.0;10.0;EXW_0726
EXW-160-MAI-TRE-R26;0.0;0.0;10.0;EXW_0726
EXW-160-MAI-TRE-R27;0.0;0.0;10.0;EXW_0726
EXW-160-MAI-TRE-R28;0.0;0.0;10.0;EXW_0726
EXW-160-MAI-TRE-R29;0.0;0.0;10.0;EXW_0726
EXW-160-MAI-TRE-R30;0.0;0.0;10.0;EXW_0726
EXW-160-MAI-TRE-R31;0.0;0.0;10.0;EXW_0726
EXW-160-MAI-TRE-R32;0.0;0.0;10.0;EXW_0726
EXW-160-MAI-TRE-R33;0.0;0.0;10.0;EXW_0726
EXW-160-MAI-TRE-R34;0.0;0.0;10.0;EXW_0726
EXW-160-MAI-TRE-R35;0.0;0.0;10.0;EXW_0726
EXW-160-MAI-TRE-R36;0.0;0.0;10.0;EXW_0726
BNEWF10;0.0;218.0;20.0;EXW_0726
BNEWF1;0.0;85.0;23.0;EXW_0726
BNEWF3;0.0;52.0;24.0;EXW_0726
BN-EXW-100-T3-TREFR0;0.0;0.0;25.0;EXW_0726
BN-EXW-100-T3-TREFR1;0.0;0.0;25.0;EXW_0726
BN-EXW-100-T3-TREFR10;0.0;0.0;25.0;EXW_0726
BN-EXW-100-T3-TREFR11;0.0;0.0;25.0;EXW_0726
BN-EXW-100-T3-TREFR12;0.0;0.0;25.0;EXW_0726
BN-EXW-100-T3-TREFR13;0.0;0.0;25.0;EXW_0726
BN-EXW-100-T3-TREFR14;0.0;0.0;25.0;EXW_0726
BN-EXW-100-T3-TREFR15;0.0;0.0;25.0;EXW_0726
BN-EXW-100-T3-TREFR16;0.0;0.0;25.0;EXW_0726
BN-EXW-100-T3-TREFR17;0.0;0.0;25.0;EXW_0726
BN-EXW-100-T3-TREFR18;0.0;0.0;25.0;EXW_0726
BN-EXW-100-T3-TREFR19;0.0;0.0;25.0;EXW_0726
BN-EXW-100-T3-TREFR2;0.0;0.0;25.0;EXW_0726
BN-EXW-100-T3-TREFR20;0.0;0.0;25.0;EXW_0726
BN-EXW-100-T3-TREFR21;0.0;0.0;25.0;EXW_0726
BN-EXW-100-T3-TREFR22;0.0;0.0;25.0;EXW_0726
BN-EXW-100-T3-TREFR23;0.0;0.0;25.0;EXW_0726
BN-EXW-100-T3-TREFR24;0.0;0.0;25.0;EXW_0726
BN-EXW-100-T3-TREFR25;0.0;0.0;25.0;EXW_0726
BN-EXW-100-T3-TREFR26;0.0;0.0;25.0;EXW_0726
BN-EXW-100-T3-TREFR27;0.0;0.0;25.0;EXW_0726
BN-EXW-100-T3-TREFR28;0.0;0.0;25.0;EXW_0726
BN-EXW-100-T3-TREFR29;0.0;0.0;25.0;EXW_0726
BN-EXW-100-T3-TREFR3;0.0;0.0;25.0;EXW_0726
BN-EXW-100-T3-TREFR30;0.0;0.0;25.0;EXW_0726
BN-EXW-100-T3-TREFR31;0.0;0.0;25.0;EXW_0726
BN-EXW-100-T3-TREFR32;0.0;0.0;25.0;EXW_0726
BN-EXW-100-T3-TREFR33;0.0;0.0;25.0;EXW_0726
BN-EXW-100-T3-TREFR34;0.0;0.0;25.0;EXW_0726
BN-EXW-100-T3-TREFR35;0.0;0.0;25.0;EXW_0726
BN-EXW-100-T3-TREFR36;0.0;0.0;25.0;EXW_0726
BN-EXW-100-T3-TREFR37;0.0;0.0;25.0;EXW_0726
BN-EXW-100-T3-TREFR38;0.0;0.0;25.0;EXW_0726
BN-EXW-100-T3-TREFR39;0.0;0.0;25.0;EXW_0726
BN-EXW-100-T3-TREFR4;0.0;0.0;25.0;EXW_0726
BN-EXW-100-T3-TREFR40;0.0;0.0;25.0;EXW_0726
BN-EXW-100-T3-TREFR41;0.0;0.0;25.0;EXW_0726
BN-EXW-100-T3-TREFR5;0.0;0.0;25.0;EXW_0726
BN-EXW-100-T3-TREFR6;0.0;0.0;25.0;EXW_0726
BN-EXW-100-T3-TREFR7;0.0;0.0;25.0;EXW_0726
BN-EXW-100-T3-TREFR8;0.0;0.0;25.0;EXW_0726
BN-EXW-100-T3-TREFR9;0.0;0.0;25.0;EXW_0726
BN-EXW-100-T3-TRWFR0;0.0;0.0;25.0;EXW_0726
BN-EXW-100-T3-TRWFR1;0.0;0.0;25.0;EXW_0726
BN-EXW-100-T3-TRWFR10;0.0;0.0;25.0;EXW_0726
BN-EXW-100-T3-TRWFR11;0.0;0.0;25.0;EXW_0726
BN-EXW-100-T3-TRWFR12;0.0;0.0;25.0;EXW_0726
BN-EXW-100-T3-TRWFR13;0.0;0.0;25.0;EXW_0726
BN-EXW-100-T3-TRWFR14;0.0;0.0;25.0;EXW_0726
BN-EXW-100-T3-TRWFR15;0.0;0.0;25.0;EXW_0726
BN-EXW-100-T3-TRWFR16;0.0;0.0;25.0;EXW_0726
BN-EXW-100-T3-TRWFR17;0.0;0.0;25.0;EXW_0726
BN-EXW-100-T3-TRWFR2;0.0;0.0;25.0;EXW_0726
BN-EXW-100-T3-TRWFR4;0.0;0.0;25.0;EXW_0726
BN-EXW-100-T3-TRWFR5;0.0;0.0;25.0;EXW_0726
BN-EXW-100-T3-TRWFR6;0.0;0.0;25.0;EXW_0726
BN-EXW-100-T3-TRWFR7;0.0;0.0;25.0;EXW_0726
BN-EXW-100-T3-TRWFR8;0.0;0.0;25.0;EXW_0726
BN-EXW-100-T3-TRWFR9;0.0;0.0;25.0;EXW_0726
BN-ExW-120SPT3TrEF31;0.0;0.0;25.0;EXW_0726
BN-ExW-120SPT3TrEF32;0.0;0.0;25.0;EXW_0726
BN-ExW-120SPT3TrEF33;0.0;0.0;25.0;EXW_0726
BN-ExW-120SPT3TrEF34;0.0;0.0;25.0;EXW_0726
BN-ExW-120SPT3TrEF35;0.0;0.0;25.0;EXW_0726
BN-ExW-120SPT3TrEF36;0.0;0.0;25.0;EXW_0726
BN-ExW-120SPT3TrEF37;0.0;0.0;25.0;EXW_0726
BN-ExW-120SPT3TrEF38;0.0;0.0;25.0;EXW_0726
BN-ExW-120SPT3TrEF39;0.0;0.0;25.0;EXW_0726
BN-ExW-120SPT3TrEF40;0.0;0.0;25.0;EXW_0726
BN-ExW-120SPT3TrEF41;0.0;0.0;25.0;EXW_0726
BN-ExW-120SPT3TrEF42;0.0;0.0;25.0;EXW_0726
BN-ExW-120SPT3TrEF43;0.0;0.0;25.0;EXW_0726
BN-ExW-120SPT3TrEF44;0.0;0.0;25.0;EXW_0726
BN-ExW-120SPT3TrEF45;0.0;0.0;25.0;EXW_0726
BN-ExW-120SPT3TrEF46;0.0;0.0;25.0;EXW_0726
BN-ExW-120SPT3TrEF47;0.0;0.0;25.0;EXW_0726
BN-ExW-120SPT3TrEF48;0.0;0.0;25.0;EXW_0726
BN-ExW-120SPT3TrEF49;0.0;0.0;25.0;EXW_0726
BN-ExW-120SPT3TrEF50;0.0;0.0;25.0;EXW_0726
BN-ExW-120SPT3TrEF51;0.0;0.0;25.0;EXW_0726
BN-ExW-120SPT3TrEF52;0.0;0.0;25.0;EXW_0726
BN-ExW-120SPT3TrEF53;0.0;0.0;25.0;EXW_0726
BN-ExW-120SPT3TrEF54;0.0;0.0;25.0;EXW_0726
BN-ExW-120SPT3TrEF55;0.0;0.0;25.0;EXW_0726
BN-ExW-120SPT3TrEF56;0.0;0.0;25.0;EXW_0726
BN-ExW-120SPT3TrEF57;0.0;0.0;25.0;EXW_0726
BN-ExW-120SPT3TrEF58;0.0;0.0;25.0;EXW_0726
BN-ExW-120SPT3TrEF59;0.0;0.0;25.0;EXW_0726
BN-ExW-120SPT3TrEF60;0.0;0.0;25.0;EXW_0726
BN-ExW-120SPT3TrEF61;0.0;0.0;25.0;EXW_0726
BN-ExW-120SPT3TrEF62;0.0;0.0;25.0;EXW_0726
BN-ExW-120SPT3TrEF63;0.0;0.0;25.0;EXW_0726
BN-ExW-120SPT3TrEF64;0.0;0.0;25.0;EXW_0726
BN-ExW-120SPT3TrEF65;0.0;0.0;25.0;EXW_0726
BN-ExW-120SPT3TrEF66;0.0;0.0;25.0;EXW_0726
BN-ExW-120SPT3TrEF67;0.0;0.0;25.0;EXW_0726
BN-ExW-120SPT3TrEF68;0.0;0.0;25.0;EXW_0726
BN-ExW-120SPT3TrEF69;0.0;0.0;25.0;EXW_0726
BN-ExW-120SPT3TrEF70;0.0;0.0;25.0;EXW_0726
BN-ExW-120SPT3TrEF71;0.0;0.0;25.0;EXW_0726
BN-ExW-120SPT3TrEF72;0.0;0.0;25.0;EXW_0726
BN-ExW-120SPT3TrEF73;0.0;0.0;25.0;EXW_0726
BN-ExW-120SPT3TrEF74;0.0;0.0;25.0;EXW_0726
BN-ExW-120SPT3TrEF75;0.0;0.0;25.0;EXW_0726
BN-ExW-120SPT3TrEF76;0.0;0.0;25.0;EXW_0726
BN-ExW-120SPT3TrEF77;0.0;0.0;25.0;EXW_0726
BN-ExW-120SPT3TrEF78;0.0;0.0;25.0;EXW_0726
BN-ExW-120SPT3TrEF80;0.0;0.0;25.0;EXW_0726
BN-ExW-120SPT3TrEF81;0.0;0.0;25.0;EXW_0726
BN-ExW-120SPT3TrEF82;0.0;0.0;25.0;EXW_0726
BN-ExW-120SPT3TrEF83;0.0;0.0;25.0;EXW_0726
BN-ExW-120SPT3TrEF84;0.0;0.0;25.0;EXW_0726
BN-ExW-120SPT3TrEF85;0.0;0.0;25.0;EXW_0726
BN-ExW-120SPT3TrEF86;0.0;0.0;25.0;EXW_0726
BN-ExW-120SPT3TrEF87;0.0;0.0;25.0;EXW_0726
BN-ExW-120SPT3TrEF89;0.0;0.0;25.0;EXW_0726
BN-ExW-120SPT3TrEF90;0.0;0.0;25.0;EXW_0726
BN-ExW-120SPT3TrEF91;0.0;0.0;25.0;EXW_0726
BN-ExW-120SPT3TrEF92;0.0;0.0;25.0;EXW_0726
BN-ExW-120SPT3TrEF93;0.0;0.0;25.0;EXW_0726
BN-ExW-120SPT3TrEF94;0.0;0.0;25.0;EXW_0726
BN-ExW-120SPT3TrEF95;0.0;0.0;25.0;EXW_0726
BN-ExW-120SPT3TrEF96;0.0;0.0;25.0;EXW_0726
BN-ExW-120SPT3TrEF97;0.0;0.0;25.0;EXW_0726
BN-EXW-140T3PR-TREFR10;0.0;0.0;25.0;EXW_0726
BN-EXW-140T3PR-TREFR11;0.0;0.0;25.0;EXW_0726
BN-EXW-140T3PR-TREFR12;0.0;0.0;25.0;EXW_0726
BN-EXW-140T3PR-TREFR13;0.0;0.0;25.0;EXW_0726
BN-EXW-140T3PR-TREFR14;0.0;0.0;25.0;EXW_0726
BN-EXW-140T3PR-TREFR15;0.0;0.0;25.0;EXW_0726
BN-EXW-140T3PR-TREFR16;0.0;0.0;25.0;EXW_0726
BN-EXW-140T3PR-TREFR17;0.0;0.0;25.0;EXW_0726
BN-EXW-140T3PR-TREFR18;0.0;0.0;25.0;EXW_0726
BN-EXW-140T3PR-TREFR19;0.0;0.0;25.0;EXW_0726
BN-EXW-140T3PR-TREFR2;0.0;0.0;25.0;EXW_0726
BN-EXW-140T3PR-TREFR20;0.0;0.0;25.0;EXW_0726
BN-EXW-140T3PR-TREFR22;0.0;0.0;25.0;EXW_0726
BN-EXW-140T3PR-TREFR23;0.0;0.0;25.0;EXW_0726
BN-EXW-140T3PR-TREFR24;0.0;0.0;25.0;EXW_0726
BN-EXW-140T3PR-TREFR27;0.0;0.0;25.0;EXW_0726
BN-EXW-140T3PR-TREFR28;0.0;0.0;25.0;EXW_0726
BN-EXW-140T3PR-TREFR29;0.0;0.0;25.0;EXW_0726
BN-EXW-140T3PR-TREFR3;0.0;0.0;25.0;EXW_0726
BN-EXW-140T3PR-TREFR30;0.0;0.0;25.0;EXW_0726
BN-EXW-140T3PR-TREFR31;0.0;0.0;25.0;EXW_0726
BN-EXW-140T3PR-TREFR32;0.0;0.0;25.0;EXW_0726
BN-EXW-140T3PR-TREFR33;0.0;0.0;25.0;EXW_0726
BN-EXW-140T3PR-TREFR35;0.0;0.0;25.0;EXW_0726
BN-EXW-140T3PR-TREFR36;0.0;0.0;25.0;EXW_0726
BN-EXW-140T3PR-TREFR37;0.0;0.0;25.0;EXW_0726
BN-EXW-140T3PR-TREFR38;0.0;0.0;25.0;EXW_0726
BN-EXW-140T3PR-TREFR39;0.0;0.0;25.0;EXW_0726
BN-EXW-140T3PR-TREFR43;0.0;0.0;25.0;EXW_0726
BN-EXW-140T3PR-TREFR44;0.0;0.0;25.0;EXW_0726
BN-EXW-140T3PR-TREFR45;0.0;0.0;25.0;EXW_0726
BN-EXW-140T3PR-TREFR46;0.0;0.0;25.0;EXW_0726
BN-EXW-140T3PR-TREFR47;0.0;0.0;25.0;EXW_0726
BN-EXW-140T3PR-TREFR48;0.0;0.0;25.0;EXW_0726
BN-EXW-140T3PR-TREFR49;0.0;0.0;25.0;EXW_0726
BN-EXW-140T3PR-TREFR50;0.0;0.0;25.0;EXW_0726
BN-EXW-140T3PR-TREFR51;0.0;0.0;25.0;EXW_0726
BN-EXW-140T3PR-TREFR52;0.0;0.0;25.0;EXW_0726
BN-EXW-140T3PR-TREFR53;0.0;0.0;25.0;EXW_0726
BN-EXW-140T3PR-TREFR54;0.0;0.0;25.0;EXW_0726
BN-EXW-140T3PR-TREFR6;0.0;0.0;25.0;EXW_0726
BN-EXW-140T3PR-TREFR7;0.0;0.0;25.0;EXW_0726
BN-EXW-140T3PR-TREFR8;0.0;0.0;25.0;EXW_0726
BN-EXW-140T3PR-TREFR9;0.0;0.0;25.0;EXW_0726
BN-EXW-140T3PR-TRWFR1;0.0;0.0;25.0;EXW_0726
BN-EXW-140T3PR-TRWFR10;0.0;0.0;25.0;EXW_0726
BN-EXW-140T3PR-TRWFR11;0.0;0.0;25.0;EXW_0726
BN-EXW-140T3PR-TRWFR12;0.0;0.0;25.0;EXW_0726
BN-EXW-140T3PR-TRWFR13;0.0;0.0;25.0;EXW_0726
BN-EXW-140T3PR-TRWFR14;0.0;0.0;25.0;EXW_0726
BN-EXW-140T3PR-TRWFR15;0.0;0.0;25.0;EXW_0726
BN-EXW-140T3PR-TRWFR18;0.0;0.0;25.0;EXW_0726
BN-EXW-140T3PR-TRWFR19;0.0;0.0;25.0;EXW_0726
BN-EXW-140T3PR-TRWFR2;0.0;0.0;25.0;EXW_0726
BN-EXW-140T3PR-TRWFR20;0.0;0.0;25.0;EXW_0726
BN-EXW-140T3PR-TRWFR21;0.0;0.0;25.0;EXW_0726
BN-EXW-140T3PR-TRWFR22;0.0;0.0;25.0;EXW_0726
BN-EXW-140T3PR-TRWFR23;0.0;0.0;25.0;EXW_0726
BN-EXW-140T3PR-TRWFR24;0.0;0.0;25.0;EXW_0726
BN-EXW-140T3PR-TRWFR25;0.0;0.0;25.0;EXW_0726
BN-EXW-140T3PR-TRWFR27;0.0;0.0;25.0;EXW_0726
BN-EXW-140T3PR-TRWFR28;0.0;0.0;25.0;EXW_0726
BN-EXW-140T3PR-TRWFR29;0.0;0.0;25.0;EXW_0726
BN-EXW-140T3PR-TRWFR3;0.0;0.0;25.0;EXW_0726
BN-EXW-140T3PR-TRWFR31;0.0;0.0;25.0;EXW_0726
BN-EXW-140T3PR-TRWFR32;0.0;0.0;25.0;EXW_0726
BN-EXW-140T3PR-TRWFR33;0.0;0.0;25.0;EXW_0726
BN-EXW-140T3PR-TRWFR34;0.0;0.0;25.0;EXW_0726
BN-EXW-140T3PR-TRWFR35;0.0;0.0;25.0;EXW_0726
BN-EXW-140T3PR-TRWFR36;0.0;0.0;25.0;EXW_0726
BN-EXW-140T3PR-TRWFR37;0.0;0.0;25.0;EXW_0726
BN-EXW-140T3PR-TRWFR38;0.0;0.0;25.0;EXW_0726
BN-EXW-140T3PR-TRWFR39;0.0;0.0;25.0;EXW_0726
BN-EXW-140T3PR-TRWFR4;0.0;0.0;25.0;EXW_0726
BN-EXW-140T3PR-TRWFR41;0.0;0.0;25.0;EXW_0726
BN-EXW-140T3PR-TRWFR42;0.0;0.0;25.0;EXW_0726
BN-EXW-140T3PR-TRWFR43;0.0;0.0;25.0;EXW_0726
BN-EXW-140T3PR-TRWFR44;0.0;0.0;25.0;EXW_0726
BN-EXW-140T3PR-TRWFR46;0.0;0.0;25.0;EXW_0726
BN-EXW-140T3PR-TRWFR47;0.0;0.0;25.0;EXW_0726
BN-EXW-140T3PR-TRWFR48;0.0;0.0;25.0;EXW_0726
BN-EXW-140T3PR-TRWFR5;0.0;0.0;25.0;EXW_0726
BN-EXW-140T3PR-TRWFR50;0.0;0.0;25.0;EXW_0726
BN-EXW-140T3PR-TRWFR51;0.0;0.0;25.0;EXW_0726
BN-EXW-140T3PR-TRWFR52;0.0;0.0;25.0;EXW_0726
BN-EXW-140T3PR-TRWFR53;0.0;0.0;25.0;EXW_0726
BN-EXW-140T3PR-TRWFR54;0.0;0.0;25.0;EXW_0726
BN-EXW-140T3PR-TRWFR56;0.0;0.0;25.0;EXW_0726
BN-EXW-140T3PR-TRWFR57;0.0;0.0;25.0;EXW_0726
BN-EXW-140T3PR-TRWFR58;0.0;0.0;25.0;EXW_0726
BN-EXW-140T3PR-TRWFR59;0.0;0.0;25.0;EXW_0726
BN-EXW-140T3PR-TRWFR6;0.0;0.0;25.0;EXW_0726
BN-EXW-140T3PR-TRWFR60;0.0;0.0;25.0;EXW_0726
BN-EXW-140T3PR-TRWFR61;0.0;0.0;25.0;EXW_0726
BN-EXW-140T3PR-TRWFR62;0.0;0.0;25.0;EXW_0726
BN-EXW-140T3PR-TRWFR63;0.0;0.0;25.0;EXW_0726
BN-EXW-140T3PR-TRWFR64;0.0;0.0;25.0;EXW_0726
BN-EXW-140T3PR-TRWFR65;0.0;0.0;25.0;EXW_0726
BN-EXW-140T3PR-TRWFR66;0.0;0.0;25.0;EXW_0726
BN-EXW-140T3PR-TRWFR67;0.0;0.0;25.0;EXW_0726
BN-EXW-140T3PR-TRWFR68;0.0;0.0;25.0;EXW_0726
BN-EXW-140T3PR-TRWFR69;0.0;0.0;25.0;EXW_0726
BN-EXW-140T3PR-TRWFR7;0.0;0.0;25.0;EXW_0726
BN-EXW-140T3PR-TRWFR70;0.0;0.0;25.0;EXW_0726
BN-EXW-140T3PR-TRWFR71;0.0;0.0;25.0;EXW_0726
BN-EXW-140T3PR-TRWFR8;0.0;0.0;25.0;EXW_0726
BN-EXW-140T3PR-TRWFR9;0.0;0.0;25.0;EXW_0726
BN-EXW-156SAT-TREFR1;0.0;0.0;25.0;EXW_0726
BN-EXW-156SAT-TREFR10;0.0;0.0;25.0;EXW_0726
BN-EXW-156SAT-TREFR11;0.0;0.0;25.0;EXW_0726
BN-EXW-156SAT-TREFR12;0.0;0.0;25.0;EXW_0726
BN-EXW-156SAT-TREFR13;0.0;0.0;25.0;EXW_0726
BN-EXW-156SAT-TREFR14;0.0;0.0;25.0;EXW_0726
BN-EXW-156SAT-TREFR2;0.0;0.0;25.0;EXW_0726
BN-EXW-156SAT-TREFR3;0.0;0.0;25.0;EXW_0726
BN-EXW-156SAT-TREFR4;0.0;0.0;25.0;EXW_0726
BN-EXW-156SAT-TREFR5;0.0;0.0;25.0;EXW_0726
BN-EXW-156SAT-TREFR6;0.0;0.0;25.0;EXW_0726
BN-EXW-156SAT-TREFR7;0.0;0.0;25.0;EXW_0726
BN-EXW-156SAT-TREFR8;0.0;0.0;25.0;EXW_0726
BN-EXW-156SAT-TREFR9;0.0;0.0;25.0;EXW_0726
BN-EXW-156SAT-TRWFR1;0.0;0.0;25.0;EXW_0726
BN-EXW-156SAT-TRWFR10;0.0;0.0;25.0;EXW_0726
BN-EXW-156SAT-TRWFR11;0.0;0.0;25.0;EXW_0726
BN-EXW-156SAT-TRWFR12;0.0;0.0;25.0;EXW_0726
BN-EXW-156SAT-TRWFR15;0.0;0.0;25.0;EXW_0726
BN-EXW-156SAT-TRWFR16;0.0;0.0;25.0;EXW_0726
BN-EXW-156SAT-TRWFR17;0.0;0.0;25.0;EXW_0726
BN-EXW-156SAT-TRWFR18;0.0;0.0;25.0;EXW_0726
BN-EXW-156SAT-TRWFR19;0.0;0.0;25.0;EXW_0726
BN-EXW-156SAT-TRWFR2;0.0;0.0;25.0;EXW_0726
BN-EXW-156SAT-TRWFR3;0.0;0.0;25.0;EXW_0726
BN-EXW-156SAT-TRWFR4;0.0;0.0;25.0;EXW_0726
BN-EXW-156SAT-TRWFR5;0.0;0.0;25.0;EXW_0726
BN-EXW-156SAT-TRWFR6;0.0;0.0;25.0;EXW_0726
BN-EXW-156SAT-TRWFR7;0.0;0.0;25.0;EXW_0726
BN-EXW-156SAT-TRWFR8;0.0;0.0;25.0;EXW_0726
BN-EXW-156SAT-TRWFR9;0.0;0.0;25.0;EXW_0726
BN-EXW-156-TREFR1;0.0;0.0;25.0;EXW_0726
BN-EXW-156-TREFR10;0.0;0.0;25.0;EXW_0726
BN-EXW-156-TREFR11;0.0;0.0;25.0;EXW_0726
BN-EXW-156-TREFR12;0.0;0.0;25.0;EXW_0726
BN-EXW-156-TREFR13;0.0;0.0;25.0;EXW_0726
BN-EXW-156-TREFR14;0.0;0.0;25.0;EXW_0726
BN-EXW-156-TREFR15;0.0;0.0;25.0;EXW_0726
BN-EXW-156-TREFR16;0.0;0.0;25.0;EXW_0726
BN-EXW-156-TREFR17;0.0;0.0;25.0;EXW_0726
BN-EXW-156-TREFR18;0.0;0.0;25.0;EXW_0726
BN-EXW-156-TREFR19;0.0;0.0;25.0;EXW_0726
BN-EXW-156-TREFR2;0.0;0.0;25.0;EXW_0726
BN-EXW-156-TREFR20;0.0;0.0;25.0;EXW_0726
BN-EXW-156-TREFR21;0.0;0.0;25.0;EXW_0726
BN-EXW-156-TREFR22;0.0;0.0;25.0;EXW_0726
BN-EXW-156-TREFR23;0.0;0.0;25.0;EXW_0726
BN-EXW-156-TREFR24;0.0;0.0;25.0;EXW_0726
BN-EXW-156-TREFR25;0.0;0.0;25.0;EXW_0726
BN-EXW-156-TREFR26;0.0;0.0;25.0;EXW_0726
BN-EXW-156-TREFR27;0.0;0.0;25.0;EXW_0726
BN-EXW-156-TREFR28;0.0;0.0;25.0;EXW_0726
BN-EXW-156-TREFR29;0.0;0.0;25.0;EXW_0726
BN-EXW-156-TREFR3;0.0;0.0;25.0;EXW_0726
BN-EXW-156-TREFR30;0.0;0.0;25.0;EXW_0726
BN-EXW-156-TREFR31;0.0;0.0;25.0;EXW_0726
BN-EXW-156-TREFR32;0.0;0.0;25.0;EXW_0726
BN-EXW-156-TREFR33;0.0;0.0;25.0;EXW_0726
BN-EXW-156-TREFR34;0.0;0.0;25.0;EXW_0726
BN-EXW-156-TREFR35;0.0;0.0;25.0;EXW_0726
BN-EXW-156-TREFR36;0.0;0.0;25.0;EXW_0726
BN-EXW-156-TREFR37;0.0;0.0;25.0;EXW_0726
BN-EXW-156-TREFR38;0.0;0.0;25.0;EXW_0726
BN-EXW-156-TREFR39;0.0;0.0;25.0;EXW_0726
BN-EXW-156-TREFR4;0.0;0.0;25.0;EXW_0726
BN-EXW-156-TREFR5;0.0;0.0;25.0;EXW_0726
BN-EXW-156-TREFR6;0.0;0.0;25.0;EXW_0726
BN-EXW-156-TREFR7;0.0;0.0;25.0;EXW_0726
BN-EXW-156-TREFR8;0.0;0.0;25.0;EXW_0726
BN-EXW-156-TREFR9;0.0;0.0;25.0;EXW_0726
BN-EXW-156-TRWFR1;0.0;0.0;25.0;EXW_0726
BN-EXW-156-TRWFR10;0.0;0.0;25.0;EXW_0726
BN-EXW-156-TRWFR11;0.0;0.0;25.0;EXW_0726
BN-EXW-156-TRWFR12;0.0;0.0;25.0;EXW_0726
BN-EXW-156-TRWFR13;0.0;0.0;25.0;EXW_0726
BN-EXW-156-TRWFR14;0.0;0.0;25.0;EXW_0726
BN-EXW-156-TRWFR15;0.0;0.0;25.0;EXW_0726
BN-EXW-156-TRWFR16;0.0;0.0;25.0;EXW_0726
BN-EXW-156-TRWFR17;0.0;0.0;25.0;EXW_0726
BN-EXW-156-TRWFR18;0.0;0.0;25.0;EXW_0726
BN-EXW-156-TRWFR19;0.0;0.0;25.0;EXW_0726
BN-EXW-156-TRWFR2;0.0;0.0;25.0;EXW_0726
BN-EXW-156-TRWFR20;0.0;0.0;25.0;EXW_0726
BN-EXW-156-TRWFR21;0.0;0.0;25.0;EXW_0726
BN-EXW-156-TRWFR22;0.0;0.0;25.0;EXW_0726
BN-EXW-156-TRWFR23;0.0;0.0;25.0;EXW_0726
BN-EXW-156-TRWFR24;0.0;0.0;25.0;EXW_0726
BN-EXW-156-TRWFR25;0.0;0.0;25.0;EXW_0726
BN-EXW-156-TRWFR26;0.0;0.0;25.0;EXW_0726
BN-EXW-156-TRWFR27;0.0;0.0;25.0;EXW_0726
BN-EXW-156-TRWFR28;0.0;0.0;25.0;EXW_0726
BN-EXW-156-TRWFR29;0.0;0.0;25.0;EXW_0726
BN-EXW-156-TRWFR3;0.0;0.0;25.0;EXW_0726
BN-EXW-156-TRWFR30;0.0;0.0;25.0;EXW_0726
BN-EXW-156-TRWFR31;0.0;0.0;25.0;EXW_0726
BN-EXW-156-TRWFR32;0.0;0.0;25.0;EXW_0726
BN-EXW-156-TRWFR33;0.0;0.0;25.0;EXW_0726
BN-EXW-156-TRWFR34;0.0;0.0;25.0;EXW_0726
BN-EXW-156-TRWFR4;0.0;0.0;25.0;EXW_0726
BN-EXW-156-TRWFR5;0.0;0.0;25.0;EXW_0726
BN-EXW-156-TRWFR6;0.0;0.0;25.0;EXW_0726
BN-EXW-156-TRWFR7;0.0;0.0;25.0;EXW_0726
BN-EXW-156-TRWFR8;0.0;0.0;25.0;EXW_0726
BN-EXW-156-TRWFR9;0.0;0.0;25.0;EXW_0726
BN-EXW-40-T3-TREFR0;0.0;0.0;25.0;EXW_0726
BN-EXW-40-T3-TREFR1;0.0;0.0;25.0;EXW_0726
BN-EXW-40-T3-TREFR10;0.0;0.0;25.0;EXW_0726
BN-EXW-40-T3-TREFR100;0.0;0.0;25.0;EXW_0726
BN-EXW-40-T3-TREFR101;0.0;0.0;25.0;EXW_0726
BN-EXW-40-T3-TREFR11;0.0;0.0;25.0;EXW_0726
BN-EXW-40-T3-TREFR12;0.0;0.0;25.0;EXW_0726
BN-EXW-40-T3-TREFR13;0.0;0.0;25.0;EXW_0726
BN-EXW-40-T3-TREFR14;0.0;0.0;25.0;EXW_0726
BN-EXW-40-T3-TREFR15;0.0;0.0;25.0;EXW_0726
BN-EXW-40-T3-TREFR16;0.0;0.0;25.0;EXW_0726
BN-EXW-40-T3-TREFR18;0.0;0.0;25.0;EXW_0726
BN-EXW-40-T3-TREFR19;0.0;0.0;25.0;EXW_0726
BN-EXW-40-T3-TREFR2;0.0;0.0;25.0;EXW_0726
BN-EXW-40-T3-TREFR20;0.0;0.0;25.0;EXW_0726
BN-EXW-40-T3-TREFR21;0.0;0.0;25.0;EXW_0726
BN-EXW-40-T3-TREFR22;0.0;0.0;25.0;EXW_0726
BN-EXW-40-T3-TREFR23;0.0;0.0;25.0;EXW_0726
BN-EXW-40-T3-TREFR24;0.0;0.0;25.0;EXW_0726
BN-EXW-40-T3-TREFR25;0.0;0.0;25.0;EXW_0726
BN-EXW-40-T3-TREFR26;0.0;0.0;25.0;EXW_0726
BN-EXW-40-T3-TREFR27;0.0;0.0;25.0;EXW_0726
BN-EXW-40-T3-TREFR28;0.0;0.0;25.0;EXW_0726
BN-EXW-40-T3-TREFR29;0.0;0.0;25.0;EXW_0726
BN-EXW-40-T3-TREFR3;0.0;0.0;25.0;EXW_0726
BN-EXW-40-T3-TREFR30;0.0;0.0;25.0;EXW_0726
BN-EXW-40-T3-TREFR31;0.0;0.0;25.0;EXW_0726
BN-EXW-40-T3-TREFR32;0.0;0.0;25.0;EXW_0726
BN-EXW-40-T3-TREFR33;0.0;0.0;25.0;EXW_0726
BN-EXW-40-T3-TREFR34;0.0;0.0;25.0;EXW_0726
BN-EXW-40-T3-TREFR35;0.0;0.0;25.0;EXW_0726
BN-EXW-40-T3-TREFR36;0.0;0.0;25.0;EXW_0726
BN-EXW-40-T3-TREFR37;0.0;0.0;25.0;EXW_0726
BN-EXW-40-T3-TREFR38;0.0;0.0;25.0;EXW_0726
BN-EXW-40-T3-TREFR39;0.0;0.0;25.0;EXW_0726
BN-EXW-40-T3-TREFR4;0.0;0.0;25.0;EXW_0726
BN-EXW-40-T3-TREFR40;0.0;0.0;25.0;EXW_0726
BN-EXW-40-T3-TREFR41;0.0;0.0;25.0;EXW_0726
BN-EXW-40-T3-TREFR42;0.0;0.0;25.0;EXW_0726
BN-EXW-40-T3-TREFR43;0.0;0.0;25.0;EXW_0726
BN-EXW-40-T3-TREFR44;0.0;0.0;25.0;EXW_0726
BN-EXW-40-T3-TREFR45;0.0;0.0;25.0;EXW_0726
BN-EXW-40-T3-TREFR46;0.0;0.0;25.0;EXW_0726
BN-EXW-40-T3-TREFR47;0.0;0.0;25.0;EXW_0726
BN-EXW-40-T3-TREFR48;0.0;0.0;25.0;EXW_0726
BN-EXW-40-T3-TREFR49;0.0;0.0;25.0;EXW_0726
BN-EXW-40-T3-TREFR5;0.0;0.0;25.0;EXW_0726
BN-EXW-40-T3-TREFR50;0.0;0.0;25.0;EXW_0726
BN-EXW-40-T3-TREFR51;0.0;0.0;25.0;EXW_0726
BN-EXW-40-T3-TREFR52;0.0;0.0;25.0;EXW_0726
BN-EXW-40-T3-TREFR53;0.0;0.0;25.0;EXW_0726
BN-EXW-40-T3-TREFR54;0.0;0.0;25.0;EXW_0726
BN-EXW-40-T3-TREFR55;0.0;0.0;25.0;EXW_0726
BN-EXW-40-T3-TREFR56;0.0;0.0;25.0;EXW_0726
BN-EXW-40-T3-TREFR57;0.0;0.0;25.0;EXW_0726
BN-EXW-40-T3-TREFR58;0.0;0.0;25.0;EXW_0726
BN-EXW-40-T3-TREFR59;0.0;0.0;25.0;EXW_0726
BN-EXW-40-T3-TREFR6;0.0;0.0;25.0;EXW_0726
BN-EXW-40-T3-TREFR60;0.0;0.0;25.0;EXW_0726
BN-EXW-40-T3-TREFR61;0.0;0.0;25.0;EXW_0726
BN-EXW-40-T3-TREFR62;0.0;0.0;25.0;EXW_0726
BN-EXW-40-T3-TREFR63;0.0;0.0;25.0;EXW_0726
BN-EXW-40-T3-TREFR64;0.0;0.0;25.0;EXW_0726
BN-EXW-40-T3-TREFR65;0.0;0.0;25.0;EXW_0726
BN-EXW-40-T3-TREFR66;0.0;0.0;25.0;EXW_0726
BN-EXW-40-T3-TREFR67;0.0;0.0;25.0;EXW_0726
BN-EXW-40-T3-TREFR68;0.0;0.0;25.0;EXW_0726
BN-EXW-40-T3-TREFR69;0.0;0.0;25.0;EXW_0726
BN-EXW-40-T3-TREFR7;0.0;0.0;25.0;EXW_0726
BN-EXW-40-T3-TREFR70;0.0;0.0;25.0;EXW_0726
BN-EXW-40-T3-TREFR71;0.0;0.0;25.0;EXW_0726
BN-EXW-40-T3-TREFR72;0.0;0.0;25.0;EXW_0726
BN-EXW-40-T3-TREFR73;0.0;0.0;25.0;EXW_0726
BN-EXW-40-T3-TREFR74;0.0;0.0;25.0;EXW_0726
BN-EXW-40-T3-TREFR75;0.0;0.0;25.0;EXW_0726
BN-EXW-40-T3-TREFR76;0.0;0.0;25.0;EXW_0726
BN-EXW-40-T3-TREFR77;0.0;0.0;25.0;EXW_0726
BN-EXW-40-T3-TREFR78;0.0;0.0;25.0;EXW_0726
BN-EXW-40-T3-TREFR79;0.0;0.0;25.0;EXW_0726
BN-EXW-40-T3-TREFR8;0.0;0.0;25.0;EXW_0726
BN-EXW-40-T3-TREFR80;0.0;0.0;25.0;EXW_0726
BN-EXW-40-T3-TREFR81;0.0;0.0;25.0;EXW_0726
BN-EXW-40-T3-TREFR82;0.0;0.0;25.0;EXW_0726
BN-EXW-40-T3-TREFR83;0.0;0.0;25.0;EXW_0726
BN-EXW-40-T3-TREFR84;0.0;0.0;25.0;EXW_0726
BN-EXW-40-T3-TREFR85;0.0;0.0;25.0;EXW_0726
BN-EXW-40-T3-TREFR86;0.0;0.0;25.0;EXW_0726
BN-EXW-40-T3-TREFR87;0.0;0.0;25.0;EXW_0726
BN-EXW-40-T3-TREFR88;0.0;0.0;25.0;EXW_0726
BN-EXW-40-T3-TREFR89;0.0;0.0;25.0;EXW_0726
BN-EXW-40-T3-TREFR9;0.0;0.0;25.0;EXW_0726
BN-EXW-40-T3-TREFR90;0.0;0.0;25.0;EXW_0726
BN-EXW-40-T3-TREFR91;0.0;0.0;25.0;EXW_0726
BN-EXW-40-T3-TREFR92;0.0;0.0;25.0;EXW_0726
BN-EXW-40-T3-TREFR93;0.0;0.0;25.0;EXW_0726
BN-EXW-40-T3-TREFR94;0.0;0.0;25.0;EXW_0726
BN-EXW-40-T3-TREFR95;0.0;0.0;25.0;EXW_0726
BN-EXW-40-T3-TREFR96;0.0;0.0;25.0;EXW_0726
BN-EXW-40-T3-TREFR97;0.0;0.0;25.0;EXW_0726
BN-EXW-40-T3-TREFR98;0.0;0.0;25.0;EXW_0726
BN-EXW-40-T3-TREFR99;0.0;0.0;25.0;EXW_0726
BN-EXW-40-T3-TRWFR0;0.0;0.0;25.0;EXW_0726
BN-EXW-40-T3-TRWFR1;0.0;0.0;25.0;EXW_0726
BN-EXW-40-T3-TRWFR10;0.0;0.0;25.0;EXW_0726
BN-EXW-40-T3-TRWFR11;0.0;0.0;25.0;EXW_0726
BN-EXW-40-T3-TRWFR12;0.0;0.0;25.0;EXW_0726
BN-EXW-40-T3-TRWFR13;0.0;0.0;25.0;EXW_0726
BN-EXW-40-T3-TRWFR14;0.0;0.0;25.0;EXW_0726
BN-EXW-40-T3-TRWFR15;0.0;0.0;25.0;EXW_0726
BN-EXW-40-T3-TRWFR16;0.0;0.0;25.0;EXW_0726
BN-EXW-40-T3-TRWFR17;0.0;0.0;25.0;EXW_0726
BN-EXW-40-T3-TRWFR18;0.0;0.0;25.0;EXW_0726
BN-EXW-40-T3-TRWFR19;0.0;0.0;25.0;EXW_0726
BN-EXW-40-T3-TRWFR2;0.0;0.0;25.0;EXW_0726
BN-EXW-40-T3-TRWFR20;0.0;0.0;25.0;EXW_0726
BN-EXW-40-T3-TRWFR21;0.0;0.0;25.0;EXW_0726
BN-EXW-40-T3-TRWFR22;0.0;0.0;25.0;EXW_0726
BN-EXW-40-T3-TRWFR23;0.0;0.0;25.0;EXW_0726
BN-EXW-40-T3-TRWFR25;0.0;0.0;25.0;EXW_0726
BN-EXW-40-T3-TRWFR26;0.0;0.0;25.0;EXW_0726
BN-EXW-40-T3-TRWFR27;0.0;0.0;25.0;EXW_0726
BN-EXW-40-T3-TRWFR28;0.0;0.0;25.0;EXW_0726
BN-EXW-40-T3-TRWFR29;0.0;0.0;25.0;EXW_0726
BN-EXW-40-T3-TRWFR3;0.0;0.0;25.0;EXW_0726
BN-EXW-40-T3-TRWFR30;0.0;0.0;25.0;EXW_0726
BN-EXW-40-T3-TRWFR31;0.0;0.0;25.0;EXW_0726
BN-EXW-40-T3-TRWFR32;0.0;0.0;25.0;EXW_0726
BN-EXW-40-T3-TRWFR33;0.0;0.0;25.0;EXW_0726
BN-EXW-40-T3-TRWFR34;0.0;0.0;25.0;EXW_0726
BN-EXW-40-T3-TRWFR35;0.0;0.0;25.0;EXW_0726
BN-EXW-40-T3-TRWFR36;0.0;0.0;25.0;EXW_0726
BN-EXW-40-T3-TRWFR37;0.0;0.0;25.0;EXW_0726
BN-EXW-40-T3-TRWFR38;0.0;0.0;25.0;EXW_0726
BN-EXW-40-T3-TRWFR39;0.0;0.0;25.0;EXW_0726
BN-EXW-40-T3-TRWFR4;0.0;0.0;25.0;EXW_0726
BN-EXW-40-T3-TRWFR41;0.0;0.0;25.0;EXW_0726
BN-EXW-40-T3-TRWFR42;0.0;0.0;25.0;EXW_0726
BN-EXW-40-T3-TRWFR43;0.0;0.0;25.0;EXW_0726
BN-EXW-40-T3-TRWFR44;0.0;0.0;25.0;EXW_0726
BN-EXW-40-T3-TRWFR45;0.0;0.0;25.0;EXW_0726
BN-EXW-40-T3-TRWFR46;0.0;10.0;25.0;EXW_0726
BN-EXW-40-T3-TRWFR47;0.0;10.0;25.0;EXW_0726
BN-EXW-40-T3-TRWFR48;0.0;10.0;25.0;EXW_0726
BN-EXW-40-T3-TRWFR49;0.0;10.0;25.0;EXW_0726
BN-EXW-40-T3-TRWFR5;0.0;0.0;25.0;EXW_0726
BN-EXW-40-T3-TRWFR6;0.0;0.0;25.0;EXW_0726
BN-EXW-40-T3-TRWFR7;0.0;0.0;25.0;EXW_0726
BN-EXW-40-T3-TRWFR8;0.0;0.0;25.0;EXW_0726
BN-EXW-40-T3-TRWFR9;0.0;0.0;25.0;EXW_0726
BN-ExW-57TrEF27;0.0;0.0;25.0;EXW_0726
BN-ExW-57TrEF28;0.0;0.0;25.0;EXW_0726
BN-ExW-57TrEF29;0.0;0.0;25.0;EXW_0726
BN-ExW-57TrEF30;0.0;0.0;25.0;EXW_0726
BN-EXW-60-T3-TREFR1;0.0;0.0;25.0;EXW_0726
BN-EXW-60-T3-TREFR10;0.0;0.0;25.0;EXW_0726
BN-EXW-60-T3-TREFR11;0.0;0.0;25.0;EXW_0726
BN-EXW-60-T3-TREFR12;0.0;0.0;25.0;EXW_0726
BN-EXW-60-T3-TREFR13;0.0;0.0;25.0;EXW_0726
BN-EXW-60-T3-TREFR14;0.0;0.0;25.0;EXW_0726
BN-EXW-60-T3-TREFR15;0.0;0.0;25.0;EXW_0726
BN-EXW-60-T3-TREFR16;0.0;0.0;25.0;EXW_0726
BN-EXW-60-T3-TREFR17;0.0;0.0;25.0;EXW_0726
BN-EXW-30-TREF5;0.0;0.0;30.0;EXW_0726
BN-EXW-60-T3-TREFR18;0.0;0.0;25.0;EXW_0726
BN-EXW-60-T3-TREFR19;0.0;0.0;25.0;EXW_0726
BN-EXW-60-T3-TREFR2;0.0;0.0;25.0;EXW_0726
BN-EXW-60-T3-TREFR20;0.0;0.0;25.0;EXW_0726
BN-EXW-60-T3-TREFR21;0.0;0.0;25.0;EXW_0726
BN-EXW-60-T3-TREFR22;0.0;0.0;25.0;EXW_0726
BN-EXW-60-T3-TREFR23;0.0;0.0;25.0;EXW_0726
BN-EXW-60-T3-TREFR24;0.0;0.0;25.0;EXW_0726
BN-EXW-60-T3-TREFR25;0.0;0.0;25.0;EXW_0726
BN-EXW-60-T3-TREFR26;0.0;0.0;25.0;EXW_0726
BN-EXW-60-T3-TREFR27;0.0;0.0;25.0;EXW_0726
BN-EXW-60-T3-TREFR28;0.0;0.0;25.0;EXW_0726
BN-EXW-60-T3-TREFR29;0.0;0.0;25.0;EXW_0726
BN-EXW-60-T3-TREFR3;0.0;0.0;25.0;EXW_0726
BN-EXW-60-T3-TREFR30;0.0;0.0;25.0;EXW_0726
BN-EXW-60-T3-TREFR31;0.0;0.0;25.0;EXW_0726
BN-EXW-60-T3-TREFR32;0.0;0.0;25.0;EXW_0726
BN-EXW-60-T3-TREFR33;0.0;0.0;25.0;EXW_0726
BN-EXW-60-T3-TREFR34;0.0;0.0;25.0;EXW_0726
BN-EXW-60-T3-TREFR35;0.0;0.0;25.0;EXW_0726
BN-EXW-60-T3-TREFR36;0.0;0.0;25.0;EXW_0726
BN-EXW-60-T3-TREFR37;0.0;0.0;25.0;EXW_0726
BN-EXW-60-T3-TREFR38;0.0;0.0;25.0;EXW_0726
BN-EXW-60-T3-TREFR39;0.0;0.0;25.0;EXW_0726
BN-EXW-60-T3-TREFR4;0.0;0.0;25.0;EXW_0726
BN-EXW-60-T3-TREFR40;0.0;0.0;25.0;EXW_0726
BN-EXW-60-T3-TREFR41;0.0;0.0;25.0;EXW_0726
BN-EXW-60-T3-TREFR42;0.0;0.0;25.0;EXW_0726
BN-EXW-60-T3-TREFR43;0.0;0.0;25.0;EXW_0726
BN-EXW-60-T3-TREFR44;0.0;0.0;25.0;EXW_0726
BN-EXW-60-T3-TREFR45;0.0;0.0;25.0;EXW_0726
BN-EXW-60-T3-TREFR46;0.0;0.0;25.0;EXW_0726
BN-EXW-60-T3-TREFR47;0.0;0.0;25.0;EXW_0726
BN-EXW-60-T3-TREFR48;0.0;0.0;25.0;EXW_0726
BN-EXW-60-T3-TREFR49;0.0;0.0;25.0;EXW_0726
BN-EXW-60-T3-TREFR5;0.0;0.0;25.0;EXW_0726
BN-EXW-60-T3-TREFR50;0.0;0.0;25.0;EXW_0726
BN-EXW-60-T3-TREFR51;0.0;0.0;25.0;EXW_0726
BN-EXW-60-T3-TREFR52;0.0;0.0;25.0;EXW_0726
BN-EXW-60-T3-TREFR53;0.0;0.0;25.0;EXW_0726
BN-EXW-60-T3-TREFR54;0.0;0.0;25.0;EXW_0726
BN-EXW-60-T3-TREFR55;0.0;0.0;25.0;EXW_0726
BN-EXW-60-T3-TREFR56;0.0;0.0;25.0;EXW_0726
BN-EXW-60-T3-TREFR6;0.0;0.0;25.0;EXW_0726
BN-EXW-60-T3-TREFR7;0.0;0.0;25.0;EXW_0726
BN-EXW-60-T3-TREFR8;0.0;0.0;25.0;EXW_0726
BN-EXW-60-T3-TREFR9;0.0;0.0;25.0;EXW_0726
BN-EXW-60-T3-TRWFR1;0.0;0.0;25.0;EXW_0726
BN-EXW-60-T3-TRWFR10;0.0;0.0;25.0;EXW_0726
BN-EXW-60-T3-TRWFR11;0.0;0.0;25.0;EXW_0726
BN-EXW-60-T3-TRWFR12;0.0;0.0;25.0;EXW_0726
BN-EXW-60-T3-TRWFR13;0.0;0.0;25.0;EXW_0726
BN-EXW-60-T3-TRWFR14;0.0;0.0;25.0;EXW_0726
BN-EXW-60-T3-TRWFR15;0.0;0.0;25.0;EXW_0726
BN-EXW-60-T3-TRWFR16;0.0;0.0;25.0;EXW_0726
BN-EXW-60-T3-TRWFR17;0.0;0.0;25.0;EXW_0726
BN-EXW-60-T3-TRWFR18;0.0;0.0;25.0;EXW_0726
BN-EXW-60-T3-TRWFR19;0.0;0.0;25.0;EXW_0726
BN-EXW-60-T3-TRWFR2;0.0;0.0;25.0;EXW_0726
BN-EXW-60-T3-TRWFR20;0.0;0.0;25.0;EXW_0726
BN-EXW-60-T3-TRWFR21;0.0;0.0;25.0;EXW_0726
BN-EXW-60-T3-TRWFR22;0.0;0.0;25.0;EXW_0726
BN-EXW-60-T3-TRWFR23;0.0;0.0;25.0;EXW_0726
EXW_UG_001;27.0;0.0;31.76;EXW_0726
BN-EXW-60-T3-TRWFR24;0.0;0.0;25.0;EXW_0726
BN-EXW-60-T3-TRWFR25;0.0;0.0;25.0;EXW_0726
BN-EXW-60-T3-TRWFR26;0.0;0.0;25.0;EXW_0726
BN-EXW-60-T3-TRWFR27;0.0;0.0;25.0;EXW_0726
BN-EXW-60-T3-TRWFR28;0.0;0.0;25.0;EXW_0726
BN-EXW-60-T3-TRWFR3;0.0;0.0;25.0;EXW_0726
BN-EXW-60-T3-TRWFR4;0.0;0.0;25.0;EXW_0726
BN-EXW-60-T3-TRWFR5;0.0;0.0;25.0;EXW_0726
BN-EXW-60-T3-TRWFR6;0.0;0.0;25.0;EXW_0726
BN-EXW-60-T3-TRWFR7;0.0;0.0;25.0;EXW_0726
BN-EXW-60-T3-TRWFR8;0.0;0.0;25.0;EXW_0726
BN-EXW-60-T3-TRWFR9;0.0;0.0;25.0;EXW_0726
BN-EXW-80-T3-TREFR0;0.0;0.0;25.0;EXW_0726
BN-EXW-80-T3-TREFR1;0.0;0.0;25.0;EXW_0726
BN-EXW-80-T3-TREFR10;0.0;0.0;25.0;EXW_0726
BN-EXW-80-T3-TREFR11;0.0;0.0;25.0;EXW_0726
BN-EXW-80-T3-TREFR12;0.0;0.0;25.0;EXW_0726
BN-EXW-80-T3-TREFR13;0.0;0.0;25.0;EXW_0726
BN-EXW-80-T3-TREFR14;0.0;0.0;25.0;EXW_0726
BN-EXW-80-T3-TREFR15;0.0;0.0;25.0;EXW_0726
BN-EXW-80-T3-TREFR16;0.0;0.0;25.0;EXW_0726
BN-EXW-80-T3-TREFR17;0.0;0.0;25.0;EXW_0726
BN-EXW-80-T3-TREFR18;0.0;0.0;25.0;EXW_0726
BN-EXW-80-T3-TREFR19;0.0;0.0;25.0;EXW_0726
BN-EXW-80-T3-TREFR2;0.0;0.0;25.0;EXW_0726
BN-EXW-80-T3-TREFR20;0.0;0.0;25.0;EXW_0726
BN-EXW-80-T3-TREFR21;0.0;0.0;25.0;EXW_0726
BN-EXW-80-T3-TREFR22;0.0;0.0;25.0;EXW_0726
BN-EXW-80-T3-TREFR23;0.0;0.0;25.0;EXW_0726
BN-EXW-80-T3-TREFR24;0.0;0.0;25.0;EXW_0726
BN-EXW-80-T3-TREFR25;0.0;0.0;25.0;EXW_0726
BN-EXW-80-T3-TREFR26;0.0;0.0;25.0;EXW_0726
BN-EXW-80-T3-TREFR27;0.0;0.0;25.0;EXW_0726
BN-EXW-80-T3-TREFR28;0.0;0.0;25.0;EXW_0726
BN-EXW-80-T3-TREFR29;0.0;0.0;25.0;EXW_0726
BN-EXW-80-T3-TREFR3;0.0;0.0;25.0;EXW_0726
BN-EXW-80-T3-TREFR30;0.0;0.0;25.0;EXW_0726
BN-EXW-80-T3-TREFR31;0.0;0.0;25.0;EXW_0726
BN-EXW-80-T3-TREFR32;0.0;0.0;25.0;EXW_0726
BN-EXW-80-T3-TREFR33;0.0;0.0;25.0;EXW_0726
BN-EXW-80-T3-TREFR34;0.0;0.0;25.0;EXW_0726
BN-EXW-80-T3-TREFR35;0.0;0.0;25.0;EXW_0726
BN-EXW-80-T3-TREFR36;0.0;0.0;25.0;EXW_0726
BN-EXW-80-T3-TREFR37;0.0;0.0;25.0;EXW_0726
BN-EXW-80-T3-TREFR38;0.0;0.0;25.0;EXW_0726
BN-EXW-80-T3-TREFR39;0.0;0.0;25.0;EXW_0726
BN-EXW-80-T3-TREFR4;0.0;0.0;25.0;EXW_0726
BN-EXW-80-T3-TREFR40;0.0;0.0;25.0;EXW_0726
BN-EXW-80-T3-TREFR41;0.0;0.0;25.0;EXW_0726
BN-EXW-80-T3-TREFR42;0.0;0.0;25.0;EXW_0726
BN-EXW-80-T3-TREFR5;0.0;0.0;25.0;EXW_0726
BN-EXW-80-T3-TREFR6;0.0;0.0;25.0;EXW_0726
BN-EXW-80-T3-TREFR7;0.0;0.0;25.0;EXW_0726
BN-EXW-80-T3-TREFR8;0.0;0.0;25.0;EXW_0726
BN-EXW-80-T3-TREFR9;0.0;0.0;25.0;EXW_0726
BN-EXW-80-T3-TRWFR0;0.0;0.0;25.0;EXW_0726
BN-EXW-80-T3-TRWFR1;0.0;0.0;25.0;EXW_0726
BN-EXW-80-T3-TRWFR10;0.0;0.0;25.0;EXW_0726
BN-EXW-80-T3-TRWFR11;0.0;0.0;25.0;EXW_0726
BN-EXW-80-T3-TRWFR12;0.0;0.0;25.0;EXW_0726
BN-EXW-80-T3-TRWFR13;0.0;0.0;25.0;EXW_0726
BN-EXW-80-T3-TRWFR14;0.0;0.0;25.0;EXW_0726
BN-EXW-80-T3-TRWFR15;0.0;0.0;25.0;EXW_0726
BN-EXW-80-T3-TRWFR16;0.0;0.0;25.0;EXW_0726
BN-EXW-80-T3-TRWFR17;0.0;0.0;25.0;EXW_0726
BN-EXW-80-T3-TRWFR18;0.0;0.0;25.0;EXW_0726
BN-EXW-80-T3-TRWFR19;0.0;0.0;25.0;EXW_0726
BN-EXW-80-T3-TRWFR2;0.0;0.0;25.0;EXW_0726
BN-EXW-80-T3-TRWFR20;0.0;0.0;25.0;EXW_0726
BN-EXW-80-T3-TRWFR21;0.0;0.0;25.0;EXW_0726
BN-EXW-80-T3-TRWFR22;0.0;0.0;25.0;EXW_0726
BN-EXW-80-T3-TRWFR23;0.0;0.0;25.0;EXW_0726
BN-EXW-80-T3-TRWFR24;0.0;0.0;25.0;EXW_0726
BN-EXW-80-T3-TRWFR25;0.0;0.0;25.0;EXW_0726
BN-EXW-80-T3-TRWFR26;0.0;0.0;25.0;EXW_0726
BN-EXW-80-T3-TRWFR27;0.0;0.0;25.0;EXW_0726
BN-EXW-80-T3-TRWFR28;0.0;0.0;25.0;EXW_0726
BN-EXW-80-T3-TRWFR29;0.0;0.0;25.0;EXW_0726
BN-EXW-80-T3-TRWFR3;0.0;0.0;25.0;EXW_0726
BN-EXW-80-T3-TRWFR30;0.0;0.0;25.0;EXW_0726
BN-EXW-80-T3-TRWFR31;0.0;0.0;25.0;EXW_0726
BN-EXW-80-T3-TRWFR32;0.0;0.0;25.0;EXW_0726
BN-EXW-80-T3-TRWFR33;0.0;0.0;25.0;EXW_0726
BN-EXW-80-T3-TRWFR34;0.0;0.0;25.0;EXW_0726
BN-EXW-80-T3-TRWFR35;0.0;0.0;25.0;EXW_0726
BN-EXW-80-T3-TRWFR36;0.0;0.0;25.0;EXW_0726
BN-EXW-80-T3-TRWFR37;0.0;0.0;25.0;EXW_0726
BN-EXW-80-T3-TRWFR38;0.0;0.0;25.0;EXW_0726
BN-EXW-80-T3-TRWFR39;0.0;0.0;25.0;EXW_0726
BN-EXW-80-T3-TRWFR4;0.0;0.0;25.0;EXW_0726
BN-EXW-80-T3-TRWFR40;0.0;0.0;25.0;EXW_0726
BN-EXW-80-T3-TRWFR41;0.0;0.0;25.0;EXW_0726
BN-EXW-80-T3-TRWFR42;0.0;0.0;25.0;EXW_0726
BN-EXW-80-T3-TRWFR43;0.0;0.0;25.0;EXW_0726
BN-EXW-80-T3-TRWFR44;0.0;0.0;25.0;EXW_0726
BN-EXW-80-T3-TRWFR45;0.0;0.0;25.0;EXW_0726
BN-EXW-80-T3-TRWFR46;0.0;0.0;25.0;EXW_0726
BN-EXW-80-T3-TRWFR47;0.0;0.0;25.0;EXW_0726
BN-EXW-80-T3-TRWFR48;0.0;0.0;25.0;EXW_0726
BN-EXW-80-T3-TRWFR5;0.0;0.0;25.0;EXW_0726
BN-EXW-80-T3-TRWFR6;0.0;0.0;25.0;EXW_0726
BN-EXW-80-T3-TRWFR7;0.0;0.0;25.0;EXW_0726
BN-EXW-80-T3-TRWFR8;0.0;0.0;25.0;EXW_0726
BN-EXW-80-T3-TRWFR9;0.0;0.0;25.0;EXW_0726
BNEWF7;0.0;218.0;26.0;EXW_0726
BNEWF5;0.0;185.0;27.0;EXW_0726
BN-EXW-80-Taille1ET2R1;0.0;0.0;30.0;EXW_0726
EXW_UG_001;30.0;0.0;31.76;EXW_0726
BN-EXW-80-Taille1ET2R10;0.0;0.0;30.0;EXW_0726
BN-EXW-80-Taille1ET2R2;0.0;0.0;30.0;EXW_0726
BN-EXW-80-Taille1ET2R3;0.0;0.0;30.0;EXW_0726
BN-EXW-80-Taille1ET2R4;0.0;0.0;30.0;EXW_0726
BN-EXW-80-Taille1ET2R5;0.0;0.0;30.0;EXW_0726
BN-EXW-80-Taille1ET2R6;0.0;0.0;30.0;EXW_0726
BN-EXW-80-Taille1ET2R7;0.0;0.0;30.0;EXW_0726
BN-EXW-80-Taille1ET2R8;0.0;0.0;30.0;EXW_0726
BN-EXW-80-Taille1ET2R9;0.0;0.0;30.0;EXW_0726
BNEWF9;0.0;218.0;30.0;EXW_0726
BN-ExW-100SPTrWF58;0.0;0.0;30.0;EXW_0726
BN-ExW-100SPTrWF59;0.0;0.0;30.0;EXW_0726
BN-ExW-100SPTrWF60;0.0;0.0;30.0;EXW_0726
BN-ExW-100SPTrWF61;0.0;0.0;30.0;EXW_0726
BN-EXW-100-T3-TREFR100;0.0;0.0;30.0;EXW_0726
BN-EXW-100-T3-TREFR101;0.0;0.0;30.0;EXW_0726
BN-EXW-100-T3-TREFR102;0.0;0.0;30.0;EXW_0726
BN-EXW-100-T3-TREFR103;0.0;0.0;30.0;EXW_0726
BN-EXW-100-T3-TREFR104;0.0;0.0;30.0;EXW_0726
BN-EXW-100-T3-TREFR105;0.0;0.0;30.0;EXW_0726
BN-EXW-100-T3-TREFR106;0.0;0.0;30.0;EXW_0726
BN-EXW-100-T3-TREFR107;0.0;0.0;30.0;EXW_0726
BN-EXW-100-T3-TREFR108;0.0;0.0;30.0;EXW_0726
BN-EXW-100-T3-TREFR109;0.0;0.0;30.0;EXW_0726
BN-EXW-100-T3-TREFR110;0.0;0.0;30.0;EXW_0726
BN-EXW-100-T3-TREFR111;0.0;0.0;30.0;EXW_0726
BN-EXW-100-T3-TREFR112;0.0;0.0;30.0;EXW_0726
BN-EXW-100-T3-TREFR113;0.0;0.0;30.0;EXW_0726
BN-EXW-100-T3-TREFR114;0.0;0.0;30.0;EXW_0726
BN-EXW-100-T3-TREFR115;0.0;0.0;30.0;EXW_0726
BN-EXW-100-T3-TREFR116;0.0;0.0;30.0;EXW_0726
BN-EXW-100-T3-TREFR117;0.0;0.0;30.0;EXW_0726
BN-EXW-100-T3-TREFR42;0.0;0.0;30.0;EXW_0726
BN-EXW-100-T3-TREFR43;0.0;0.0;30.0;EXW_0726
BN-EXW-100-T3-TREFR44;0.0;0.0;30.0;EXW_0726
BN-EXW-100-T3-TREFR45;0.0;0.0;30.0;EXW_0726
BN-EXW-100-T3-TREFR46;0.0;0.0;30.0;EXW_0726
BN-EXW-100-T3-TREFR47;0.0;0.0;30.0;EXW_0726
BN-EXW-100-T3-TREFR48;0.0;0.0;30.0;EXW_0726
BN-EXW-100-T3-TREFR49;0.0;0.0;30.0;EXW_0726
BN-EXW-100-T3-TREFR50;0.0;0.0;30.0;EXW_0726
BN-EXW-100-T3-TREFR51;0.0;0.0;30.0;EXW_0726
BN-EXW-100-T3-TREFR52;0.0;0.0;30.0;EXW_0726
BN-EXW-100-T3-TREFR53;0.0;0.0;30.0;EXW_0726
BN-EXW-100-T3-TREFR54;0.0;0.0;30.0;EXW_0726
BN-EXW-100-T3-TREFR55;0.0;0.0;30.0;EXW_0726
BN-EXW-100-T3-TREFR56;0.0;0.0;30.0;EXW_0726
BN-EXW-100-T3-TREFR57;0.0;0.0;30.0;EXW_0726
BN-EXW-100-T3-TREFR58;0.0;0.0;30.0;EXW_0726
BN-EXW-100-T3-TREFR59;0.0;0.0;30.0;EXW_0726
BN-EXW-100-T3-TREFR60;0.0;0.0;30.0;EXW_0726
BN-EXW-100-T3-TREFR61;0.0;0.0;30.0;EXW_0726
BN-EXW-100-T3-TREFR62;0.0;0.0;30.0;EXW_0726
BN-EXW-100-T3-TREFR63;0.0;0.0;30.0;EXW_0726
BN-EXW-100-T3-TREFR64;0.0;0.0;30.0;EXW_0726
BN-EXW-100-T3-TREFR65;0.0;0.0;30.0;EXW_0726
BN-EXW-100-T3-TREFR66;0.0;0.0;30.0;EXW_0726
BN-EXW-100-T3-TREFR67;0.0;0.0;30.0;EXW_0726
BN-EXW-100-T3-TREFR68;0.0;0.0;30.0;EXW_0726
BN-EXW-100-T3-TREFR69;0.0;0.0;30.0;EXW_0726
BN-EXW-100-T3-TREFR70;0.0;0.0;30.0;EXW_0726
BN-EXW-100-T3-TREFR71;0.0;0.0;30.0;EXW_0726
BN-EXW-100-T3-TREFR72;0.0;0.0;30.0;EXW_0726
BN-EXW-100-T3-TREFR73;0.0;0.0;30.0;EXW_0726
BN-EXW-100-T3-TREFR74;0.0;0.0;30.0;EXW_0726
BN-EXW-100-T3-TREFR75;0.0;0.0;30.0;EXW_0726
BN-EXW-100-T3-TREFR76;0.0;0.0;30.0;EXW_0726
BN-EXW-100-T3-TREFR77;0.0;0.0;30.0;EXW_0726
BN-EXW-100-T3-TREFR78;0.0;0.0;30.0;EXW_0726
BN-EXW-100-T3-TREFR79;0.0;0.0;30.0;EXW_0726
BN-EXW-100-T3-TREFR80;0.0;0.0;30.0;EXW_0726
BN-EXW-100-T3-TREFR82;0.0;0.0;30.0;EXW_0726
BN-EXW-100-T3-TREFR83;0.0;0.0;30.0;EXW_0726
BN-EXW-100-T3-TREFR84;0.0;0.0;30.0;EXW_0726
BN-EXW-100-T3-TREFR85;0.0;0.0;30.0;EXW_0726
BN-EXW-100-T3-TREFR86;0.0;0.0;30.0;EXW_0726
BN-EXW-100-T3-TREFR87;0.0;0.0;30.0;EXW_0726
BN-EXW-100-T3-TREFR88;0.0;0.0;30.0;EXW_0726
BN-EXW-100-T3-TREFR89;0.0;0.0;30.0;EXW_0726
BN-EXW-100-T3-TREFR90;0.0;0.0;30.0;EXW_0726
BN-EXW-100-T3-TREFR91;0.0;0.0;30.0;EXW_0726
BN-EXW-100-T3-TREFR92;0.0;0.0;30.0;EXW_0726
BN-EXW-100-T3-TREFR93;0.0;0.0;30.0;EXW_0726
BN-EXW-100-T3-TREFR94;0.0;0.0;30.0;EXW_0726
BN-EXW-100-T3-TREFR95;0.0;0.0;30.0;EXW_0726
BN-EXW-100-T3-TREFR97;0.0;0.0;30.0;EXW_0726
BN-EXW-100-T3-TREFR98;0.0;0.0;30.0;EXW_0726
BN-EXW-100-T3-TREFR99;0.0;0.0;30.0;EXW_0726
BN-ExW-120SPT3TrEF0;0.0;0.0;30.0;EXW_0726
BN-ExW-120SPT3TrEF1;0.0;0.0;30.0;EXW_0726
BN-ExW-120SPT3TrEF10;0.0;0.0;30.0;EXW_0726
BN-ExW-120SPT3TrEF11;0.0;0.0;30.0;EXW_0726
BN-ExW-120SPT3TrEF12;0.0;0.0;30.0;EXW_0726
BN-ExW-120SPT3TrEF13;0.0;0.0;30.0;EXW_0726
BN-ExW-120SPT3TrEF14;0.0;0.0;30.0;EXW_0726
BN-ExW-120SPT3TrEF15;0.0;0.0;30.0;EXW_0726
BN-ExW-120SPT3TrEF16;0.0;0.0;30.0;EXW_0726
BN-ExW-120SPT3TrEF17;0.0;0.0;30.0;EXW_0726
BN-ExW-120SPT3TrEF18;0.0;0.0;30.0;EXW_0726
BN-ExW-120SPT3TrEF19;0.0;0.0;30.0;EXW_0726
BN-ExW-120SPT3TrEF2;0.0;0.0;30.0;EXW_0726
BN-ExW-120SPT3TrEF20;0.0;0.0;30.0;EXW_0726
BN-ExW-120SPT3TrEF21;0.0;0.0;30.0;EXW_0726
BN-ExW-120SPT3TrEF22;0.0;0.0;30.0;EXW_0726
BN-ExW-120SPT3TrEF23;0.0;0.0;30.0;EXW_0726
BN-ExW-120SPT3TrEF24;0.0;0.0;30.0;EXW_0726
BN-ExW-120SPT3TrEF25;0.0;0.0;30.0;EXW_0726
BN-ExW-120SPT3TrEF26;0.0;0.0;30.0;EXW_0726
BN-ExW-120SPT3TrEF28;0.0;0.0;30.0;EXW_0726
BN-ExW-120SPT3TrEF29;0.0;0.0;30.0;EXW_0726
BN-ExW-120SPT3TrEF3;0.0;0.0;30.0;EXW_0726
BN-ExW-120SPT3TrEF30;0.0;0.0;30.0;EXW_0726
BN-ExW-120SPT3TrEF4;0.0;0.0;30.0;EXW_0726
BN-ExW-120SPT3TrEF5;0.0;0.0;30.0;EXW_0726
BN-ExW-120SPT3TrEF6;0.0;0.0;30.0;EXW_0726
BN-ExW-120SPT3TrEF7;0.0;0.0;30.0;EXW_0726
BN-ExW-120SPT3TrEF8;0.0;0.0;30.0;EXW_0726
BN-ExW-120SPT3TrEF9;0.0;0.0;30.0;EXW_0726
BN-ExW-120SPT3TrWF0;0.0;0.0;30.0;EXW_0726
BN-ExW-120SPT3TrWF1;0.0;0.0;30.0;EXW_0726
BN-ExW-120SPT3TrWF10;0.0;0.0;30.0;EXW_0726
BN-ExW-120SPT3TrWF11;0.0;0.0;30.0;EXW_0726
BN-ExW-120SPT3TrWF12;0.0;0.0;30.0;EXW_0726
BN-ExW-120SPT3TrWF13;0.0;0.0;30.0;EXW_0726
BN-ExW-120SPT3TrWF14;0.0;0.0;30.0;EXW_0726
BN-ExW-120SPT3TrWF15;0.0;0.0;30.0;EXW_0726
BN-ExW-120SPT3TrWF16;0.0;0.0;30.0;EXW_0726
BN-ExW-120SPT3TrWF17;0.0;0.0;30.0;EXW_0726
BN-ExW-120SPT3TrWF18;0.0;0.0;30.0;EXW_0726
BN-ExW-120SPT3TrWF19;0.0;0.0;30.0;EXW_0726
BN-ExW-120SPT3TrWF2;0.0;0.0;30.0;EXW_0726
BN-ExW-120SPT3TrWF20;0.0;0.0;30.0;EXW_0726
BN-ExW-120SPT3TrWF21;0.0;0.0;30.0;EXW_0726
BN-ExW-120SPT3TrWF3;0.0;0.0;30.0;EXW_0726
BN-ExW-120SPT3TrWF4;0.0;0.0;30.0;EXW_0726
BN-ExW-120SPT3TrWF5;0.0;0.0;30.0;EXW_0726
BN-ExW-120SPT3TrWF6;0.0;0.0;30.0;EXW_0726
BN-ExW-120SPT3TrWF7;0.0;0.0;30.0;EXW_0726
BN-ExW-120SPT3TrWF8;0.0;0.0;30.0;EXW_0726
BN-ExW-120SPT3TrWF9;0.0;0.0;30.0;EXW_0726
BN-ExW-140SatTrEF0;0.0;0.0;30.0;EXW_0726
BN-ExW-140SatTrEF1;0.0;0.0;30.0;EXW_0726
BN-ExW-140SatTrEF10;0.0;0.0;30.0;EXW_0726
BN-ExW-140SatTrEF2;0.0;0.0;30.0;EXW_0726
BN-ExW-140SatTrEF3;0.0;0.0;30.0;EXW_0726
BN-ExW-140SatTrEF4;0.0;0.0;30.0;EXW_0726
BN-ExW-140SatTrEF5;0.0;0.0;30.0;EXW_0726
BN-ExW-140SatTrEF6;0.0;0.0;30.0;EXW_0726
BN-ExW-140SatTrEF7;0.0;0.0;30.0;EXW_0726
BN-ExW-140SatTrEF8;0.0;0.0;30.0;EXW_0726
BN-ExW-140SatTrEF9;0.0;0.0;30.0;EXW_0726
BN-ExW-140SatTrWF0;0.0;0.0;30.0;EXW_0726
BN-ExW-140SatTrWF1;0.0;0.0;30.0;EXW_0726
BN-ExW-140SatTrWF10;0.0;0.0;30.0;EXW_0726
BN-ExW-140SatTrWF11;0.0;0.0;30.0;EXW_0726
BN-ExW-140SatTrWF12;0.0;0.0;30.0;EXW_0726
BN-ExW-140SatTrWF13;0.0;0.0;30.0;EXW_0726
BN-ExW-140SatTrWF14;0.0;0.0;30.0;EXW_0726
BN-ExW-140SatTrWF15;0.0;0.0;30.0;EXW_0726
BN-ExW-140SatTrWF16;0.0;0.0;30.0;EXW_0726
BN-ExW-140SatTrWF17;0.0;0.0;30.0;EXW_0726
BN-ExW-140SatTrWF18;0.0;0.0;30.0;EXW_0726
BN-ExW-140SatTrWF19;0.0;0.0;30.0;EXW_0726
BN-ExW-140SatTrWF2;0.0;0.0;30.0;EXW_0726
BN-ExW-140SatTrWF20;0.0;0.0;30.0;EXW_0726
BN-ExW-140SatTrWF21;0.0;0.0;30.0;EXW_0726
BN-ExW-140SatTrWF22;0.0;0.0;30.0;EXW_0726
BN-ExW-140SatTrWF23;0.0;0.0;30.0;EXW_0726
BN-ExW-140SatTrWF24;0.0;0.0;30.0;EXW_0726
BN-ExW-140SatTrWF25;0.0;0.0;30.0;EXW_0726
BN-ExW-140SatTrWF26;0.0;0.0;30.0;EXW_0726
BN-ExW-140SatTrWF27;0.0;0.0;30.0;EXW_0726
BN-ExW-140SatTrWF28;0.0;0.0;30.0;EXW_0726
BN-ExW-140SatTrWF29;0.0;0.0;30.0;EXW_0726
BN-ExW-140SatTrWF3;0.0;0.0;30.0;EXW_0726
BN-ExW-140SatTrWF30;0.0;0.0;30.0;EXW_0726
BN-ExW-140SatTrWF31;0.0;0.0;30.0;EXW_0726
BN-ExW-140SatTrWF32;0.0;0.0;30.0;EXW_0726
BN-ExW-140SatTrWF33;0.0;0.0;30.0;EXW_0726
BN-ExW-140SatTrWF34;0.0;0.0;30.0;EXW_0726
BN-ExW-140SatTrWF35;0.0;0.0;30.0;EXW_0726
BN-ExW-140SatTrWF36;0.0;0.0;30.0;EXW_0726
BN-ExW-140SatTrWF37;0.0;0.0;30.0;EXW_0726
BN-ExW-140SatTrWF38;0.0;0.0;30.0;EXW_0726
BN-ExW-140SatTrWF39;0.0;0.0;30.0;EXW_0726
BN-ExW-140SatTrWF4;0.0;0.0;30.0;EXW_0726
BN-ExW-140SatTrWF40;0.0;0.0;30.0;EXW_0726
BN-ExW-140SatTrWF41;0.0;0.0;30.0;EXW_0726
BN-ExW-140SatTrWF42;0.0;0.0;30.0;EXW_0726
BN-ExW-140SatTrWF43;0.0;0.0;30.0;EXW_0726
BN-ExW-140SatTrWF44;0.0;0.0;30.0;EXW_0726
BN-ExW-140SatTrWF45;0.0;0.0;30.0;EXW_0726
BN-ExW-140SatTrWF46;0.0;0.0;30.0;EXW_0726
BN-ExW-140SatTrWF47;0.0;0.0;30.0;EXW_0726
BN-ExW-140SatTrWF48;0.0;0.0;30.0;EXW_0726
BN-ExW-140SatTrWF49;0.0;0.0;30.0;EXW_0726
BN-ExW-140SatTrWF5;0.0;0.0;30.0;EXW_0726
BN-ExW-140SatTrWF50;0.0;0.0;30.0;EXW_0726
BN-ExW-140SatTrWF51;0.0;0.0;30.0;EXW_0726
BN-ExW-140SatTrWF52;0.0;0.0;30.0;EXW_0726
BN-ExW-140SatTrWF53;0.0;0.0;30.0;EXW_0726
BN-ExW-140SatTrWF6;0.0;0.0;30.0;EXW_0726
BN-ExW-140SatTrWF7;0.0;0.0;30.0;EXW_0726
BN-ExW-140SatTrWF8;0.0;0.0;30.0;EXW_0726
BN-ExW-140SatTrWF9;0.0;0.0;30.0;EXW_0726
BN-ExW-140SPTrEF0;0.0;0.0;30.0;EXW_0726
BN-ExW-140SPTrEF1;0.0;0.0;30.0;EXW_0726
BN-ExW-140SPTrEF10;0.0;0.0;30.0;EXW_0726
BN-ExW-140SPTrEF11;0.0;0.0;30.0;EXW_0726
BN-ExW-140SPTrEF12;0.0;0.0;30.0;EXW_0726
BN-ExW-140SPTrEF13;0.0;0.0;30.0;EXW_0726
BN-ExW-140SPTrEF14;0.0;0.0;30.0;EXW_0726
BN-ExW-140SPTrEF16;0.0;0.0;30.0;EXW_0726
BN-ExW-140SPTrEF17;0.0;0.0;30.0;EXW_0726
BN-ExW-140SPTrEF18;0.0;0.0;30.0;EXW_0726
BN-ExW-140SPTrEF19;0.0;0.0;30.0;EXW_0726
BN-ExW-140SPTrEF2;0.0;0.0;30.0;EXW_0726
BN-ExW-140SPTrEF20;0.0;0.0;30.0;EXW_0726
BN-ExW-140SPTrEF21;0.0;0.0;30.0;EXW_0726
BN-ExW-140SPTrEF22;0.0;0.0;30.0;EXW_0726
BN-ExW-140SPTrEF23;0.0;0.0;30.0;EXW_0726
BN-ExW-140SPTrEF24;0.0;0.0;30.0;EXW_0726
BN-ExW-140SPTrEF25;0.0;0.0;30.0;EXW_0726
BN-ExW-140SPTrEF26;0.0;0.0;30.0;EXW_0726
BN-ExW-140SPTrEF27;0.0;0.0;30.0;EXW_0726
BN-ExW-140SPTrEF28;0.0;0.0;30.0;EXW_0726
BN-ExW-140SPTrEF29;0.0;0.0;30.0;EXW_0726
BN-ExW-140SPTrEF3;0.0;0.0;30.0;EXW_0726
BN-ExW-140SPTrEF30;0.0;0.0;30.0;EXW_0726
BN-ExW-140SPTrEF31;0.0;0.0;30.0;EXW_0726
BN-ExW-140SPTrEF32;0.0;0.0;30.0;EXW_0726
BN-ExW-140SPTrEF33;0.0;0.0;30.0;EXW_0726
BN-ExW-140SPTrEF34;0.0;0.0;30.0;EXW_0726
BN-ExW-140SPTrEF35;0.0;0.0;30.0;EXW_0726
BN-ExW-140SPTrEF36;0.0;0.0;30.0;EXW_0726
BN-ExW-140SPTrEF37;0.0;0.0;30.0;EXW_0726
BN-ExW-140SPTrEF38;0.0;0.0;30.0;EXW_0726
BN-ExW-140SPTrEF39;0.0;0.0;30.0;EXW_0726
BN-ExW-140SPTrEF4;0.0;0.0;30.0;EXW_0726
BN-ExW-140SPTrEF40;0.0;0.0;30.0;EXW_0726
BN-ExW-140SPTrEF41;0.0;0.0;30.0;EXW_0726
BN-ExW-140SPTrEF5;0.0;0.0;30.0;EXW_0726
BN-ExW-140SPTrEF6;0.0;0.0;30.0;EXW_0726
BN-ExW-140SPTrEF7;0.0;0.0;30.0;EXW_0726
BN-ExW-140SPTrEF8;0.0;0.0;30.0;EXW_0726
BN-ExW-140SPTrEF9;0.0;0.0;30.0;EXW_0726
BN-ExW-140SPTrWF0;0.0;0.0;30.0;EXW_0726
BN-ExW-140SPTrWF1;0.0;0.0;30.0;EXW_0726
BN-ExW-140SPTrWF10;0.0;0.0;30.0;EXW_0726
BN-ExW-140SPTrWF11;0.0;0.0;30.0;EXW_0726
BN-ExW-140SPTrWF12;0.0;0.0;30.0;EXW_0726
BN-ExW-140SPTrWF13;0.0;0.0;30.0;EXW_0726
BN-ExW-140SPTrWF14;0.0;0.0;30.0;EXW_0726
BN-ExW-140SPTrWF15;0.0;0.0;30.0;EXW_0726
BN-ExW-140SPTrWF16;0.0;0.0;30.0;EXW_0726
BN-ExW-140SPTrWF17;0.0;0.0;30.0;EXW_0726
BN-ExW-140SPTrWF18;0.0;0.0;30.0;EXW_0726
BN-ExW-140SPTrWF19;0.0;0.0;30.0;EXW_0726
BN-ExW-140SPTrWF2;0.0;0.0;30.0;EXW_0726
BN-ExW-140SPTrWF20;0.0;0.0;30.0;EXW_0726
BN-ExW-140SPTrWF21;0.0;0.0;30.0;EXW_0726
BN-ExW-140SPTrWF22;0.0;0.0;30.0;EXW_0726
BN-ExW-140SPTrWF23;0.0;0.0;30.0;EXW_0726
BN-ExW-140SPTrWF24;0.0;0.0;30.0;EXW_0726
BN-ExW-140SPTrWF25;0.0;0.0;30.0;EXW_0726
BN-ExW-140SPTrWF26;0.0;0.0;30.0;EXW_0726
BN-ExW-140SPTrWF27;0.0;0.0;30.0;EXW_0726
BN-ExW-140SPTrWF28;0.0;0.0;30.0;EXW_0726
BN-ExW-140SPTrWF29;0.0;0.0;30.0;EXW_0726
BN-ExW-140SPTrWF3;0.0;0.0;30.0;EXW_0726
BN-ExW-140SPTrWF30;0.0;0.0;30.0;EXW_0726
BN-ExW-140SPTrWF31;0.0;0.0;30.0;EXW_0726
BN-ExW-140SPTrWF32;0.0;0.0;30.0;EXW_0726
BN-ExW-140SPTrWF33;0.0;0.0;30.0;EXW_0726
BN-ExW-140SPTrWF34;0.0;0.0;30.0;EXW_0726
BN-ExW-140SPTrWF36;0.0;0.0;30.0;EXW_0726
BN-ExW-140SPTrWF37;0.0;0.0;30.0;EXW_0726
BN-ExW-140SPTrWF38;0.0;0.0;30.0;EXW_0726
BN-ExW-140SPTrWF39;0.0;0.0;30.0;EXW_0726
BN-ExW-140SPTrWF4;0.0;0.0;30.0;EXW_0726
BN-ExW-140SPTrWF40;0.0;0.0;30.0;EXW_0726
BN-ExW-140SPTrWF41;0.0;0.0;30.0;EXW_0726
BN-ExW-140SPTrWF42;0.0;0.0;30.0;EXW_0726
BN-ExW-140SPTrWF43;0.0;0.0;30.0;EXW_0726
BN-ExW-140SPTrWF44;0.0;0.0;30.0;EXW_0726
BN-ExW-140SPTrWF45;0.0;0.0;30.0;EXW_0726
BN-ExW-140SPTrWF46;0.0;0.0;30.0;EXW_0726
BN-ExW-140SPTrWF47;0.0;0.0;30.0;EXW_0726
BN-ExW-140SPTrWF48;0.0;0.0;30.0;EXW_0726
BN-ExW-140SPTrWF49;0.0;0.0;30.0;EXW_0726
BN-ExW-140SPTrWF5;0.0;0.0;30.0;EXW_0726
BN-ExW-140SPTrWF50;0.0;0.0;30.0;EXW_0726
BN-ExW-140SPTrWF51;0.0;0.0;30.0;EXW_0726
BN-ExW-140SPTrWF52;0.0;0.0;30.0;EXW_0726
BN-ExW-140SPTrWF53;0.0;0.0;30.0;EXW_0726
BN-ExW-140SPTrWF54;0.0;0.0;30.0;EXW_0726
BN-ExW-140SPTrWF55;0.0;0.0;30.0;EXW_0726
BN-ExW-140SPTrWF56;0.0;0.0;30.0;EXW_0726
BN-ExW-140SPTrWF57;0.0;0.0;30.0;EXW_0726
BN-ExW-140SPTrWF58;0.0;0.0;30.0;EXW_0726
BN-ExW-140SPTrWF59;0.0;0.0;30.0;EXW_0726
BN-ExW-140SPTrWF6;0.0;0.0;30.0;EXW_0726
BN-ExW-140SPTrWF60;0.0;0.0;30.0;EXW_0726
BN-ExW-140SPTrWF61;0.0;0.0;30.0;EXW_0726
BN-ExW-140SPTrWF62;0.0;0.0;30.0;EXW_0726
BN-ExW-140SPTrWF63;0.0;0.0;30.0;EXW_0726
BN-ExW-140SPTrWF64;0.0;0.0;30.0;EXW_0726
BN-ExW-140SPTrWF65;0.0;0.0;30.0;EXW_0726
BN-ExW-140SPTrWF66;0.0;0.0;30.0;EXW_0726
BN-ExW-140SPTrWF67;0.0;0.0;30.0;EXW_0726
BN-ExW-140SPTrWF68;0.0;0.0;30.0;EXW_0726
BN-ExW-140SPTrWF69;0.0;0.0;30.0;EXW_0726
BN-ExW-140SPTrWF7;0.0;0.0;30.0;EXW_0726
BN-ExW-140SPTrWF70;0.0;0.0;30.0;EXW_0726
BN-ExW-140SPTrWF8;0.0;0.0;30.0;EXW_0726
BN-ExW-140SPTrWF9;0.0;0.0;30.0;EXW_0726
BN-EXW-140-T1-TRWFR0;0.0;0.0;30.0;EXW_0726
BN-EXW-140-T1-TRWFR1;0.0;0.0;30.0;EXW_0726
BN-EXW-140-T1-TRWFR10;0.0;0.0;30.0;EXW_0726
BN-EXW-140-T1-TRWFR11;0.0;0.0;30.0;EXW_0726
BN-EXW-140-T1-TRWFR12;0.0;0.0;30.0;EXW_0726
BN-EXW-140-T1-TRWFR13;0.0;0.0;30.0;EXW_0726
BN-EXW-140-T1-TRWFR14;0.0;0.0;30.0;EXW_0726
BN-EXW-140-T1-TRWFR15;0.0;0.0;30.0;EXW_0726
BN-EXW-140-T1-TRWFR16;0.0;0.0;30.0;EXW_0726
BN-EXW-140-T1-TRWFR17;0.0;0.0;30.0;EXW_0726
BN-EXW-140-T1-TRWFR18;0.0;0.0;30.0;EXW_0726
BN-EXW-140-T1-TRWFR19;0.0;0.0;30.0;EXW_0726
BN-EXW-140-T1-TRWFR2;0.0;0.0;30.0;EXW_0726
BN-EXW-140-T1-TRWFR20;0.0;0.0;30.0;EXW_0726
BN-EXW-140-T1-TRWFR21;0.0;0.0;30.0;EXW_0726
BN-EXW-140-T1-TRWFR22;0.0;0.0;30.0;EXW_0726
BN-EXW-140-T1-TRWFR23;0.0;0.0;30.0;EXW_0726
BN-EXW-140-T1-TRWFR24;0.0;0.0;30.0;EXW_0726
BN-EXW-140-T1-TRWFR25;0.0;0.0;30.0;EXW_0726
BN-EXW-140-T1-TRWFR26;0.0;0.0;30.0;EXW_0726
BN-EXW-140-T1-TRWFR27;0.0;0.0;30.0;EXW_0726
BN-EXW-140-T1-TRWFR28;0.0;0.0;30.0;EXW_0726
BN-EXW-140-T1-TRWFR29;0.0;0.0;30.0;EXW_0726
BN-EXW-140-T1-TRWFR3;0.0;0.0;30.0;EXW_0726
BN-EXW-140-T1-TRWFR30;0.0;0.0;30.0;EXW_0726
BN-EXW-140-T1-TRWFR4;0.0;0.0;30.0;EXW_0726
BN-EXW-140-T1-TRWFR5;0.0;0.0;30.0;EXW_0726
BN-EXW-140-T1-TRWFR6;0.0;0.0;30.0;EXW_0726
BN-EXW-140-T1-TRWFR7;0.0;0.0;30.0;EXW_0726
BN-EXW-140-T1-TRWFR8;0.0;0.0;30.0;EXW_0726
BN-EXW-140-T1-TRWFR9;0.0;0.0;30.0;EXW_0726
BN-EXW-30-TREF0;0.0;0.0;30.0;EXW_0726
BN-EXW-30-TREF1;0.0;0.0;30.0;EXW_0726
BN-EXW-30-TREF10;0.0;0.0;30.0;EXW_0726
BN-EXW-30-TREF11;0.0;0.0;30.0;EXW_0726
BN-EXW-30-TREF12;0.0;0.0;30.0;EXW_0726
BN-EXW-30-TREF13;0.0;0.0;30.0;EXW_0726
BN-EXW-30-TREF14;0.0;0.0;30.0;EXW_0726
BN-EXW-30-TREF15;0.0;0.0;30.0;EXW_0726
BN-EXW-30-TREF16;0.0;0.0;30.0;EXW_0726
BN-EXW-30-TREF17;0.0;0.0;30.0;EXW_0726
BN-EXW-30-TREF18;0.0;0.0;30.0;EXW_0726
BN-EXW-30-TREF19;0.0;0.0;30.0;EXW_0726
BN-EXW-30-TREF2;0.0;0.0;30.0;EXW_0726
BN-EXW-30-TREF20;0.0;0.0;30.0;EXW_0726
BN-EXW-30-TREF21;0.0;0.0;30.0;EXW_0726
BN-EXW-30-TREF22;0.0;0.0;30.0;EXW_0726
BN-EXW-30-TREF3;0.0;0.0;30.0;EXW_0726
BN-EXW-30-TREF4;0.0;0.0;30.0;EXW_0726
BN-EXW-30-TREF6;0.0;0.0;30.0;EXW_0726
BN-EXW-30-TREF7;0.0;0.0;30.0;EXW_0726
BN-EXW-30-TREF8;0.0;0.0;30.0;EXW_0726
BN-EXW-30-TREF9;0.0;0.0;30.0;EXW_0726
BN-EXW-30-TRWF0;0.0;0.0;30.0;EXW_0726
BN-EXW-30-TRWF1;0.0;0.0;30.0;EXW_0726
BN-EXW-30-TRWF10;0.0;0.0;30.0;EXW_0726
BN-EXW-30-TRWF11;0.0;0.0;30.0;EXW_0726
BN-EXW-30-TRWF12;0.0;0.0;30.0;EXW_0726
BN-EXW-30-TRWF13;0.0;0.0;30.0;EXW_0726
BN-EXW-30-TRWF14;0.0;0.0;30.0;EXW_0726
BN-EXW-30-TRWF15;0.0;0.0;30.0;EXW_0726
BN-EXW-30-TRWF16;0.0;0.0;30.0;EXW_0726
BN-EXW-30-TRWF17;0.0;0.0;30.0;EXW_0726
BN-EXW-30-TRWF18;0.0;0.0;30.0;EXW_0726
BN-EXW-30-TRWF19;0.0;0.0;30.0;EXW_0726
BN-EXW-30-TRWF2;0.0;0.0;30.0;EXW_0726
BN-EXW-30-TRWF20;0.0;0.0;30.0;EXW_0726
BN-EXW-30-TRWF21;0.0;0.0;30.0;EXW_0726
BN-EXW-30-TRWF22;0.0;0.0;30.0;EXW_0726
BN-EXW-30-TRWF23;0.0;0.0;30.0;EXW_0726
BN-EXW-30-TRWF24;0.0;0.0;30.0;EXW_0726
BN-EXW-30-TRWF25;0.0;0.0;30.0;EXW_0726
BN-EXW-30-TRWF26;0.0;0.0;30.0;EXW_0726
BN-EXW-30-TRWF27;0.0;0.0;30.0;EXW_0726
BN-EXW-30-TRWF28;0.0;0.0;30.0;EXW_0726
BN-EXW-30-TRWF29;0.0;0.0;30.0;EXW_0726
BN-EXW-30-TRWF3;0.0;0.0;30.0;EXW_0726
BN-EXW-30-TRWF30;0.0;0.0;30.0;EXW_0726
BN-EXW-30-TRWF31;0.0;0.0;30.0;EXW_0726
BN-EXW-30-TRWF32;0.0;0.0;30.0;EXW_0726
BN-EXW-30-TRWF33;0.0;0.0;30.0;EXW_0726
BN-EXW-30-TRWF34;0.0;0.0;30.0;EXW_0726
BN-EXW-30-TRWF35;0.0;0.0;30.0;EXW_0726
BN-EXW-30-TRWF36;0.0;0.0;30.0;EXW_0726
BN-EXW-30-TRWF37;0.0;0.0;30.0;EXW_0726
BN-EXW-30-TRWF38;0.0;0.0;30.0;EXW_0726
BN-EXW-30-TRWF39;0.0;0.0;30.0;EXW_0726
BN-EXW-30-TRWF4;0.0;0.0;30.0;EXW_0726
BN-EXW-30-TRWF40;0.0;0.0;30.0;EXW_0726
BN-EXW-30-TRWF41;0.0;0.0;30.0;EXW_0726
BN-EXW-30-TRWF42;0.0;0.0;30.0;EXW_0726
BN-EXW-30-TRWF43;0.0;0.0;30.0;EXW_0726
BN-EXW-30-TRWF44;0.0;0.0;30.0;EXW_0726
BN-EXW-30-TRWF45;0.0;0.0;30.0;EXW_0726
BN-EXW-30-TRWF46;0.0;0.0;30.0;EXW_0726
BN-EXW-30-TRWF48;0.0;0.0;30.0;EXW_0726
BN-EXW-30-TRWF49;0.0;0.0;30.0;EXW_0726
BN-EXW-30-TRWF5;0.0;0.0;30.0;EXW_0726
BN-EXW-30-TRWF50;0.0;0.0;30.0;EXW_0726
BN-EXW-30-TRWF51;0.0;0.0;30.0;EXW_0726
BN-EXW-30-TRWF52;0.0;0.0;30.0;EXW_0726
BN-EXW-30-TRWF53;0.0;0.0;30.0;EXW_0726
BN-EXW-30-TRWF54;0.0;0.0;30.0;EXW_0726
BN-EXW-30-TRWF55;0.0;0.0;30.0;EXW_0726
BN-EXW-30-TRWF56;0.0;0.0;30.0;EXW_0726
BN-EXW-30-TRWF57;0.0;0.0;30.0;EXW_0726
BN-EXW-30-TRWF58;0.0;0.0;30.0;EXW_0726
BN-EXW-30-TRWF59;0.0;0.0;30.0;EXW_0726
BN-EXW-30-TRWF6;0.0;0.0;30.0;EXW_0726
BN-EXW-30-TRWF60;0.0;0.0;30.0;EXW_0726
BN-EXW-30-TRWF61;0.0;0.0;30.0;EXW_0726
BN-EXW-30-TRWF62;0.0;0.0;30.0;EXW_0726
BN-EXW-30-TRWF63;0.0;0.0;30.0;EXW_0726
BN-EXW-30-TRWF64;0.0;0.0;30.0;EXW_0726
BN-EXW-30-TRWF65;0.0;0.0;30.0;EXW_0726
BN-EXW-30-TRWF66;0.0;0.0;30.0;EXW_0726
BN-EXW-30-TRWF67;0.0;0.0;30.0;EXW_0726
BN-EXW-30-TRWF68;0.0;0.0;30.0;EXW_0726
BN-EXW-30-TRWF69;0.0;0.0;30.0;EXW_0726
BN-EXW-30-TRWF7;0.0;0.0;30.0;EXW_0726
BN-EXW-30-TRWF70;0.0;0.0;30.0;EXW_0726
BN-EXW-30-TRWF71;0.0;0.0;30.0;EXW_0726
BN-EXW-30-TRWF72;0.0;0.0;30.0;EXW_0726
BN-EXW-30-TRWF73;0.0;0.0;30.0;EXW_0726
BN-EXW-30-TRWF74;0.0;0.0;30.0;EXW_0726
BN-EXW-30-TRWF75;0.0;0.0;30.0;EXW_0726
BN-EXW-30-TRWF76;0.0;0.0;30.0;EXW_0726
BN-EXW-30-TRWF77;0.0;0.0;30.0;EXW_0726
BN-EXW-30-TRWF78;0.0;0.0;30.0;EXW_0726
BN-EXW-30-TRWF79;0.0;0.0;30.0;EXW_0726
BN-EXW-30-TRWF8;0.0;0.0;30.0;EXW_0726
BN-EXW-30-TRWF80;0.0;0.0;30.0;EXW_0726
BN-EXW-30-TRWF81;0.0;0.0;30.0;EXW_0726
BN-EXW-30-TRWF82;0.0;0.0;30.0;EXW_0726
BN-EXW-30-TRWF83;0.0;0.0;30.0;EXW_0726
BN-EXW-30-TRWF84;0.0;0.0;30.0;EXW_0726
BN-EXW-30-TRWF85;0.0;0.0;30.0;EXW_0726
BN-EXW-30-TRWF86;0.0;0.0;30.0;EXW_0726
BN-EXW-30-TRWF87;0.0;0.0;30.0;EXW_0726
BN-EXW-30-TRWF9;0.0;0.0;30.0;EXW_0726
BN-EXW-40-TREF32;0.0;0.0;30.0;EXW_0726
BN-EXW-40-TREF33;0.0;0.0;30.0;EXW_0726
BN-EXW-40-TREF34;0.0;0.0;30.0;EXW_0726
BN-EXW-40-TREF35;0.0;0.0;30.0;EXW_0726
BN-EXW-40-TREF36;0.0;0.0;30.0;EXW_0726
BN-EXW-40-TREF37;0.0;0.0;30.0;EXW_0726
BN-EXW-40-TREF38;0.0;0.0;30.0;EXW_0726
BN-EXW-40-TREF39;0.0;0.0;30.0;EXW_0726
BN-EXW-40-TREF4;0.0;0.0;30.0;EXW_0726
BN-EXW-40-TREF40;0.0;0.0;30.0;EXW_0726
BN-EXW-40-TREF41;0.0;0.0;30.0;EXW_0726
BN-EXW-40-TREF42;0.0;0.0;30.0;EXW_0726
BN-EXW-40-TREF43;0.0;0.0;30.0;EXW_0726
BN-EXW-40-TREF44;0.0;0.0;30.0;EXW_0726
BN-EXW-40-TREF5;0.0;0.0;30.0;EXW_0726
BN-EXW-40-TREF6;0.0;0.0;30.0;EXW_0726
BN-EXW-40-TRWF30;0.0;0.0;30.0;EXW_0726
BN-EXW-40-TRWF31;0.0;0.0;30.0;EXW_0726
BN-EXW-40-TRWF32;0.0;0.0;30.0;EXW_0726
BN-EXW-40-TRWF33;0.0;0.0;30.0;EXW_0726
BN-EXW-40-TRWF34;0.0;0.0;30.0;EXW_0726
BN-EXW-40-TRWF35;0.0;0.0;30.0;EXW_0726
BN-EXW-40-TRWF36;0.0;0.0;30.0;EXW_0726
BN-EXW-40-TRWF37;0.0;0.0;30.0;EXW_0726
BN-EXW-40-TRWF38;0.0;0.0;30.0;EXW_0726
BN-EXW-40-TRWF39;0.0;0.0;30.0;EXW_0726
BN-EXW-40-TRWF40;0.0;0.0;30.0;EXW_0726
BN-EXW-40-TRWF41;0.0;0.0;30.0;EXW_0726
BN-EXW-40-TRWF42;0.0;0.0;30.0;EXW_0726
BN-EXW-40-TRWF43;0.0;0.0;30.0;EXW_0726
BN-EXW-40-TRWF44;0.0;0.0;30.0;EXW_0726
BN-EXW-40-TRWF45;0.0;0.0;30.0;EXW_0726
BN-EXW-40-TRWF46;0.0;0.0;30.0;EXW_0726
BN-EXW-40-TRWF47;0.0;0.0;30.0;EXW_0726
BN-EXW-40-TRWF48;0.0;0.0;30.0;EXW_0726
BN-EXW-40-TRWF49;0.0;0.0;30.0;EXW_0726
BN-EXW-40-TRWF50;0.0;0.0;30.0;EXW_0726
BN-EXW-40-TRWF51;0.0;0.0;30.0;EXW_0726
BN-EXW-40-TRWF52;0.0;0.0;30.0;EXW_0726
BN-EXW-40-TRWF53;0.0;0.0;30.0;EXW_0726
BN-EXW-40-TRWF54;0.0;0.0;30.0;EXW_0726
BN-EXW-40-TRWF55;0.0;0.0;30.0;EXW_0726
BN-EXW-40-TRWF56;0.0;0.0;30.0;EXW_0726
BN-EXW-40-TRWF57;0.0;0.0;30.0;EXW_0726
BN-EXW-40-TRWF58;0.0;0.0;30.0;EXW_0726
BN-EXW-40-TRWF59;0.0;0.0;30.0;EXW_0726
BN-EXW-40-TRWF60;0.0;0.0;30.0;EXW_0726
BN-ExW-57TrEF10;0.0;0.0;30.0;EXW_0726
BN-ExW-57TrEF11;0.0;0.0;30.0;EXW_0726
BN-ExW-57TrEF12;0.0;0.0;30.0;EXW_0726
BN-ExW-57TrEF13;0.0;0.0;30.0;EXW_0726
BN-ExW-57TrEF14;0.0;0.0;30.0;EXW_0726
BN-ExW-57TrEF15;0.0;0.0;30.0;EXW_0726
BN-ExW-57TrEF16;0.0;0.0;30.0;EXW_0726
BN-ExW-57TrEF17;0.0;0.0;30.0;EXW_0726
BN-ExW-57TrEF18;0.0;0.0;30.0;EXW_0726
BN-ExW-57TrEF19;0.0;0.0;30.0;EXW_0726
BN-ExW-57TrEF20;0.0;0.0;30.0;EXW_0726
BN-ExW-57TrEF21;0.0;0.0;30.0;EXW_0726
BN-ExW-57TrEF22;0.0;0.0;30.0;EXW_0726
BN-ExW-57TrEF23;0.0;0.0;30.0;EXW_0726
BN-ExW-57TrEF24;0.0;0.0;30.0;EXW_0726
BN-ExW-57TrEF25;0.0;0.0;30.0;EXW_0726
BN-ExW-57TrEF26;0.0;0.0;30.0;EXW_0726
BN-ExW-57TrEF3;0.0;0.0;30.0;EXW_0726
BN-ExW-57TrEF4;0.0;0.0;30.0;EXW_0726
BN-ExW-57TrEF5;0.0;0.0;30.0;EXW_0726
BN-ExW-57TrEF6;0.0;0.0;30.0;EXW_0726
BN-ExW-57TrEF7;0.0;0.0;30.0;EXW_0726
BN-ExW-57TrEF8;0.0;0.0;30.0;EXW_0726
BN-ExW-57TrEF9;0.0;0.0;30.0;EXW_0726
BN-ExW-57TrWF10;0.0;0.0;30.0;EXW_0726
BN-ExW-57TrWF11;0.0;0.0;30.0;EXW_0726
BN-ExW-57TrWF12;0.0;0.0;30.0;EXW_0726
BN-ExW-57TrWF13;0.0;0.0;30.0;EXW_0726
BN-ExW-57TrWF9;0.0;0.0;30.0;EXW_0726
EXW_UG_001;0.0;0.0;31.76;EXW_0726
EXW_UG_001;3.0;0.0;31.76;EXW_0726
EXW_UG_001;6.0;0.0;31.76;EXW_0726
EXW_UG_001;9.0;0.0;31.76;EXW_0726
EXW_UG_001;12.0;0.0;31.76;EXW_0726
EXW_UG_001;15.0;0.0;31.76;EXW_0726
EXW_UG_001;18.0;0.0;31.76;EXW_0726
EXW_UG_001;21.0;0.0;31.76;EXW_0726
EXW_UG_001;24.0;0.0;31.76;EXW_0726
EXW_UG_001;33.0;0.0;31.76;EXW_0726
EXW_UG_001;36.0;0.0;31.76;EXW_0726
EXW_UG_001;39.0;0.0;31.76;EXW_0726
EXW_UG_001;42.0;0.0;31.76;EXW_0726
EXW_UG_001;45.0;0.0;31.76;EXW_0726
EXW_UG_001;48.0;0.0;31.76;EXW_0726
BNEWF4;0.0;185.0;33.0;EXW_0726
BN-ExW-100SPTrWF51;0.0;0.0;35.0;EXW_0726
BN-ExW-100SPTrWF52;0.0;0.0;35.0;EXW_0726
BN-ExW-100SPTrWF53;0.0;0.0;35.0;EXW_0726
BN-ExW-100SPTrWF54;0.0;0.0;35.0;EXW_0726
BN-ExW-100SPTrWF55;0.0;0.0;35.0;EXW_0726
BN-ExW-100SPTrWF56;0.0;0.0;35.0;EXW_0726
BN-ExW-100SPTrWF57;0.0;0.0;35.0;EXW_0726
BN-EXW-156-TRWFR35;0.0;0.0;35.0;EXW_0726
BN-EXW-156-TRWFR36;0.0;0.0;35.0;EXW_0726
BN-EXW-156-TRWFR37;0.0;0.0;35.0;EXW_0726
BN-EXW-156-TRWFR38;0.0;0.0;35.0;EXW_0726
BN-EXW-156-TRWFR39;0.0;0.0;35.0;EXW_0726
BN-EXW-156-TRWFR40;0.0;0.0;35.0;EXW_0726
BN-EXW-156-TRWFR41;0.0;0.0;35.0;EXW_0726
BN-EXW-156-TRWFR42;0.0;0.0;35.0;EXW_0726
BN-EXW-156-TRWFR43;0.0;0.0;35.0;EXW_0726
BN-EXW-156-TRWFR44;0.0;0.0;35.0;EXW_0726
BN-EXW-156-TRWFR45;0.0;0.0;35.0;EXW_0726
BN-EXW-156-TRWFR46;0.0;0.0;35.0;EXW_0726
BN-EXW-156-TRWFR47;0.0;0.0;35.0;EXW_0726
BN-EXW-156-TRWFR48;0.0;0.0;35.0;EXW_0726
BN-EXW-156-TRWFR49;0.0;0.0;35.0;EXW_0726
BN-EXW-156-TRWFR50;0.0;0.0;35.0;EXW_0726
BN-EXW-156-TRWFR51;0.0;0.0;35.0;EXW_0726
BN-EXW-156-TRWFR52;0.0;0.0;35.0;EXW_0726
BN-EXW-156-TRWFR53;0.0;0.0;35.0;EXW_0726
BN-EXW-156-TRWFR54;0.0;0.0;35.0;EXW_0726
BN-EXW-156-TRWFR55;0.0;0.0;35.0;EXW_0726
BN-EXW-40-TREF0;0.0;0.0;35.0;EXW_0726
BN-EXW-40-TREF1;0.0;0.0;35.0;EXW_0726
BN-EXW-40-TREF10;0.0;0.0;35.0;EXW_0726
BN-EXW-40-TREF11;0.0;0.0;35.0;EXW_0726
BN-EXW-40-TREF12;0.0;0.0;35.0;EXW_0726
BN-EXW-40-TREF13;0.0;0.0;35.0;EXW_0726
BN-EXW-40-TREF14;0.0;0.0;35.0;EXW_0726
BN-EXW-40-TREF15;0.0;0.0;35.0;EXW_0726
BN-EXW-40-TREF16;0.0;0.0;35.0;EXW_0726
BN-EXW-40-TREF17;0.0;0.0;35.0;EXW_0726
BN-EXW-40-TREF18;0.0;0.0;35.0;EXW_0726
BN-EXW-40-TREF19;0.0;0.0;35.0;EXW_0726
BN-EXW-40-TREF2;0.0;0.0;35.0;EXW_0726
BN-EXW-40-TREF20;0.0;0.0;35.0;EXW_0726
BN-EXW-40-TREF21;0.0;0.0;35.0;EXW_0726
BN-EXW-40-TREF22;0.0;0.0;35.0;EXW_0726
BN-EXW-40-TREF23;0.0;0.0;35.0;EXW_0726
BN-EXW-40-TREF24;0.0;0.0;35.0;EXW_0726
BN-EXW-40-TREF25;0.0;0.0;35.0;EXW_0726
BN-EXW-40-TREF26;0.0;0.0;35.0;EXW_0726
BN-EXW-40-TREF27;0.0;0.0;35.0;EXW_0726
BN-EXW-40-TREF28;0.0;0.0;35.0;EXW_0726
BN-EXW-40-TREF29;0.0;0.0;35.0;EXW_0726
BN-EXW-40-TREF3;0.0;0.0;35.0;EXW_0726
BN-EXW-40-TREF30;0.0;0.0;35.0;EXW_0726
BN-EXW-40-TREF31;0.0;0.0;35.0;EXW_0726
BN-EXW-40-TREF7;0.0;0.0;35.0;EXW_0726
BN-EXW-40-TREF8;0.0;0.0;35.0;EXW_0726
BN-EXW-40-TREF9;0.0;0.0;35.0;EXW_0726
BN-EXW-40-TRWF0;0.0;0.0;35.0;EXW_0726
BN-EXW-40-TRWF1;0.0;0.0;35.0;EXW_0726
BN-EXW-40-TRWF10;0.0;0.0;35.0;EXW_0726
BN-EXW-40-TRWF11;0.0;0.0;35.0;EXW_0726
BN-EXW-40-TRWF12;0.0;0.0;35.0;EXW_0726
BN-EXW-40-TRWF13;0.0;0.0;35.0;EXW_0726
BN-EXW-40-TRWF14;0.0;0.0;35.0;EXW_0726
BN-EXW-40-TRWF15;0.0;0.0;35.0;EXW_0726
BN-EXW-40-TRWF16;0.0;0.0;35.0;EXW_0726
BN-EXW-40-TRWF17;0.0;0.0;35.0;EXW_0726
BN-EXW-40-TRWF18;0.0;0.0;35.0;EXW_0726
BN-EXW-40-TRWF19;0.0;0.0;35.0;EXW_0726
BN-EXW-40-TRWF2;0.0;0.0;35.0;EXW_0726
BN-EXW-40-TRWF20;0.0;0.0;35.0;EXW_0726
BN-EXW-40-TRWF21;0.0;0.0;35.0;EXW_0726
BN-EXW-40-TRWF22;0.0;0.0;35.0;EXW_0726
BN-EXW-40-TRWF23;0.0;0.0;35.0;EXW_0726
BN-EXW-40-TRWF24;0.0;0.0;35.0;EXW_0726
BN-EXW-40-TRWF25;0.0;0.0;35.0;EXW_0726
BN-EXW-40-TRWF26;0.0;0.0;35.0;EXW_0726
BN-EXW-40-TRWF27;0.0;0.0;35.0;EXW_0726
BN-EXW-40-TRWF28;0.0;0.0;35.0;EXW_0726
BN-EXW-40-TRWF29;0.0;0.0;35.0;EXW_0726
BN-EXW-40-TRWF3;0.0;0.0;35.0;EXW_0726
BN-EXW-40-TRWF4;0.0;0.0;35.0;EXW_0726
BN-EXW-40-TRWF5;0.0;0.0;35.0;EXW_0726
BN-EXW-40-TRWF6;0.0;0.0;35.0;EXW_0726
BN-EXW-40-TRWF7;0.0;0.0;35.0;EXW_0726
BN-EXW-40-TRWF8;0.0;0.0;35.0;EXW_0726
BN-EXW-40-TRWF9;0.0;0.0;35.0;EXW_0726
BN-ExW-57TrWF1;0.0;0.0;35.0;EXW_0726
BN-ExW-57TrWF14;0.0;0.0;35.0;EXW_0726
BN-ExW-57TrWF15;0.0;0.0;35.0;EXW_0726
BN-ExW-57TrWF16;0.0;0.0;35.0;EXW_0726
BN-ExW-57TrWF17;0.0;0.0;35.0;EXW_0726
BN-ExW-57TrWF18;0.0;0.0;35.0;EXW_0726
BN-ExW-57TrWF19;0.0;0.0;35.0;EXW_0726
BN-ExW-57TrWF2;0.0;0.0;35.0;EXW_0726
BN-ExW-57TrWF20;0.0;0.0;35.0;EXW_0726
BN-ExW-57TrWF21;0.0;0.0;35.0;EXW_0726
BN-ExW-57TrWF22;0.0;0.0;35.0;EXW_0726
BN-ExW-57TrWF23;0.0;0.0;35.0;EXW_0726
BN-ExW-57TrWF3;0.0;0.0;35.0;EXW_0726
BN-ExW-57TrWF4;0.0;0.0;35.0;EXW_0726
BN-ExW-57TrWF5;0.0;0.0;35.0;EXW_0726
BN-ExW-57TrWF6;0.0;0.0;35.0;EXW_0726
BN-ExW-57TrWF7;0.0;0.0;35.0;EXW_0726
BN-ExW-57TrWF8;0.0;0.0;35.0;EXW_0726
BN-EXW-80-Taille2WT1R1;0.0;0.0;35.0;EXW_0726
BN-EXW-80-Taille2WT1R10;0.0;0.0;35.0;EXW_0726
BN-EXW-80-Taille2WT1R11;0.0;0.0;35.0;EXW_0726
BN-EXW-80-Taille2WT1R2;0.0;0.0;35.0;EXW_0726
BN-EXW-80-Taille2WT1R3;0.0;0.0;35.0;EXW_0726
BN-EXW-80-Taille2WT1R4;0.0;0.0;35.0;EXW_0726
BN-EXW-80-Taille2WT1R5;0.0;0.0;35.0;EXW_0726
BN-EXW-80-Taille2WT1R6;0.0;0.0;35.0;EXW_0726
BN-EXW-80-Taille2WT1R7;0.0;0.0;35.0;EXW_0726
BN-EXW-80-Taille2WT1R8;0.0;0.0;35.0;EXW_0726
BN-EXW-80-Taille2WT1R9;0.0;0.0;35.0;EXW_0726
BN-ExW-80TrEF0;0.0;0.0;35.0;EXW_0726
BN-ExW-80TrEF1;0.0;0.0;35.0;EXW_0726
BN-ExW-80TrEF10;0.0;0.0;35.0;EXW_0726
BN-ExW-80TrEF11;0.0;0.0;35.0;EXW_0726
BN-ExW-80TrEF12;0.0;0.0;35.0;EXW_0726
BN-ExW-80TrEF13;0.0;0.0;35.0;EXW_0726
BN-ExW-80TrEF14;0.0;0.0;35.0;EXW_0726
BN-ExW-80TrEF15;0.0;0.0;35.0;EXW_0726
BN-ExW-80TrEF16;0.0;0.0;35.0;EXW_0726
BN-ExW-80TrEF17;0.0;0.0;35.0;EXW_0726
BN-ExW-80TrEF18;0.0;0.0;35.0;EXW_0726
BN-ExW-80TrEF19;0.0;0.0;35.0;EXW_0726
BN-ExW-80TrEF2;0.0;0.0;35.0;EXW_0726
BN-ExW-80TrEF20;0.0;0.0;35.0;EXW_0726
BN-ExW-80TrEF21;0.0;0.0;35.0;EXW_0726
BN-ExW-80TrEF22;0.0;0.0;35.0;EXW_0726
BN-ExW-80TrEF23;0.0;0.0;35.0;EXW_0726
BN-ExW-80TrEF24;0.0;0.0;35.0;EXW_0726
BN-ExW-80TrEF25;0.0;0.0;35.0;EXW_0726
BN-ExW-80TrEF26;0.0;0.0;35.0;EXW_0726
BN-ExW-80TrEF27;0.0;0.0;35.0;EXW_0726
BN-ExW-80TrEF28;0.0;0.0;35.0;EXW_0726
BN-ExW-80TrEF29;0.0;0.0;35.0;EXW_0726
BN-ExW-80TrEF3;0.0;0.0;35.0;EXW_0726
BN-ExW-80TrEF30;0.0;0.0;35.0;EXW_0726
BN-ExW-80TrEF31;0.0;0.0;35.0;EXW_0726
BN-ExW-80TrEF32;0.0;0.0;35.0;EXW_0726
BN-ExW-80TrEF33;0.0;0.0;35.0;EXW_0726
BN-ExW-80TrEF34;0.0;0.0;35.0;EXW_0726
BN-ExW-80TrEF35;0.0;0.0;35.0;EXW_0726
BN-ExW-80TrEF36;0.0;0.0;35.0;EXW_0726
BN-ExW-80TrEF37;0.0;0.0;35.0;EXW_0726
BN-ExW-80TrEF38;0.0;0.0;35.0;EXW_0726
BN-ExW-80TrEF39;0.0;0.0;35.0;EXW_0726
BN-ExW-80TrEF4;0.0;0.0;35.0;EXW_0726
BN-ExW-80TrEF5;0.0;0.0;35.0;EXW_0726
BN-ExW-80TrEF6;0.0;0.0;35.0;EXW_0726
BN-ExW-80TrEF7;0.0;0.0;35.0;EXW_0726
BN-ExW-80TrEF8;0.0;0.0;35.0;EXW_0726
BN-ExW-80TrEF9;0.0;0.0;35.0;EXW_0726
EXW_UG_003;18.0;0.0;35.51;EXW_0726
EXW_UG_003;15.0;0.0;35.7;EXW_0726
EXW_UG_003;9.0;0.0;35.78;EXW_0726
EXW_UG_003;12.0;0.0;35.9;EXW_0726
EXW_UG_003;21.0;0.0;36.27;EXW_0726
EXW_UG_003;30.0;0.0;36.43;EXW_0726
EXW_UG_003;27.0;0.0;36.44;EXW_0726
EXW_UG_003;0.0;0.0;36.48;EXW_0726
EXW_UG_003;3.0;0.0;36.48;EXW_0726
EXW_UG_003;6.0;0.0;36.48;EXW_0726
EXW_UG_003;24.0;0.0;36.94;EXW_0726
EXW_UG_003;45.0;0.0;37.04;EXW_0726
EXW_UG_003;33.0;0.0;37.07;EXW_0726
EXW_UG_003;39.0;0.0;37.11;EXW_0726
EXW_UG_003;63.0;0.0;37.25;EXW_0726
EXW_UG_003;36.0;0.0;37.26;EXW_0726
EXW_UG_003;78.0;0.0;37.27;EXW_0726
EXW_UG_003;42.0;0.0;37.32;EXW_0726
EXW_UG_003;57.0;0.0;37.35;EXW_0726
EXW_UG_003;48.0;0.0;37.36;EXW_0726
EXW_UG_003;51.0;0.0;37.36;EXW_0726
EXW_UG_003;54.0;0.0;37.36;EXW_0726
EXW_UG_003;75.0;0.0;37.39;EXW_0726
EXW_UG_003;66.0;0.0;37.41;EXW_0726
EXW_UG_003;72.0;0.0;37.53;EXW_0726
EXW_UG_003;69.0;0.0;37.54;EXW_0726
EXW_UG_003;60.0;0.0;37.58;EXW_0726
BNEWF8;0.0;218.0;38.0;EXW_0726
BN-ExW-100SPTrEF29;0.0;0.0;40.0;EXW_0726
BN-ExW-100SPTrEF30;0.0;0.0;40.0;EXW_0726
BN-ExW-100SPTrEF31;0.0;0.0;40.0;EXW_0726
BN-ExW-100SPTrEF32;0.0;0.0;40.0;EXW_0726
BN-ExW-100SPTrEF33;0.0;0.0;40.0;EXW_0726
BN-ExW-100SPTrEF34;0.0;0.0;40.0;EXW_0726
BN-ExW-100SPTrEF35;0.0;0.0;40.0;EXW_0726
BN-ExW-100SPTrEF36;0.0;0.0;40.0;EXW_0726
BN-ExW-100SPTrEF37;0.0;0.0;40.0;EXW_0726
BN-ExW-100SPTrEF38;0.0;0.0;40.0;EXW_0726
BN-ExW-100SPTrEF39;0.0;0.0;40.0;EXW_0726
BN-ExW-100SPTrEF40;0.0;0.0;40.0;EXW_0726
BN-ExW-100SPTrEF41;0.0;0.0;40.0;EXW_0726
BN-ExW-100SPTrEF42;0.0;0.0;40.0;EXW_0726
BN-ExW-100SPTrWF28;0.0;0.0;40.0;EXW_0726
BN-ExW-100SPTrWF29;0.0;0.0;40.0;EXW_0726
BN-ExW-100SPTrWF30;0.0;0.0;40.0;EXW_0726
BN-ExW-100SPTrWF31;0.0;0.0;40.0;EXW_0726
BN-ExW-100SPTrWF32;0.0;0.0;40.0;EXW_0726
BN-ExW-100SPTrWF33;0.0;0.0;40.0;EXW_0726
BN-ExW-100SPTrWF34;0.0;0.0;40.0;EXW_0726
BN-ExW-100SPTrWF35;0.0;0.0;40.0;EXW_0726
BN-ExW-100SPTrWF36;0.0;0.0;40.0;EXW_0726
BN-ExW-100SPTrWF37;0.0;0.0;40.0;EXW_0726
BN-ExW-100SPTrWF43;0.0;0.0;40.0;EXW_0726
BN-ExW-100SPTrWF44;0.0;0.0;40.0;EXW_0726
BN-ExW-100SPTrWF45;0.0;0.0;40.0;EXW_0726
BN-ExW-100SPTrWF46;0.0;0.0;40.0;EXW_0726
BN-ExW-100SPTrWF47;0.0;0.0;40.0;EXW_0726
BN-ExW-100SPTrWF48;0.0;0.0;40.0;EXW_0726
BN-ExW-100SPTrWF49;0.0;0.0;40.0;EXW_0726
BN-ExW-100SPTrWF50;0.0;0.0;40.0;EXW_0726
BN-ExW-120SatTrEF0;0.0;0.0;40.0;EXW_0726
BN-ExW-120SatTrEF1;0.0;0.0;40.0;EXW_0726
BN-ExW-120SatTrEF10;0.0;0.0;40.0;EXW_0726
BN-ExW-120SatTrEF11;0.0;0.0;40.0;EXW_0726
BN-ExW-120SatTrEF12;0.0;0.0;40.0;EXW_0726
BN-ExW-120SatTrEF13;0.0;0.0;40.0;EXW_0726
BN-ExW-120SatTrEF14;0.0;0.0;40.0;EXW_0726
BN-ExW-120SatTrEF15;0.0;0.0;40.0;EXW_0726
BN-ExW-120SatTrEF16;0.0;0.0;40.0;EXW_0726
BN-ExW-120SatTrEF2;0.0;0.0;40.0;EXW_0726
BN-ExW-120SatTrEF3;0.0;0.0;40.0;EXW_0726
BN-ExW-120SatTrEF4;0.0;0.0;40.0;EXW_0726
BN-ExW-120SatTrEF5;0.0;0.0;40.0;EXW_0726
BN-ExW-120SatTrEF6;0.0;0.0;40.0;EXW_0726
BN-ExW-120SatTrEF7;0.0;0.0;40.0;EXW_0726
BN-ExW-120SatTrEF8;0.0;0.0;40.0;EXW_0726
BN-ExW-120SatTrEF9;0.0;0.0;40.0;EXW_0726
BN-ExW-120SatTrWF0;0.0;0.0;40.0;EXW_0726
BN-ExW-120SatTrWF1;0.0;0.0;40.0;EXW_0726
BN-ExW-120SatTrWF10;0.0;0.0;40.0;EXW_0726
BN-ExW-120SatTrWF11;0.0;0.0;40.0;EXW_0726
BN-ExW-120SatTrWF12;0.0;0.0;40.0;EXW_0726
BN-ExW-120SatTrWF13;0.0;0.0;40.0;EXW_0726
BN-ExW-120SatTrWF14;0.0;0.0;40.0;EXW_0726
BN-ExW-120SatTrWF15;0.0;0.0;40.0;EXW_0726
BN-ExW-120SatTrWF16;0.0;0.0;40.0;EXW_0726
BN-ExW-120SatTrWF17;0.0;0.0;40.0;EXW_0726
BN-ExW-120SatTrWF18;0.0;0.0;40.0;EXW_0726
BN-ExW-120SatTrWF19;0.0;0.0;40.0;EXW_0726
BN-ExW-120SatTrWF2;0.0;0.0;40.0;EXW_0726
BN-ExW-120SatTrWF20;0.0;0.0;40.0;EXW_0726
BN-ExW-120SatTrWF21;0.0;0.0;40.0;EXW_0726
BN-ExW-120SatTrWF22;0.0;0.0;40.0;EXW_0726
BN-ExW-120SatTrWF23;0.0;0.0;40.0;EXW_0726
BN-ExW-120SatTrWF24;0.0;0.0;40.0;EXW_0726
BN-ExW-120SatTrWF25;0.0;0.0;40.0;EXW_0726
BN-ExW-120SatTrWF26;0.0;0.0;40.0;EXW_0726
BN-ExW-120SatTrWF27;0.0;0.0;40.0;EXW_0726
BN-ExW-120SatTrWF28;0.0;0.0;40.0;EXW_0726
BN-ExW-120SatTrWF29;0.0;0.0;40.0;EXW_0726
BN-ExW-120SatTrWF3;0.0;0.0;40.0;EXW_0726
BN-ExW-120SatTrWF4;0.0;0.0;40.0;EXW_0726
BN-ExW-120SatTrWF5;0.0;0.0;40.0;EXW_0726
BN-ExW-120SatTrWF6;0.0;0.0;40.0;EXW_0726
BN-ExW-120SatTrWF7;0.0;0.0;40.0;EXW_0726
BN-ExW-120SatTrWF8;0.0;0.0;40.0;EXW_0726
BN-EXW-ROC11;0.0;0.0;65.0;EXW_0726
BN-ExW-120SatTrWF9;0.0;0.0;40.0;EXW_0726
BN-EXW-156-TREFR40;0.0;0.0;40.0;EXW_0726
BN-EXW-156-TREFR41;0.0;0.0;40.0;EXW_0726
BN-EXW-156-TREFR42;0.0;0.0;40.0;EXW_0726
BN-EXW-156-TREFR43;0.0;0.0;40.0;EXW_0726
BN-EXW-156-TREFR44;0.0;0.0;40.0;EXW_0726
BN-EXW-156-TREFR45;0.0;0.0;40.0;EXW_0726
BN-EXW-156-TREFR46;0.0;0.0;40.0;EXW_0726
BN-EXW-156-TREFR47;0.0;0.0;40.0;EXW_0726
BN-EXW-156-TREFR48;0.0;0.0;40.0;EXW_0726
BN-EXW-156-TREFR49;0.0;0.0;40.0;EXW_0726
BN-EXW-156-TREFR50;0.0;0.0;40.0;EXW_0726
BN-EXW-156-TREFR51;0.0;0.0;40.0;EXW_0726
BN-EXW-156-TREFR52;0.0;0.0;40.0;EXW_0726
BN-EXW-156-TREFR53;0.0;0.0;40.0;EXW_0726
BN-EXW-156-TREFR54;0.0;0.0;40.0;EXW_0726
BN-EXW-156-TREFR55;0.0;0.0;40.0;EXW_0726
BN-EXW-22-TREFR0;0.0;0.0;40.0;EXW_0726
BN-EXW-22-TREFR1;0.0;0.0;40.0;EXW_0726
BN-EXW-22-TREFR10;0.0;0.0;40.0;EXW_0726
BN-EXW-22-TREFR11;0.0;0.0;40.0;EXW_0726
BN-EXW-22-TREFR12;0.0;0.0;40.0;EXW_0726
BN-EXW-22-TREFR13;0.0;0.0;40.0;EXW_0726
BN-EXW-22-TREFR14;0.0;0.0;40.0;EXW_0726
BN-EXW-22-TREFR15;0.0;0.0;40.0;EXW_0726
BN-EXW-22-TREFR16;0.0;0.0;40.0;EXW_0726
BN-EXW-22-TREFR17;0.0;0.0;40.0;EXW_0726
BN-EXW-22-TREFR18;0.0;0.0;40.0;EXW_0726
BN-EXW-22-TREFR19;0.0;0.0;40.0;EXW_0726
BN-EXW-22-TREFR2;0.0;0.0;40.0;EXW_0726
BN-EXW-22-TREFR20;0.0;0.0;40.0;EXW_0726
BN-EXW-22-TREFR21;0.0;0.0;40.0;EXW_0726
BN-EXW-22-TREFR22;0.0;0.0;40.0;EXW_0726
BN-EXW-22-TREFR23;0.0;0.0;40.0;EXW_0726
BN-EXW-22-TREFR24;0.0;0.0;40.0;EXW_0726
BN-EXW-22-TREFR25;0.0;0.0;40.0;EXW_0726
BN-EXW-22-TREFR26;0.0;0.0;40.0;EXW_0726
BN-EXW-22-TREFR27;0.0;0.0;40.0;EXW_0726
BN-EXW-22-TREFR3;0.0;0.0;40.0;EXW_0726
BN-EXW-22-TREFR4;0.0;0.0;40.0;EXW_0726
BN-EXW-22-TREFR5;0.0;0.0;40.0;EXW_0726
BN-EXW-22-TREFR6;0.0;0.0;40.0;EXW_0726
BN-EXW-22-TREFR7;0.0;0.0;40.0;EXW_0726
BN-EXW-22-TREFR8;0.0;0.0;40.0;EXW_0726
BN-EXW-22-TREFR9;0.0;0.0;40.0;EXW_0726
BN-EXW-22-TRWFR0;0.0;0.0;40.0;EXW_0726
BN-EXW-22-TRWFR1;0.0;0.0;40.0;EXW_0726
BN-EXW-22-TRWFR10;0.0;0.0;40.0;EXW_0726
BN-EXW-22-TRWFR11;0.0;0.0;40.0;EXW_0726
BN-EXW-22-TRWFR12;0.0;0.0;40.0;EXW_0726
BN-EXW-22-TRWFR13;0.0;0.0;40.0;EXW_0726
BN-EXW-22-TRWFR14;0.0;0.0;40.0;EXW_0726
BN-EXW-22-TRWFR15;0.0;0.0;40.0;EXW_0726
BN-EXW-22-TRWFR16;0.0;0.0;40.0;EXW_0726
BN-EXW-22-TRWFR17;0.0;0.0;40.0;EXW_0726
BN-EXW-22-TRWFR18;0.0;0.0;40.0;EXW_0726
BN-EXW-22-TRWFR19;0.0;0.0;40.0;EXW_0726
BN-EXW-22-TRWFR2;0.0;0.0;40.0;EXW_0726
BN-EXW-22-TRWFR20;0.0;0.0;40.0;EXW_0726
BN-EXW-22-TRWFR21;0.0;0.0;40.0;EXW_0726
BN-EXW-22-TRWFR22;0.0;0.0;40.0;EXW_0726
BN-EXW-22-TRWFR23;0.0;0.0;40.0;EXW_0726
BN-EXW-22-TRWFR24;0.0;0.0;40.0;EXW_0726
BN-EXW-22-TRWFR25;0.0;0.0;40.0;EXW_0726
BN-EXW-22-TRWFR26;0.0;0.0;40.0;EXW_0726
BN-EXW-22-TRWFR27;0.0;0.0;40.0;EXW_0726
BN-EXW-22-TRWFR28;0.0;0.0;40.0;EXW_0726
BN-EXW-22-TRWFR29;0.0;0.0;40.0;EXW_0726
BN-EXW-22-TRWFR3;0.0;0.0;40.0;EXW_0726
BN-EXW-22-TRWFR30;0.0;0.0;40.0;EXW_0726
BN-EXW-22-TRWFR31;0.0;0.0;40.0;EXW_0726
BN-EXW-22-TRWFR32;0.0;0.0;40.0;EXW_0726
BN-EXW-22-TRWFR4;0.0;0.0;40.0;EXW_0726
BN-EXW-22-TRWFR5;0.0;0.0;40.0;EXW_0726
BN-EXW-22-TRWFR6;0.0;0.0;40.0;EXW_0726
BN-EXW-22-TRWFR7;0.0;0.0;40.0;EXW_0726
BN-EXW-22-TRWFR8;0.0;0.0;40.0;EXW_0726
BN-EXW-22-TRWFR9;0.0;0.0;40.0;EXW_0726
BN-EXW-80-Taille1ET1R1;0.0;0.0;40.0;EXW_0726
BN-EXW-80-Taille1ET1R10;0.0;0.0;40.0;EXW_0726
BN-EXW-80-Taille1ET1R11;0.0;0.0;40.0;EXW_0726
BN-EXW-80-Taille1ET1R12;0.0;0.0;40.0;EXW_0726
BN-EXW-80-Taille1ET1R13;0.0;0.0;40.0;EXW_0726
BN-EXW-80-Taille1ET1R14;0.0;0.0;40.0;EXW_0726
BN-EXW-80-Taille1ET1R15;0.0;0.0;40.0;EXW_0726
BN-EXW-80-Taille1ET1R2;0.0;0.0;40.0;EXW_0726
BN-EXW-80-Taille1ET1R3;0.0;0.0;40.0;EXW_0726
BN-EXW-80-Taille1ET1R4;0.0;0.0;40.0;EXW_0726
BN-EXW-80-Taille1ET1R5;0.0;0.0;40.0;EXW_0726
BN-EXW-80-Taille1ET1R6;0.0;0.0;40.0;EXW_0726
BN-EXW-80-Taille1ET1R7;0.0;0.0;40.0;EXW_0726
BN-EXW-80-Taille1ET1R8;0.0;0.0;40.0;EXW_0726
BN-EXW-80-Taille1ET1R9;0.0;0.0;40.0;EXW_0726
BNEWF6;0.0;141.0;41.0;EXW_0726
BN-ExW-100SPTrWF38;0.0;0.0;43.0;EXW_0726
BN-ExW-100SPTrWF39;0.0;0.0;43.0;EXW_0726
BN-ExW-100SPTrWF40;0.0;0.0;43.0;EXW_0726
BN-ExW-100SPTrWF41;0.0;0.0;43.0;EXW_0726
BN-ExW-100SPTrWF42;0.0;0.0;43.0;EXW_0726
BNEWF13;0.0;0.0;45.0;EXW_0726
BN-ExW-100SPTrEF1;0.0;0.0;45.0;EXW_0726
BN-ExW-100SPTrEF10;0.0;0.0;45.0;EXW_0726
BN-ExW-100SPTrEF11;0.0;0.0;45.0;EXW_0726
BN-ExW-100SPTrEF12;0.0;0.0;45.0;EXW_0726
BN-ExW-100SPTrEF13;0.0;0.0;45.0;EXW_0726
BN-ExW-100SPTrEF14;0.0;0.0;45.0;EXW_0726
BN-ExW-100SPTrEF15;0.0;0.0;45.0;EXW_0726
BN-EXW-ROC13;0.0;0.0;65.0;EXW_0726
BN-ExW-100SPTrEF16;0.0;0.0;45.0;EXW_0726
BN-ExW-100SPTrEF17;0.0;0.0;45.0;EXW_0726
BN-ExW-100SPTrEF18;0.0;0.0;45.0;EXW_0726
BN-ExW-100SPTrEF19;0.0;0.0;45.0;EXW_0726
BN-ExW-100SPTrEF2;0.0;0.0;45.0;EXW_0726
BN-ExW-100SPTrEF20;0.0;0.0;45.0;EXW_0726
BN-ExW-100SPTrEF21;0.0;0.0;45.0;EXW_0726
BN-ExW-100SPTrEF22;0.0;0.0;45.0;EXW_0726
BN-ExW-100SPTrEF23;0.0;0.0;45.0;EXW_0726
BN-ExW-100SPTrEF24;0.0;0.0;45.0;EXW_0726
BN-ExW-100SPTrEF25;0.0;0.0;45.0;EXW_0726
BN-ExW-100SPTrEF26;0.0;0.0;45.0;EXW_0726
BN-ExW-100SPTrEF27;0.0;0.0;45.0;EXW_0726
BN-ExW-100SPTrEF28;0.0;0.0;45.0;EXW_0726
BN-ExW-100SPTrEF3;0.0;0.0;45.0;EXW_0726
BN-ExW-100SPTrEF4;0.0;0.0;45.0;EXW_0726
BN-ExW-100SPTrEF5;0.0;0.0;45.0;EXW_0726
BN-ExW-100SPTrEF6;0.0;0.0;45.0;EXW_0726
BN-ExW-100SPTrEF7;0.0;0.0;45.0;EXW_0726
BN-ExW-100SPTrEF8;0.0;0.0;45.0;EXW_0726
BN-ExW-100SPTrEF9;0.0;0.0;45.0;EXW_0726
BN-ExW-100SPTrWF1;0.0;0.0;45.0;EXW_0726
BN-ExW-100SPTrWF10;0.0;0.0;45.0;EXW_0726
BN-ExW-100SPTrWF11;0.0;0.0;45.0;EXW_0726
BN-ExW-100SPTrWF12;0.0;0.0;45.0;EXW_0726
BN-ExW-100SPTrWF13;0.0;0.0;45.0;EXW_0726
BN-ExW-100SPTrWF14;0.0;0.0;45.0;EXW_0726
BN-ExW-100SPTrWF15;0.0;0.0;45.0;EXW_0726
BN-ExW-100SPTrWF16;0.0;0.0;45.0;EXW_0726
BN-ExW-100SPTrWF17;0.0;0.0;45.0;EXW_0726
BN-ExW-100SPTrWF18;0.0;0.0;45.0;EXW_0726
BN-ExW-100SPTrWF19;0.0;0.0;45.0;EXW_0726
BN-ExW-100SPTrWF2;0.0;0.0;45.0;EXW_0726
BN-ExW-100SPTrWF20;0.0;0.0;45.0;EXW_0726
BN-ExW-100SPTrWF21;0.0;0.0;45.0;EXW_0726
BN-ExW-100SPTrWF22;0.0;0.0;45.0;EXW_0726
BN-ExW-100SPTrWF23;0.0;0.0;45.0;EXW_0726
BN-ExW-100SPTrWF24;0.0;0.0;45.0;EXW_0726
BN-ExW-100SPTrWF25;0.0;0.0;45.0;EXW_0726
BN-ExW-100SPTrWF26;0.0;0.0;45.0;EXW_0726
BN-ExW-100SPTrWF27;0.0;0.0;45.0;EXW_0726
BN-ExW-100SPTrWF3;0.0;0.0;45.0;EXW_0726
BN-ExW-100SPTrWF4;0.0;0.0;45.0;EXW_0726
BN-ExW-100SPTrWF5;0.0;0.0;45.0;EXW_0726
BN-ExW-100SPTrWF6;0.0;0.0;45.0;EXW_0726
BN-ExW-100SPTrWF7;0.0;0.0;45.0;EXW_0726
BN-ExW-100SPTrWF8;0.0;0.0;45.0;EXW_0726
BN-ExW-100SPTrWF9;0.0;0.0;45.0;EXW_0726
BN-ExW-120Taille2E2R1;0.0;0.0;45.0;EXW_0726
BN-ExW-120Taille2E2R2;0.0;0.0;45.0;EXW_0726
BN-ExW-120Taille2E2R3;0.0;0.0;45.0;EXW_0726
BN-ExW-120Taille2E2R4;0.0;0.0;45.0;EXW_0726
BN-ExW-120Taille2E2R5;0.0;0.0;45.0;EXW_0726
BN-ExW-120Taille2W2R1;0.0;0.0;45.0;EXW_0726
BN-ExW-120Taille2W2R10;0.0;0.0;45.0;EXW_0726
BN-ExW-120Taille2W2R11;0.0;0.0;45.0;EXW_0726
BN-ExW-120Taille2W2R12;0.0;0.0;45.0;EXW_0726
BN-ExW-120Taille2W2R13;0.0;0.0;45.0;EXW_0726
BN-ExW-120Taille2W2R14;0.0;0.0;45.0;EXW_0726
BN-ExW-120Taille2W2R15;0.0;0.0;45.0;EXW_0726
BN-ExW-120Taille2W2R16;0.0;0.0;45.0;EXW_0726
BN-ExW-120Taille2W2R17;0.0;0.0;45.0;EXW_0726
BN-ExW-120Taille2W2R18;0.0;0.0;45.0;EXW_0726
BN-ExW-120Taille2W2R19;0.0;0.0;45.0;EXW_0726
BN-ExW-80TrWF54;0.0;0.0;45.0;EXW_0726
BN-ExW-120Taille2W2R2;0.0;0.0;45.0;EXW_0726
BN-ExW-120Taille2W2R20;0.0;0.0;45.0;EXW_0726
BN-ExW-120Taille2W2R3;0.0;0.0;45.0;EXW_0726
BN-ExW-120Taille2W2R4;0.0;0.0;45.0;EXW_0726
BN-ExW-120Taille2W2R5;0.0;0.0;45.0;EXW_0726
BN-ExW-120Taille2W2R6;0.0;0.0;45.0;EXW_0726
BN-ExW-120Taille2W2R7;0.0;0.0;45.0;EXW_0726
BN-ExW-120Taille2W2R8;0.0;0.0;45.0;EXW_0726
BN-ExW-120Taille2W2R9;0.0;0.0;45.0;EXW_0726
BN-EXW-80-Taille1WT3R10;0.0;0.0;45.0;EXW_0726
BN-EXW-80-Taille1WT3R11;0.0;0.0;45.0;EXW_0726
BN-EXW-80-Taille1WT3R12;0.0;0.0;45.0;EXW_0726
BN-EXW-80-Taille1WT3R13;0.0;0.0;45.0;EXW_0726
BN-EXW-80-Taille1WT3R14;0.0;0.0;45.0;EXW_0726
BN-EXW-80-Taille1WT3R15;0.0;0.0;45.0;EXW_0726
BN-EXW-80-Taille1WT3R2;0.0;0.0;45.0;EXW_0726
BN-EXW-80-Taille1WT3R3;0.0;0.0;45.0;EXW_0726
BN-EXW-80-Taille1WT3R4;0.0;0.0;45.0;EXW_0726
BN-EXW-80-Taille1WT3R5;0.0;0.0;45.0;EXW_0726
BN-EXW-80-Taille1WT3R6;0.0;0.0;45.0;EXW_0726
BN-EXW-80-Taille1WT3R7;0.0;0.0;45.0;EXW_0726
BN-EXW-80-Taille1WT3R8;0.0;0.0;45.0;EXW_0726
BN-EXW-80-Taille1WT3R9;0.0;0.0;45.0;EXW_0726
BN-EXW-80-Taille2ET4R1;0.0;0.0;45.0;EXW_0726
BN-EXW-80-Taille2ET4R10;0.0;322.0;45.0;EXW_0726
BN-EXW-80-Taille2ET4R11;0.0;0.0;45.0;EXW_0726
BN-EXW-80-Taille2ET4R12;0.0;0.0;45.0;EXW_0726
BN-EXW-80-Taille2ET4R13;0.0;0.0;45.0;EXW_0726
BN-EXW-80-Taille2ET4R14;0.0;0.0;45.0;EXW_0726
BN-EXW-80-Taille2ET4R15;0.0;0.0;45.0;EXW_0726
BN-EXW-80-Taille2ET4R16;0.0;0.0;45.0;EXW_0726
BN-EXW-80-Taille2ET4R17;0.0;0.0;45.0;EXW_0726
BN-EXW-80-Taille2ET4R18;0.0;0.0;45.0;EXW_0726
BN-EXW-80-Taille2ET4R19;0.0;0.0;45.0;EXW_0726
BN-EXW-80-Taille2ET4R2;0.0;0.0;45.0;EXW_0726
BN-EXW-80-Taille2ET4R20;0.0;0.0;45.0;EXW_0726
BN-EXW-80-Taille2ET4R21;0.0;0.0;45.0;EXW_0726
BN-EXW-80-Taille2ET4R22;0.0;0.0;45.0;EXW_0726
BN-EXW-80-Taille2ET4R23;0.0;0.0;45.0;EXW_0726
BN-EXW-80-Taille2ET4R24;0.0;0.0;45.0;EXW_0726
BN-EXW-80-Taille2ET4R25;0.0;0.0;45.0;EXW_0726
BN-EXW-80-Taille2ET4R26;0.0;0.0;45.0;EXW_0726
BN-EXW-80-Taille2ET4R27;0.0;0.0;45.0;EXW_0726
BN-EXW-80-Taille2ET4R28;0.0;0.0;45.0;EXW_0726
BN-EXW-80-Taille2ET4R29;0.0;0.0;45.0;EXW_0726
BN-EXW-80-Taille2ET4R3;0.0;0.0;45.0;EXW_0726
BN-EXW-80-Taille2ET4R30;0.0;0.0;45.0;EXW_0726
BN-EXW-80-Taille2ET4R31;0.0;0.0;45.0;EXW_0726
BN-EXW-80-Taille2ET4R32;0.0;0.0;45.0;EXW_0726
BN-EXW-80-Taille2ET4R33;0.0;0.0;45.0;EXW_0726
BN-EXW-80-Taille2ET4R34;0.0;0.0;45.0;EXW_0726
BN-EXW-80-Taille2ET4R35;0.0;0.0;45.0;EXW_0726
BN-EXW-80-Taille2ET4R36;0.0;0.0;45.0;EXW_0726
BN-EXW-80-Taille2ET4R37;0.0;0.0;45.0;EXW_0726
BN-EXW-80-Taille2ET4R38;0.0;0.0;45.0;EXW_0726
BN-EXW-80-Taille2ET4R39;0.0;0.0;45.0;EXW_0726
BN-EXW-80-Taille2ET4R4;0.0;0.0;45.0;EXW_0726
BN-EXW-80-Taille2ET4R40;0.0;0.0;45.0;EXW_0726
BN-EXW-80-Taille2ET4R5;0.0;37.0;45.0;EXW_0726
BN-EXW-80-Taille2ET4R6;0.0;37.0;45.0;EXW_0726
BN-EXW-80-Taille2ET4R7;0.0;0.0;45.0;EXW_0726
BN-EXW-80-Taille2ET4R8;0.0;322.0;45.0;EXW_0726
BN-EXW-80-Taille2ET4R9;0.0;322.0;45.0;EXW_0726
BN-ExW-80TrWF0;0.0;0.0;45.0;EXW_0726
BN-ExW-80TrWF1;0.0;0.0;45.0;EXW_0726
BN-ExW-80TrWF10;0.0;0.0;45.0;EXW_0726
BN-ExW-80TrWF11;0.0;0.0;45.0;EXW_0726
BN-ExW-80TrWF12;0.0;0.0;45.0;EXW_0726
BN-ExW-80TrWF13;0.0;0.0;45.0;EXW_0726
BN-ExW-80TrWF14;0.0;0.0;45.0;EXW_0726
BN-ExW-80TrWF15;0.0;0.0;45.0;EXW_0726
BN-ExW-80TrWF16;0.0;0.0;45.0;EXW_0726
BN-ExW-80TrWF17;0.0;0.0;45.0;EXW_0726
BN-ExW-80TrWF18;0.0;0.0;45.0;EXW_0726
BN-ExW-80TrWF19;0.0;0.0;45.0;EXW_0726
BN-ExW-80TrWF2;0.0;0.0;45.0;EXW_0726
BN-ExW-80TrWF20;0.0;0.0;45.0;EXW_0726
BN-ExW-80TrWF21;0.0;0.0;45.0;EXW_0726
BN-ExW-80TrWF22;0.0;0.0;45.0;EXW_0726
BN-ExW-80TrWF23;0.0;0.0;45.0;EXW_0726
BN-ExW-80TrWF24;0.0;0.0;45.0;EXW_0726
BN-ExW-80TrWF25;0.0;0.0;45.0;EXW_0726
BN-ExW-80TrWF26;0.0;0.0;45.0;EXW_0726
BN-ExW-80TrWF27;0.0;0.0;45.0;EXW_0726
BN-ExW-80TrWF28;0.0;0.0;45.0;EXW_0726
BN-ExW-80TrWF29;0.0;0.0;45.0;EXW_0726
BN-ExW-80TrWF3;0.0;0.0;45.0;EXW_0726
BN-ExW-80TrWF30;0.0;0.0;45.0;EXW_0726
BN-ExW-80TrWF31;0.0;0.0;45.0;EXW_0726
BN-ExW-80TrWF32;0.0;0.0;45.0;EXW_0726
BN-ExW-80TrWF33;0.0;0.0;45.0;EXW_0726
BN-ExW-80TrWF34;0.0;0.0;45.0;EXW_0726
BN-ExW-80TrWF35;0.0;0.0;45.0;EXW_0726
BN-ExW-80TrWF36;0.0;0.0;45.0;EXW_0726
BN-ExW-80TrWF37;0.0;0.0;45.0;EXW_0726
BN-ExW-80TrWF38;0.0;0.0;45.0;EXW_0726
BN-ExW-80TrWF39;0.0;0.0;45.0;EXW_0726
BN-ExW-80TrWF4;0.0;0.0;45.0;EXW_0726
BN-ExW-80TrWF40;0.0;0.0;45.0;EXW_0726
BN-ExW-80TrWF41;0.0;0.0;45.0;EXW_0726
BN-ExW-80TrWF42;0.0;0.0;45.0;EXW_0726
BN-ExW-80TrWF43;0.0;0.0;45.0;EXW_0726
BN-ExW-80TrWF44;0.0;0.0;45.0;EXW_0726
BN-ExW-80TrWF45;0.0;0.0;45.0;EXW_0726
BN-ExW-80TrWF46;0.0;0.0;45.0;EXW_0726
BN-ExW-80TrWF47;0.0;0.0;45.0;EXW_0726
BN-ExW-80TrWF48;0.0;0.0;45.0;EXW_0726
BN-ExW-80TrWF49;0.0;0.0;45.0;EXW_0726
BN-ExW-80TrWF5;0.0;0.0;45.0;EXW_0726
BN-ExW-80TrWF50;0.0;0.0;45.0;EXW_0726
BN-ExW-80TrWF51;0.0;0.0;45.0;EXW_0726
BN-ExW-80TrWF53;0.0;0.0;45.0;EXW_0726
BN-ExW-80TrWF55;0.0;0.0;45.0;EXW_0726
BN-ExW-80TrWF56;0.0;0.0;45.0;EXW_0726
BN-ExW-80TrWF57;0.0;0.0;45.0;EXW_0726
BN-ExW-80TrWF58;0.0;0.0;45.0;EXW_0726
BN-ExW-80TrWF59;0.0;0.0;45.0;EXW_0726
BN-ExW-80TrWF6;0.0;0.0;45.0;EXW_0726
BN-ExW-80TrWF60;0.0;0.0;45.0;EXW_0726
BN-ExW-80TrWF61;0.0;0.0;45.0;EXW_0726
BN-ExW-80TrWF62;0.0;0.0;45.0;EXW_0726
BN-ExW-80TrWF7;0.0;0.0;45.0;EXW_0726
BN-ExW-80TrWF8;0.0;0.0;45.0;EXW_0726
BN-ExW-80TrWF9;0.0;0.0;45.0;EXW_0726
BNEWF2;0.0;185.0;46.0;EXW_0726
BN-ExW-120SPTrEF0;0.0;0.0;48.0;EXW_0726
BN-ExW-120SPTrEF1;0.0;0.0;48.0;EXW_0726
BN-ExW-120SPTrEF10;0.0;0.0;48.0;EXW_0726
BN-ExW-120SPTrEF11;0.0;0.0;48.0;EXW_0726
BN-ExW-120SPTrEF12;0.0;0.0;48.0;EXW_0726
BN-ExW-120SPTrEF13;0.0;0.0;48.0;EXW_0726
BN-ExW-120SPTrEF14;0.0;0.0;48.0;EXW_0726
BN-ExW-120SPTrEF15;0.0;0.0;48.0;EXW_0726
BN-ExW-120SPTrEF16;0.0;0.0;48.0;EXW_0726
BN-ExW-120SPTrEF17;0.0;0.0;48.0;EXW_0726
BN-ExW-120SPTrEF18;0.0;0.0;48.0;EXW_0726
BN-ExW-120SPTrEF19;0.0;0.0;48.0;EXW_0726
BN-ExW-120SPTrEF2;0.0;0.0;48.0;EXW_0726
BN-ExW-120SPTrEF20;0.0;0.0;48.0;EXW_0726
BN-ExW-120SPTrEF21;0.0;0.0;48.0;EXW_0726
BN-ExW-120SPTrEF22;0.0;0.0;48.0;EXW_0726
BN-ExW-120SPTrEF23;0.0;0.0;48.0;EXW_0726
BN-ExW-120SPTrEF24;0.0;0.0;48.0;EXW_0726
BN-ExW-120SPTrEF25;0.0;0.0;48.0;EXW_0726
BN-ExW-120SPTrEF26;0.0;0.0;48.0;EXW_0726
BN-ExW-120SPTrEF27;0.0;0.0;48.0;EXW_0726
BN-ExW-120SPTrEF28;0.0;0.0;48.0;EXW_0726
BN-ExW-120SPTrEF29;0.0;0.0;48.0;EXW_0726
BN-ExW-120SPTrEF3;0.0;0.0;48.0;EXW_0726
BN-ExW-120SPTrEF30;0.0;0.0;48.0;EXW_0726
BN-ExW-120SPTrEF4;0.0;0.0;48.0;EXW_0726
BN-ExW-120SPTrEF5;0.0;0.0;48.0;EXW_0726
BN-ExW-120SPTrEF6;0.0;0.0;48.0;EXW_0726
BN-ExW-120SPTrEF7;0.0;0.0;48.0;EXW_0726
BN-ExW-120SPTrEF8;0.0;0.0;48.0;EXW_0726
BN-ExW-120SPTrEF9;0.0;0.0;48.0;EXW_0726
BN-ExW-120SPTrWF0;0.0;0.0;48.0;EXW_0726
BN-ExW-120SPTrWF1;0.0;0.0;48.0;EXW_0726
BN-ExW-120SPTrWF10;0.0;0.0;48.0;EXW_0726
BN-ExW-120SPTrWF11;0.0;0.0;48.0;EXW_0726
BN-ExW-120SPTrWF12;0.0;0.0;48.0;EXW_0726
BN-ExW-120SPTrWF13;0.0;0.0;48.0;EXW_0726
BN-ExW-120SPTrWF14;0.0;0.0;48.0;EXW_0726
BN-ExW-120SPTrWF15;0.0;0.0;48.0;EXW_0726
BN-ExW-120SPTrWF16;0.0;0.0;48.0;EXW_0726
BN-ExW-120SPTrWF17;0.0;0.0;48.0;EXW_0726
BN-ExW-120SPTrWF18;0.0;0.0;48.0;EXW_0726
BN-ExW-120SPTrWF19;0.0;0.0;48.0;EXW_0726
BN-ExW-120SPTrWF2;0.0;0.0;48.0;EXW_0726
BN-ExW-120SPTrWF20;0.0;0.0;48.0;EXW_0726
BN-ExW-120SPTrWF21;0.0;0.0;48.0;EXW_0726
BN-ExW-120SPTrWF22;0.0;0.0;48.0;EXW_0726
BN-ExW-120SPTrWF23;0.0;0.0;48.0;EXW_0726
BN-ExW-120SPTrWF24;0.0;0.0;48.0;EXW_0726
BN-ExW-120SPTrWF25;0.0;0.0;48.0;EXW_0726
BN-ExW-120SPTrWF26;0.0;0.0;48.0;EXW_0726
BN-ExW-120SPTrWF27;0.0;0.0;48.0;EXW_0726
BN-ExW-120SPTrWF28;0.0;0.0;48.0;EXW_0726
BN-ExW-120SPTrWF29;0.0;0.0;48.0;EXW_0726
BN-ExW-120SPTrWF3;0.0;0.0;48.0;EXW_0726
BN-ExW-120SPTrWF30;0.0;0.0;48.0;EXW_0726
BN-ExW-120SPTrWF31;0.0;0.0;48.0;EXW_0726
BN-ExW-120SPTrWF32;0.0;0.0;48.0;EXW_0726
BN-ExW-120SPTrWF33;0.0;0.0;48.0;EXW_0726
BN-ExW-120SPTrWF34;0.0;0.0;48.0;EXW_0726
BN-ExW-120SPTrWF35;0.0;0.0;48.0;EXW_0726
BN-ExW-120SPTrWF36;0.0;0.0;48.0;EXW_0726
BN-ExW-120SPTrWF37;0.0;0.0;48.0;EXW_0726
BN-ExW-120SPTrWF38;0.0;0.0;48.0;EXW_0726
BN-ExW-120SPTrWF39;0.0;0.0;48.0;EXW_0726
BN-ExW-120SPTrWF4;0.0;0.0;48.0;EXW_0726
BN-ExW-120SPTrWF40;0.0;0.0;48.0;EXW_0726
BN-ExW-120SPTrWF41;0.0;0.0;48.0;EXW_0726
BN-ExW-120SPTrWF42;0.0;0.0;48.0;EXW_0726
BN-ExW-120SPTrWF43;0.0;0.0;48.0;EXW_0726
BN-ExW-120SPTrWF44;0.0;0.0;48.0;EXW_0726
BN-ExW-120SPTrWF45;0.0;0.0;48.0;EXW_0726
BN-ExW-120SPTrWF46;0.0;0.0;48.0;EXW_0726
BN-ExW-120SPTrWF47;0.0;0.0;48.0;EXW_0726
BN-ExW-120SPTrWF48;0.0;0.0;48.0;EXW_0726
BN-ExW-120SPTrWF49;0.0;0.0;48.0;EXW_0726
BN-ExW-120SPTrWF5;0.0;0.0;48.0;EXW_0726
BN-ExW-120SPTrWF50;0.0;0.0;48.0;EXW_0726
BN-ExW-120SPTrWF51;0.0;0.0;48.0;EXW_0726
BN-ExW-120SPTrWF52;0.0;0.0;48.0;EXW_0726
BN-ExW-120SPTrWF53;0.0;0.0;48.0;EXW_0726
BN-ExW-120SPTrWF54;0.0;0.0;48.0;EXW_0726
BN-ExW-120SPTrWF55;0.0;0.0;48.0;EXW_0726
BN-ExW-120SPTrWF56;0.0;0.0;48.0;EXW_0726
BN-ExW-120SPTrWF57;0.0;0.0;48.0;EXW_0726
BN-ExW-120SPTrWF58;0.0;0.0;48.0;EXW_0726
BN-ExW-120SPTrWF59;0.0;0.0;48.0;EXW_0726
BN-ExW-120SPTrWF6;0.0;0.0;48.0;EXW_0726
BN-ExW-120SPTrWF60;0.0;0.0;48.0;EXW_0726
BN-ExW-120SPTrWF61;0.0;0.0;48.0;EXW_0726
BN-ExW-120SPTrWF62;0.0;0.0;48.0;EXW_0726
BN-ExW-120SPTrWF63;0.0;0.0;48.0;EXW_0726
BN-ExW-120SPTrWF64;0.0;0.0;48.0;EXW_0726
BN-ExW-120SPTrWF65;0.0;0.0;48.0;EXW_0726
BN-ExW-120SPTrWF66;0.0;0.0;48.0;EXW_0726
BN118;0.0;5.0;60.0;EXW_0726
BN-ExW-120SPTrWF67;0.0;0.0;48.0;EXW_0726
BN-ExW-120SPTrWF68;0.0;0.0;48.0;EXW_0726
BN-ExW-120SPTrWF69;0.0;0.0;48.0;EXW_0726
BN-ExW-120SPTrWF7;0.0;0.0;48.0;EXW_0726
BN-ExW-120SPTrWF70;0.0;0.0;48.0;EXW_0726
BN-ExW-120SPTrWF71;0.0;0.0;48.0;EXW_0726
BN-ExW-120SPTrWF72;0.0;0.0;48.0;EXW_0726
BN-ExW-120SPTrWF73;0.0;0.0;48.0;EXW_0726
BN-ExW-120SPTrWF74;0.0;0.0;48.0;EXW_0726
BN-ExW-120SPTrWF75;0.0;0.0;48.0;EXW_0726
BN-ExW-120SPTrWF76;0.0;0.0;48.0;EXW_0726
BN-ExW-120SPTrWF77;0.0;0.0;48.0;EXW_0726
BN-ExW-120SPTrWF78;0.0;0.0;48.0;EXW_0726
BN-ExW-120SPTrWF79;0.0;0.0;48.0;EXW_0726
BN-ExW-120SPTrWF8;0.0;0.0;48.0;EXW_0726
BN-ExW-120SPTrWF80;0.0;0.0;48.0;EXW_0726
BN-ExW-120SPTrWF9;0.0;0.0;48.0;EXW_0726
BN_EXWPL10;0.0;0.0;50.0;EXW_0726
BN-ExW-120Taille2E1R1;0.0;0.0;50.0;EXW_0726
BN-ExW-120Taille2E1R10;0.0;0.0;50.0;EXW_0726
BN-ExW-120Taille2E1R11;0.0;0.0;50.0;EXW_0726
BN-ExW-120Taille2E1R12;0.0;0.0;50.0;EXW_0726
BN-ExW-120Taille2E1R13;0.0;0.0;50.0;EXW_0726
BN-ExW-120Taille2E1R14;0.0;0.0;50.0;EXW_0726
BN-ExW-120Taille2E1R15;0.0;0.0;50.0;EXW_0726
BN-ExW-120Taille2E1R16;0.0;0.0;50.0;EXW_0726
BN-ExW-120Taille2E1R17;0.0;0.0;50.0;EXW_0726
BN-ExW-120Taille2E1R18;0.0;0.0;50.0;EXW_0726
BN-ExW-120Taille2E1R19;0.0;0.0;50.0;EXW_0726
BN-ExW-120Taille2E1R2;0.0;0.0;50.0;EXW_0726
BN-ExW-120Taille2E1R20;0.0;0.0;50.0;EXW_0726
BN-ExW-120Taille2E1R21;0.0;0.0;50.0;EXW_0726
BN-ExW-120Taille2E1R3;0.0;0.0;50.0;EXW_0726
BN-ExW-120Taille2E1R4;0.0;0.0;50.0;EXW_0726
BN-ExW-120Taille2E1R5;0.0;0.0;50.0;EXW_0726
BN-ExW-120Taille2E1R6;0.0;0.0;50.0;EXW_0726
BN-ExW-120Taille2E1R7;0.0;0.0;50.0;EXW_0726
BN-ExW-120Taille2E1R9;0.0;0.0;50.0;EXW_0726
BN-EXW-80-Taille1WT1R1;0.0;0.0;50.0;EXW_0726
BN-EXW-80-Taille1WT1R2;0.0;0.0;50.0;EXW_0726
BN-EXW-80-Taille1WT1R3;0.0;0.0;50.0;EXW_0726
BN-EXW-80-Taille1WT1R4;0.0;0.0;50.0;EXW_0726
BN-EXW-80-Taille1WT1R5;0.0;0.0;50.0;EXW_0726
BN-EXW-80-Taille1WT1R6;0.0;0.0;50.0;EXW_0726
S34;0.0;10.0;50.0;EXW_0726
S43;0.0;5.0;50.0;EXW_0726
S61;0.0;10.0;50.0;EXW_0726
BN124;0.0;5.0;55.0;EXW_0726
BNCis80;0.0;10.0;55.0;EXW_0726
BNCis82;0.0;10.0;55.0;EXW_0726
BNCis140;0.0;5.0;56.0;EXW_0726
BNCis163;0.0;5.0;56.0;EXW_0726
EXW_UG_003Bis;6.0;0.0;56.3;EXW_0726
EXW_UG_003Bis;9.0;0.0;56.49;EXW_0726
EXW_UG_003Bis;0.0;0.0;56.54;EXW_0726
EXW_UG_003Bis;3.0;0.0;56.54;EXW_0726
EXW_UG_003Bis;12.0;0.0;56.61;EXW_0726
EXW_UG_003Bis;15.0;0.0;56.67;EXW_0726
EXW_UG_003Bis;18.0;0.0;56.68;EXW_0726
EXW_UG_003Bis;21.0;0.0;56.75;EXW_0726
EXW_UG_003Bis;30.0;1.0;56.91;EXW_0726
EXW_UG_003Bis;27.0;0.0;56.93;EXW_0726
EXW_UG_003Bis;24.0;0.0;56.97;EXW_0726
BNCis171;0.0;5.0;57.0;EXW_0726
EXW_UG_002;12.0;0.0;57.0;EXW_0726
EXW_UG_002;6.0;0.0;57.03;EXW_0726
EXW_UG_003Bis;33.0;1.0;57.08;EXW_0726
EXW_UG_002;9.0;0.0;57.33;EXW_0726
EXW_UG_003Bis;39.0;1.0;57.39;EXW_0726
EXW_UG_002;0.0;0.0;57.44;EXW_0726
EXW_UG_002;3.0;0.0;57.45;EXW_0726
EXW_UG_003Bis;36.0;1.0;57.46;EXW_0726
EXW_UG_003Bis;42.0;0.0;57.48;EXW_0726
EXW_UG_002;15.0;0.0;57.6;EXW_0726
EXW_UG_003Bis;45.0;1.0;57.71;EXW_0726
EXW_UG_002;18.0;0.0;57.92;EXW_0726
BNCis141;0.0;5.0;58.0;EXW_0726
EXW_UG_002;21.0;0.0;58.09;EXW_0726
EXW_UG_003Bis;48.0;1.0;58.16;EXW_0726
EXW_UG_003Bis;54.0;1.0;58.32;EXW_0726
EXW_UG_002;24.0;0.0;58.39;EXW_0726
EXW_UG_003Bis;51.0;1.0;58.41;EXW_0726
EXW_UG_003Bis;60.0;1.0;58.57;EXW_0726
EXW_UG_003Bis;57.0;1.0;58.59;EXW_0726
EXW_UG_003Bis;63.0;1.0;58.61;EXW_0726
EXW_UG_002;27.0;0.0;58.62;EXW_0726
EXW_UG_002;33.0;0.0;58.63;EXW_0726
EXW_UG_002;57.0;359.0;58.64;EXW_0726
EXW_UG_002;54.0;359.0;58.69;EXW_0726
EXW_UG_002;30.0;0.0;58.73;EXW_0726
EXW_UG_002;51.0;359.0;58.73;EXW_0726
EXW_UG_002;60.0;359.0;58.73;EXW_0726
EXW_UG_002;42.0;0.0;58.74;EXW_0726
EXW_UG_002;36.0;0.0;58.75;EXW_0726
EXW_UG_002;48.0;359.0;58.78;EXW_0726
EXW_UG_002;45.0;0.0;58.79;EXW_0726
EXW_UG_003Bis;87.0;1.0;58.79;EXW_0726
EXW_UG_003Bis;69.0;1.0;58.82;EXW_0726
EXW_UG_003Bis;66.0;1.0;58.89;EXW_0726
EXW_UG_003Bis;78.0;1.0;58.89;EXW_0726
EXW_UG_002;39.0;0.0;58.91;EXW_0726
EXW_UG_003Bis;96.0;2.0;58.92;EXW_0726
EXW_UG_003Bis;81.0;1.0;58.94;EXW_0726
EXW_UG_003Bis;84.0;1.0;58.94;EXW_0726
EXW_UG_002;63.0;359.0;58.95;EXW_0726
EXW_UG_003Bis;72.0;1.0;58.95;EXW_0726
EXW_UG_003Bis;90.0;1.0;58.98;EXW_0726
EXW_UG_002;66.0;359.0;59.03;EXW_0726
EXW_UG_003Bis;75.0;1.0;59.05;EXW_0726
EXW_UG_003Bis;93.0;1.0;59.06;EXW_0726
EXW_UG_002;75.0;359.0;59.15;EXW_0726
EXW_UG_002;78.0;359.0;59.17;EXW_0726
EXW_UG_002;72.0;359.0;59.28;EXW_0726
EXW_UG_002;69.0;359.0;59.3;EXW_0726
EXW_UG_003Bis;99.0;2.0;59.42;EXW_0726
BN121;0.0;5.0;60.0;EXW_0726
BN125;0.0;5.0;60.0;EXW_0726
BN126;0.0;5.0;60.0;EXW_0726
BN129;0.0;5.0;60.0;EXW_0726
BN129;50.0;5.0;60.0;EXW_0726
BN168;0.0;10.0;60.0;EXW_0726
BN169;0.0;10.0;60.0;EXW_0726
BN98;0.0;5.0;60.0;EXW_0726
BN98;50.0;5.0;60.0;EXW_0726
BN98;100.0;5.0;60.0;EXW_0726
BN98;190.0;5.0;60.0;EXW_0726
BNCis138;0.0;5.0;60.0;EXW_0726
BNCis142;0.0;5.0;60.0;EXW_0726
BNCis143;0.0;5.0;60.0;EXW_0726
BNCis145;0.0;5.0;60.0;EXW_0726
BNCis146;0.0;10.0;60.0;EXW_0726
BNCis148;0.0;10.0;60.0;EXW_0726
BNCis150;0.0;10.0;60.0;EXW_0726
BNCis169;0.0;5.0;60.0;EXW_0726
BNCis172;0.0;5.0;60.0;EXW_0726
BNCis179;0.0;10.0;60.0;EXW_0726
BNCis79;0.0;5.0;60.0;EXW_0726
BNCis83;0.0;5.0;60.0;EXW_0726
BNCis84;0.0;5.0;60.0;EXW_0726
BNCis94;0.0;10.0;60.0;EXW_0726
BNEWF12;0.0;0.0;60.0;EXW_0726
BNCis177;0.0;10.0;61.0;EXW_0726
BN129;121.0;5.0;62.0;EXW_0726
BN132;0.0;10.0;62.0;EXW_0726
BNCis85;0.0;5.0;62.0;EXW_0726
BN175;0.0;10.0;63.0;EXW_0726
BNCis87;0.0;5.0;64.0;EXW_0726
BN115;0.0;5.0;65.0;EXW_0726
BN116;0.0;5.0;65.0;EXW_0726
BN127;100.0;5.0;65.0;EXW_0726
BN127;50.0;5.0;65.0;EXW_0726
BN127;0.0;5.0;65.0;EXW_0726
BN133;124.0;10.0;65.0;EXW_0726
BN133;0.0;10.0;65.0;EXW_0726
BN133;60.0;10.0;65.0;EXW_0726
BN167;0.0;10.0;65.0;EXW_0726
BN182;0.0;5.0;65.0;EXW_0726
BN187;0.0;5.0;65.0;EXW_0726
BN190;0.0;5.0;65.0;EXW_0726
BNCis162;0.0;5.0;65.0;EXW_0726
BNCis165;0.0;5.0;65.0;EXW_0726
BNCis174;0.0;10.0;65.0;EXW_0726
BNCis89;0.0;5.0;65.0;EXW_0726
BNCis91;0.0;5.0;65.0;EXW_0726
BNCis96;0.0;5.0;65.0;EXW_0726
BN-EXW-ROC1;0.0;0.0;65.0;EXW_0726
BN-EXW-ROC15;0.0;0.0;65.0;EXW_0726
BN-EXW-ROC17;0.0;0.0;65.0;EXW_0726
BN-EXW-ROC19;0.0;0.0;65.0;EXW_0726
BN-EXW-ROC21;0.0;0.0;65.0;EXW_0726
BN-EXW-ROC23;0.0;0.0;65.0;EXW_0726
BN-EXW-ROC3;0.0;0.0;65.0;EXW_0726
BN-EXW-ROC5;0.0;0.0;65.0;EXW_0726
BN-EXW-ROC7;0.0;0.0;65.0;EXW_0726
BN-EXW-ROC9;0.0;0.0;65.0;EXW_0726
BNCis92;0.0;5.0;66.0;EXW_0726
BN190;50.0;6.0;66.67;EXW_0726
BN127;157.0;5.0;67.0;EXW_0726
BN204;264.0;359.0;67.0;EXW_0726
BNCis175;0.0;10.0;67.0;EXW_0726
BN187;50.0;6.0;67.35;EXW_0726
BN187;187.0;2.0;67.38;EXW_0726
BN187;100.0;5.0;67.41;EXW_0726
BN204;150.0;0.0;68.0;EXW_0726
BNCis90;0.0;5.0;68.0;EXW_0726
BNCis97;0.0;5.0;68.0;EXW_0726
BN190;100.0;5.0;68.02;EXW_0726
BN204;200.0;0.0;68.5;EXW_0726
BN190;150.0;2.0;68.67;EXW_0726
BN123bis;100.0;5.0;69.0;EXW_0726
BN123bis;188.0;5.0;69.0;EXW_0726
BN179;0.0;5.0;69.0;EXW_0726
BN204;50.0;4.0;69.0;EXW_0726
BNCis176;0.0;10.0;69.0;EXW_0726
BN204;100.0;2.0;69.5;EXW_0726
BN111;0.0;10.0;70.0;EXW_0726
BN123bis;0.0;5.0;70.0;EXW_0726
BN123bis;50.0;5.0;70.0;EXW_0726
BN204;0.0;5.0;70.0;EXW_0726
BN217;0.0;0.0;70.0;EXW_0726
BNCis164;0.0;5.0;70.0;EXW_0726
BNCis167;0.0;5.0;70.0;EXW_0726
BNCis173;0.0;10.0;70.0;EXW_0726
BNCis95;0.0;10.0;70.0;EXW_0726
BN_EXWPL09;36.0;0.0;70.33;EXW_0726
BN_EXWPL09;15.0;0.0;70.49;EXW_0726
BN_EXWPL09;6.0;0.0;70.5;EXW_0726
BN_EXWPL09;33.0;1.0;70.51;EXW_0726
BN_EXWPL09;3.0;0.0;70.53;EXW_0726
BN_EXWPL09;81.0;0.0;70.53;EXW_0726
BN_EXWPL09;0.0;0.0;70.54;EXW_0726
BN_EXWPL09;42.0;0.0;70.55;EXW_0726
BN_EXWPL09;9.0;0.0;70.57;EXW_0726
BN_EXWPL09;39.0;0.0;70.58;EXW_0726
BN_EXWPL09;78.0;0.0;70.58;EXW_0726
BN_EXWPL09;84.0;0.0;70.58;EXW_0726
BN_EXWPL09;12.0;0.0;70.62;EXW_0726
BN_EXWPL09;57.0;0.0;70.63;EXW_0726
BN_EXWPL09;75.0;0.0;70.66;EXW_0726
BN_EXWPL09;96.0;1.0;70.66;EXW_0726
BN_EXWPL09;129.0;1.0;70.66;EXW_0726
BN_EXWPL09;54.0;1.0;70.69;EXW_0726
BN_EXWPL09;18.0;0.0;70.7;EXW_0726
BN_EXWPL09;87.0;0.0;70.7;EXW_0726
BN_EXWPL09;126.0;1.0;70.7;EXW_0726
BN_EXWPL09;51.0;1.0;70.71;EXW_0726
BN_EXWPL09;90.0;0.0;70.71;EXW_0726
BN_EXWPL09;60.0;1.0;70.73;EXW_0726
BN_EXWPL09;72.0;0.0;70.73;EXW_0726
BN_EXWPL09;30.0;0.0;70.74;EXW_0726
BN_EXWPL09;63.0;1.0;70.74;EXW_0726
BN_EXWPL09;27.0;0.0;70.75;EXW_0726
BN_EXWPL09;45.0;0.0;70.75;EXW_0726
BN_EXWPL09;24.0;0.0;70.76;EXW_0726
BN_EXWPL09;66.0;1.0;70.76;EXW_0726
BN_EXWPL09;21.0;0.0;70.77;EXW_0726
BN_EXWPL09;93.0;0.0;70.77;EXW_0726
BN_EXWPL09;123.0;1.0;70.77;EXW_0726
BN_EXWPL09;69.0;1.0;70.81;EXW_0726
BN_EXWPL09;132.0;1.0;70.83;EXW_0726
BN_EXWPL09;111.0;1.0;70.89;EXW_0726
BN_EXWPL09;100.0;1.0;70.9;EXW_0726
BN_EXWPL09;102.0;1.0;70.9;EXW_0726
BN_EXWPL09;105.0;1.0;70.9;EXW_0726
BN_EXWPL09;114.0;1.0;70.9;EXW_0726
BN_EXWPL09;117.0;1.0;70.9;EXW_0726
BN_EXWPL09;48.0;0.0;70.91;EXW_0726
BN_EXWPL09;108.0;1.0;70.91;EXW_0726
BN_EXWPL09;120.0;1.0;70.91;EXW_0726
BN_EXWPL09;135.0;1.0;71.02;EXW_0726
BN_EXWPL09;138.0;1.0;71.02;EXW_0726
BN_EXWPL09;144.0;1.0;71.12;EXW_0726
BN_EXWPL09;147.0;1.0;71.17;EXW_0726
BN_EXWPL09;141.0;1.0;71.2;EXW_0726
BN_EXWPL09;150.0;1.0;71.25;EXW_0726
BN_EXWPL09;153.0;1.0;71.46;EXW_0726
BN_EXWPL09;156.0;1.0;71.5;EXW_0726
BN_EXWPL09;159.0;1.0;71.67;EXW_0726
BN_EXWPL09;162.0;1.0;71.8;EXW_0726
BN_EXWPL09;165.0;1.0;71.91;EXW_0726
BN_EXWPL09;171.0;1.0;71.94;EXW_0726
BN217;50.0;0.0;71.98;EXW_0726
BNCis168;0.0;5.0;72.0;EXW_0726
BNCis170;0.0;5.0;72.0;EXW_0726
BN_EXWPL09;168.0;1.0;72.02;EXW_0726
BN_EXWPL09;174.0;2.0;72.03;EXW_0726
BN_EXWPL09;177.0;1.0;72.2;EXW_0726
BN216;50.0;0.0;72.2;EXW_0726
BN_EXWPL09;180.0;1.0;72.31;EXW_0726
BN217;100.0;0.0;72.35;EXW_0726
BN_EXWPL09;198.0;1.0;72.48;EXW_0726
BN_EXWPL09;195.0;1.0;72.51;EXW_0726
BN_EXWPL09;192.0;1.0;72.52;EXW_0726
BN_EXWPL09;183.0;1.0;72.56;EXW_0726
BN_EXWPL09;189.0;1.0;72.58;EXW_0726
BN_EXWPL09;186.0;1.0;72.66;EXW_0726
BN_EXWPL09;204.0;1.0;72.87;EXW_0726
BN_EXWPL09;201.0;1.0;72.91;EXW_0726
BN217;150.0;0.0;72.91;EXW_0726
BN_EXWPL09;207.0;1.0;72.97;EXW_0726
BN_EXWPL09;219.0;1.0;72.97;EXW_0726
BN_EXWPL09;255.0;1.0;72.99;EXW_0726
BN202;0.0;15.0;73.0;EXW_0726
BNCis137;0.0;5.0;73.0;EXW_0726
BNCis149;0.0;10.0;73.0;EXW_0726
BN_EXWPL09;210.0;1.0;73.02;EXW_0726
BN_EXWPL09;222.0;1.0;73.06;EXW_0726
BN_EXWPL09;252.0;2.0;73.08;EXW_0726
BN_EXWPL09;225.0;1.0;73.1;EXW_0726
BN_EXWPL09;258.0;1.0;73.12;EXW_0726
BN_EXWPL09;216.0;1.0;73.13;EXW_0726
BN_EXWPL09;261.0;1.0;73.13;EXW_0726
BN_EXWPL09;213.0;1.0;73.15;EXW_0726
BN_EXWPL09;264.0;1.0;73.17;EXW_0726
BN_EXWPL09;267.0;2.0;73.17;EXW_0726
BN_EXWPL09;240.0;1.0;73.19;EXW_0726
BN_EXWPL09;228.0;1.0;73.2;EXW_0726
BN_EXWPL09;234.0;1.0;73.23;EXW_0726
BN_EXWPL09;237.0;1.0;73.23;EXW_0726
BN_EXWPL09;243.0;2.0;73.23;EXW_0726
BN_EXWPL09;270.0;2.0;73.25;EXW_0726
BN_EXWPL09;246.0;2.0;73.27;EXW_0726
BN_EXWPL09;276.0;2.0;73.3;EXW_0726
BN_EXWPL09;231.0;2.0;73.32;EXW_0726
BN_EXWPL09;273.0;2.0;73.37;EXW_0726
BN_EXWPL09;285.0;1.0;73.42;EXW_0726
BN_EXWPL09;279.0;2.0;73.43;EXW_0726
BN_EXWPL09;249.0;2.0;73.5;EXW_0726
BN_EXWPL09;282.0;1.0;73.53;EXW_0726
BN_EXWPL09;294.0;2.0;73.55;EXW_0726
BN_EXWPL09;297.0;2.0;73.55;EXW_0726
BN_EXWPL09;300.0;2.0;73.55;EXW_0726
BN_EXWPL09;291.0;2.0;73.56;EXW_0726
BN_EXWPL09;288.0;2.0;73.58;EXW_0726
BN130;147.0;10.0;74.0;EXW_0726
BN185;0.0;5.0;74.0;EXW_0726
BN216;0.0;0.0;74.0;EXW_0726
BN202;200.0;15.0;74.1;EXW_0726
BN202;250.0;15.0;74.1;EXW_0726
BN202;50.0;15.0;74.2;EXW_0726
BN202;150.0;15.0;74.3;EXW_0726
BN202;100.0;15.0;74.4;EXW_0726
BN202;292.0;27.0;74.4;EXW_0726
BN216;100.0;0.0;74.59;EXW_0726
BN215;50.0;357.0;74.66;EXW_0726
BN215;100.0;358.0;74.71;EXW_0726
BN215;169.0;359.0;74.9;EXW_0726
BN217;200.0;0.0;74.91;EXW_0726
BN112Bis;0.0;0.0;75.0;EXW_0726
BN130;50.0;10.0;75.0;EXW_0726
BN130;0.0;10.0;75.0;EXW_0726
BN181;0.0;10.0;75.0;EXW_0726
BN194;0.0;10.0;75.0;EXW_0726
BN195;0.0;10.0;75.0;EXW_0726
BN195;50.0;10.0;75.0;EXW_0726
BN215;0.0;0.0;75.0;EXW_0726
BN97;155.0;5.0;75.0;EXW_0726
BN97;50.0;5.0;75.0;EXW_0726
BN97;0.0;5.0;75.0;EXW_0726
BN97;100.0;5.0;75.0;EXW_0726
BN99;0.0;5.0;75.0;EXW_0726
BNCis136;0.0;5.0;75.0;EXW_0726
BNCis144;0.0;5.0;75.0;EXW_0726
BNCis147;0.0;10.0;75.0;EXW_0726
BNCis178;0.0;10.0;75.0;EXW_0726
BNCis180;0.0;10.0;75.0;EXW_0726
BNCis81;0.0;10.0;75.0;EXW_0726
BN217;220.0;0.0;75.09;EXW_0726
BN216;152.0;0.0;75.16;EXW_0726
BN194;50.0;10.0;75.31;EXW_0726
BN189;0.0;5.0;76.0;EXW_0726
BN195;100.0;10.0;76.19;EXW_0726
BN194;150.0;11.0;76.43;EXW_0726
BN-26-EXW-PL12;18.0;0.0;76.58;EXW_0726
BN194;100.0;11.0;76.59;EXW_0726
BN-26-EXW-PL12;21.0;0.0;76.64;EXW_0726
BN-26-EXW-PL12;39.0;0.0;76.64;EXW_0726
BN194;200.0;12.0;76.66;EXW_0726
BN-26-EXW-PL12;42.0;0.0;76.69;EXW_0726
BN-26-EXW-PL12;24.0;0.0;76.73;EXW_0726
BN-26-EXW-PL12;15.0;0.0;76.74;EXW_0726
BN-26-EXW-PL12;27.0;1.0;76.74;EXW_0726
BN-26-EXW-PL12;36.0;1.0;76.74;EXW_0726
BN-26-EXW-PL12;48.0;0.0;76.75;EXW_0726
BN-26-EXW-PL12;33.0;0.0;76.76;EXW_0726
BN-26-EXW-PL12;30.0;1.0;76.79;EXW_0726
BN-26-EXW-PL12;45.0;0.0;76.8;EXW_0726
BN-26-EXW-PL12;9.0;0.0;76.83;EXW_0726
BN-26-EXW-PL12;12.0;0.0;76.83;EXW_0726
BN-26-EXW-PL12;3.0;0.0;76.86;EXW_0726
BN-26-EXW-PL12;6.0;0.0;76.86;EXW_0726
BN-26-EXW-PL12;0.0;0.0;76.87;EXW_0726
BN-26-EXW-PL12;57.0;0.0;76.96;EXW_0726
BN-26-EXW-PL12;54.0;0.0;76.97;EXW_0726
BN186;0.0;5.0;77.0;EXW_0726
BN186;190.0;5.0;77.0;EXW_0726
BN188;0.0;5.0;77.0;EXW_0726
BN-26-EXW-PL12;51.0;0.0;77.0;EXW_0726
BNCis161;0.0;5.0;77.0;EXW_0726
BN-26-EXW-PL12;63.0;0.0;77.02;EXW_0726
BN-26-EXW-PL12;66.0;1.0;77.03;EXW_0726
BN-26-EXW-PL12;60.0;0.0;77.06;EXW_0726
BN-26-EXW-PL12;114.0;0.0;77.11;EXW_0726
BN-26-EXW-PL12;117.0;0.0;77.12;EXW_0726
BN-26-EXW-PL12;120.0;0.0;77.12;EXW_0726
BN-26-EXW-PL12;111.0;0.0;77.13;EXW_0726
BN194;250.0;12.0;77.16;EXW_0726
BN-26-EXW-PL12;69.0;0.0;77.18;EXW_0726
BN-26-EXW-PL12;108.0;0.0;77.24;EXW_0726
BN-26-EXW-PL12;72.0;0.0;77.26;EXW_0726
BN194;298.0;13.0;77.3;EXW_0726
BN-26-EXW-PL12;102.0;0.0;77.31;EXW_0726
BN-26-EXW-PL12;105.0;0.0;77.31;EXW_0726
BN-26-EXW-PL12;75.0;0.0;77.33;EXW_0726
BN-26-EXW-PL12;123.0;0.0;77.33;EXW_0726
BN-26-EXW-PL12;147.0;359.0;77.37;EXW_0726
BN195;150.0;11.0;77.38;EXW_0726
BN195;200.0;11.0;77.38;EXW_0726
BN-26-EXW-PL12;96.0;0.0;77.39;EXW_0726
BN-26-EXW-PL12;99.0;0.0;77.39;EXW_0726
BN-26-EXW-PL12;126.0;0.0;77.43;EXW_0726
BN-26-EXW-PL12;93.0;0.0;77.48;EXW_0726
BN-26-EXW-PL12;90.0;0.0;77.49;EXW_0726
BN-26-EXW-PL12;129.0;0.0;77.5;EXW_0726
BN-26-EXW-PL12;81.0;0.0;77.52;EXW_0726
BN-26-EXW-PL12;78.0;0.0;77.54;EXW_0726
BN-26-EXW-PL12;84.0;0.0;77.54;EXW_0726
BN-26-EXW-PL12;144.0;359.0;77.57;EXW_0726
BN-26-EXW-PL12;87.0;0.0;77.64;EXW_0726
BN-26-EXW-PL12;132.0;0.0;77.65;EXW_0726
BN-26-EXW-PL12;189.0;358.0;77.74;EXW_0726
BN-26-EXW-PL12;174.0;359.0;77.76;EXW_0726
BN-26-EXW-PL12;171.0;359.0;77.78;EXW_0726
BN-26-EXW-PL12;186.0;358.0;77.79;EXW_0726
BN-26-EXW-PL12;150.0;358.0;77.8;EXW_0726
BN-26-EXW-PL12;153.0;358.0;77.8;EXW_0726
BN-26-EXW-PL12;156.0;358.0;77.8;EXW_0726
BN-26-EXW-PL12;159.0;358.0;77.8;EXW_0726
BN-26-EXW-PL12;183.0;358.0;77.8;EXW_0726
BN-26-EXW-PL12;141.0;359.0;77.81;EXW_0726
BN-26-EXW-PL12;180.0;358.0;77.81;EXW_0726
BN-26-EXW-PL12;165.0;358.0;77.82;EXW_0726
BN-26-EXW-PL12;168.0;358.0;77.82;EXW_0726
BN-26-EXW-PL12;162.0;358.0;77.83;EXW_0726
BN-26-EXW-PL12;135.0;0.0;77.84;EXW_0726
BN-26-EXW-PL12;191.0;358.0;77.84;EXW_0726
BN195;253.0;11.0;77.86;EXW_0726
BN-26-EXW-PL12;138.0;0.0;77.88;EXW_0726
BN186;100.0;4.0;77.9;EXW_0726
BN-26-EXW-PL12;177.0;358.0;77.92;EXW_0726
BN188;196.0;3.0;78.0;EXW_0726
BN193;0.0;5.0;78.0;EXW_0726
BNCis151;0.0;10.0;78.0;EXW_0726
BN188;50.0;6.0;78.06;EXW_0726
BN188;100.0;5.0;78.06;EXW_0726
BN188;150.0;4.0;78.21;EXW_0726
BN186;50.0;6.0;79.0;EXW_0726
BNCis86;0.0;5.0;79.0;EXW_0726
BN120;0.0;5.0;80.0;EXW_0726
BN174;0.0;10.0;80.0;EXW_0726
BN183;0.0;5.0;80.0;EXW_0726
BN214;0.0;0.0;80.0;EXW_0726
BN214;150.0;0.0;80.07;EXW_0726
BN214;100.0;0.0;80.46;EXW_0726
BN174;50.0;10.0;80.49;EXW_0726
BN174;200.0;10.0;80.54;EXW_0726
BN214;200.0;0.0;80.63;EXW_0726
BN174;230.0;10.0;80.68;EXW_0726
BN174;150.0;10.0;80.72;EXW_0726
BN_EXWPL11;0.0;0.0;81.1;EXW_0726
BN_EXWPL11;3.0;0.0;81.16;EXW_0726
BN_EXWPL11;6.0;359.0;81.23;EXW_0726
BN_EXWPL11;9.0;358.0;81.37;EXW_0726
BN_EXWPL11;159.0;0.0;81.43;EXW_0726
BN_EXWPL11;33.0;359.0;81.46;EXW_0726
BN_EXWPL11;162.0;0.0;81.46;EXW_0726
BN_EXWPL11;39.0;358.0;81.47;EXW_0726
BN_EXWPL11;48.0;359.0;81.47;EXW_0726
BN_EXWPL11;129.0;358.0;81.47;EXW_0726
BN_EXWPL11;36.0;359.0;81.48;EXW_0726
BN_EXWPL11;42.0;358.0;81.49;EXW_0726
BN_EXWPL11;45.0;359.0;81.49;EXW_0726
BN_EXWPL11;141.0;359.0;81.5;EXW_0726
BN177;50.0;10.0;81.5;EXW_0726
BN_EXWPL11;12.0;359.0;81.51;EXW_0726
BN_EXWPL11;126.0;358.0;81.51;EXW_0726
BN_EXWPL11;15.0;358.0;81.52;EXW_0726
BN_EXWPL11;51.0;359.0;81.52;EXW_0726
BN_EXWPL11;156.0;0.0;81.52;EXW_0726
BN174;100.0;10.0;81.52;EXW_0726
BN_EXWPL11;30.0;359.0;81.53;EXW_0726
BN_EXWPL11;57.0;359.0;81.53;EXW_0726
BN_EXWPL11;132.0;358.0;81.53;EXW_0726
BN_EXWPL11;21.0;359.0;81.54;EXW_0726
BN_EXWPL11;111.0;358.0;81.54;EXW_0726
BN_EXWPL11;138.0;359.0;81.54;EXW_0726
BN_EXWPL11;147.0;0.0;81.54;EXW_0726
BN_EXWPL11;54.0;359.0;81.55;EXW_0726
BN_EXWPL11;144.0;359.0;81.55;EXW_0726
BN_EXWPL11;24.0;359.0;81.56;EXW_0726
BN_EXWPL11;117.0;358.0;81.56;EXW_0726
BN_EXWPL11;150.0;359.0;81.56;EXW_0726
BN_EXWPL11;63.0;359.0;81.57;EXW_0726
BN_EXWPL11;165.0;1.0;81.57;EXW_0726
BN_EXWPL11;27.0;359.0;81.58;EXW_0726
BN_EXWPL11;60.0;359.0;81.58;EXW_0726
BN_EXWPL11;66.0;359.0;81.58;EXW_0726
BN_EXWPL11;114.0;358.0;81.58;EXW_0726
BN_EXWPL11;72.0;359.0;81.59;EXW_0726
BN_EXWPL11;135.0;358.0;81.59;EXW_0726
BN_EXWPL11;18.0;359.0;81.6;EXW_0726
BN_EXWPL11;69.0;359.0;81.61;EXW_0726
BN_EXWPL11;123.0;358.0;81.61;EXW_0726
BN_EXWPL11;75.0;359.0;81.63;EXW_0726
BN_EXWPL11;120.0;358.0;81.65;EXW_0726
BN_EXWPL11;78.0;359.0;81.66;EXW_0726
BN_EXWPL11;108.0;357.0;81.67;EXW_0726
BN_EXWPL11;105.0;357.0;81.68;EXW_0726
BN_EXWPL11;93.0;357.0;81.7;EXW_0726
BN_EXWPL11;102.0;357.0;81.7;EXW_0726
BN_EXWPL11;81.0;359.0;81.72;EXW_0726
BN_EXWPL11;96.0;357.0;81.73;EXW_0726
BN_EXWPL11;99.0;357.0;81.73;EXW_0726
BN_EXWPL11;90.0;358.0;81.74;EXW_0726
BN_EXWPL11;204.0;2.0;81.74;EXW_0726
BN_EXWPL11;87.0;358.0;81.76;EXW_0726
BN180;265.0;358.0;81.76;EXW_0726
BN_EXWPL11;168.0;2.0;81.77;EXW_0726
BN_EXWPL11;207.0;2.0;81.77;EXW_0726
BN_EXWPL11;84.0;358.0;81.78;EXW_0726
BN_EXWPL11;201.0;2.0;81.78;EXW_0726
BN180;200.0;357.0;81.8;EXW_0726
BN_EXWPL11;153.0;359.0;81.84;EXW_0726
BN_EXWPL11;210.0;2.0;81.85;EXW_0726
BN_EXWPL11;171.0;2.0;81.86;EXW_0726
BN_EXWPL11;213.0;2.0;81.88;EXW_0726
BN_EXWPL11;219.0;2.0;81.9;EXW_0726
BN_EXWPL11;222.0;2.0;81.9;EXW_0726
BN_EXWPL11;231.0;2.0;81.92;EXW_0726
BN_EXWPL11;234.0;2.0;81.92;EXW_0726
BN_EXWPL11;216.0;2.0;81.93;EXW_0726
BN_EXWPL11;228.0;2.0;81.93;EXW_0726
BN_EXWPL11;225.0;2.0;81.94;EXW_0726
BN_EXWPL11;237.0;2.0;81.96;EXW_0726
BN_EXWPL11;174.0;2.0;81.97;EXW_0726
BN_EXWPL11;198.0;2.0;81.97;EXW_0726
BN_EXWPL11;243.0;2.0;81.97;EXW_0726
BN_EXWPL11;195.0;2.0;81.99;EXW_0726
BN177;0.0;10.0;82.0;EXW_0726
BN180;0.0;5.0;82.0;EXW_0726
BN_EXWPL11;249.0;2.0;82.01;EXW_0726
BN_EXWPL11;240.0;2.0;82.04;EXW_0726
BN_EXWPL11;246.0;2.0;82.07;EXW_0726
BN_EXWPL11;192.0;2.0;82.08;EXW_0726
BN_EXWPL11;177.0;2.0;82.13;EXW_0726
BN_EXWPL11;186.0;2.0;82.14;EXW_0726
BN_EXWPL11;189.0;2.0;82.14;EXW_0726
BN_EXWPL11;180.0;2.0;82.15;EXW_0726
BN_EXWPL11;183.0;2.0;82.15;EXW_0726
BN180;50.0;5.0;82.31;EXW_0726
BN177;150.0;10.0;82.4;EXW_0726
BN177;100.0;10.0;82.6;EXW_0726
BN177;200.0;10.0;82.7;EXW_0726
BN180;150.0;5.0;82.74;EXW_0726
BN180;100.0;5.0;82.83;EXW_0726
BN177;256.0;10.0;83.4;EXW_0726
BN203;0.0;355.0;84.0;EXW_0726
BNCis93;0.0;5.0;84.0;EXW_0726
BN203;50.0;355.0;84.6;EXW_0726
BN128;50.0;5.0;85.0;EXW_0726
BN128;100.0;5.0;85.0;EXW_0726
BN128;150.0;5.0;85.0;EXW_0726
BN128;0.0;5.0;85.0;EXW_0726
BN128;219.0;5.0;85.0;EXW_0726
BN176;0.0;5.0;85.0;EXW_0726
BN178;0.0;5.0;85.0;EXW_0726
BN203;100.0;355.0;85.0;EXW_0726
BN96bis;50.0;5.0;85.0;EXW_0726
BN96bis;0.0;5.0;85.0;EXW_0726
BN96bis;100.0;5.0;85.0;EXW_0726
BNCis166;0.0;5.0;85.0;EXW_0726
BNCis88;0.0;5.0;85.0;EXW_0726
BN203;150.0;355.0;85.2;EXW_0726
BN176;50.0;5.0;85.3;EXW_0726
BN203;200.0;354.0;85.3;EXW_0726
BN203;279.0;0.0;85.5;EXW_0726
BN203;250.0;355.0;85.6;EXW_0726
BN176;100.0;5.0;85.7;EXW_0726
BN178;50.0;5.0;86.3;EXW_0726
BN178;150.0;5.0;86.3;EXW_0726
BN176;150.0;5.0;86.5;EXW_0726
BN178;100.0;5.0;86.6;EXW_0726
BN176;200.0;5.0;86.8;EXW_0726
BN176;223.0;5.0;86.9;EXW_0726
BN178;200.0;5.0;86.9;EXW_0726
BN178;241.0;5.0;87.6;EXW_0726
BN205;0.0;323.0;88.0;EXW_0726
BN205;200.0;333.0;88.3;EXW_0726
BN205;254.0;333.0;88.4;EXW_0726
BN205;50.0;323.0;88.6;EXW_0726
BN205;100.0;320.0;88.6;EXW_0726
BN205;150.0;318.0;88.7;EXW_0726
BN191;0.0;0.0;90.0;EXW_0726
BN192;0.0;0.0;90.0;EXW_0726
BNCis134;0.0;5.0;90.0;EXW_0726
BNCis135;0.0;5.0;90.0;EXW_0726
BNCis139;0.0;5.0;90.0;EXW_0726
BN-EXW-ROC10;0.0;0.0;90.0;EXW_0726
BN-EXW-ROC12;0.0;0.0;90.0;EXW_0726
BN-EXW-ROC14;0.0;0.0;90.0;EXW_0726
BN-EXW-ROC16;0.0;0.0;90.0;EXW_0726
BN-EXW-ROC18;0.0;0.0;90.0;EXW_0726
BN-EXW-ROC2;0.0;0.0;90.0;EXW_0726
BN-EXW-ROC20;0.0;0.0;90.0;EXW_0726
BN-EXW-ROC22;0.0;0.0;90.0;EXW_0726
BN-EXW-ROC4;0.0;0.0;90.0;EXW_0726
BN-EXW-ROC6;0.0;0.0;90.0;EXW_0726
BN-EXW-ROC8;0.0;0.0;90.0;EXW_0726
EXW-PL14;0.0;0.0;71.72;EXW_0726
EXW-PL14;3.0;0.0;71.66;EXW_0726
EXW-PL14;6.0;0.0;71.8;EXW_0726
EXW-PL14;9.0;0.0;71.71;EXW_0726
EXW-PL14;12.0;0.0;71.82;EXW_0726
EXW-PL14;15.0;0.0;71.81;EXW_0726
EXW-PL14;18.0;0.0;71.88;EXW_0726
EXW-PL14;21.0;359.0;71.94;EXW_0726
EXW-PL14;24.0;359.0;72.05;EXW_0726
EXW-PL14;27.0;0.0;72.06;EXW_0726
EXW-PL14;30.0;359.0;71.91;EXW_0726
EXW-PL14;33.0;359.0;71.98;EXW_0726
EXW-PL14;36.0;359.0;72.03;EXW_0726
EXW-PL14;39.0;359.0;72.0;EXW_0726
EXW-PL14;42.0;359.0;72.08;EXW_0726
EXW-PL14;45.0;359.0;72.02;EXW_0726
EXW-PL14;48.0;0.0;72.06;EXW_0726
EXW-PL14;51.0;0.0;72.02;EXW_0726
EXW-PL14;54.0;0.0;72.02;EXW_0726
EXW-PL14;57.0;0.0;71.9;EXW_0726
EXW-PL14;60.0;0.0;72.04;EXW_0726
EXW-PL14;63.0;0.0;72.09;EXW_0726
EXW-PL14;66.0;0.0;72.18;EXW_0726
EXW-PL14;72.0;359.0;72.19;EXW_0726
EXW-PL14;75.0;359.0;72.3;EXW_0726
EXW-PL14;78.0;359.0;72.38;EXW_0726
EXW-PL14;81.0;359.0;72.35;EXW_0726
EXW-PL14;84.0;358.0;72.21;EXW_0726
EXW-PL14;87.0;358.0;72.34;EXW_0726
EXW-PL14;90.0;358.0;72.31;EXW_0726
EXW-PL14;93.0;358.0;72.35;EXW_0726
EXW-PL14;96.0;358.0;72.37;EXW_0726
EXW-PL14;99.0;358.0;72.33;EXW_0726
EXW-PL14;102.0;358.0;72.3;EXW_0726
EXW-PL14;105.0;358.0;72.3;EXW_0726
EXW-PL14;108.0;358.0;72.3;EXW_0726
EXW-PL14;111.0;358.0;72.21;EXW_0726
EXW-PL14;114.0;358.0;71.9;EXW_0726
EXW-PL14;117.0;358.0;72.06;EXW_0726
EXW-PL14;120.0;358.0;72.18;EXW_0726
EXW-PL14;123.0;358.0;72.2;EXW_0726
EXW-PL14;126.0;358.0;72.23;EXW_0726
EXW-PL14;129.0;358.0;72.27;EXW_0726
EXW-PL14;132.0;358.0;72.38;EXW_0726
EXW-PL14;135.0;358.0;72.3;EXW_0726
EXW-PL14;138.0;358.0;72.28;EXW_0726
EXW-PL14;141.0;358.0;72.34;EXW_0726
EXW-PL14;144.0;358.0;72.33;EXW_0726
EXW-PL14;147.0;358.0;72.42;EXW_0726
EXW-PL14;150.0;358.0;72.38;EXW_0726
EXW-PL14;153.0;358.0;72.49;EXW_0726
EXW-PL14;156.0;358.0;72.49;EXW_0726
EXW-PL14;159.0;358.0;72.44;EXW_0726
EXW-PL14;162.0;358.0;72.48;EXW_0726
EXW-PL14;165.0;358.0;72.57;EXW_0726
EXW-PL14;168.0;358.0;72.55;EXW_0726
EXW-PL14;171.0;359.0;72.77;EXW_0726
EXW-PL14;174.0;359.0;72.74;EXW_0726
EXW-PL14;177.0;359.0;72.85;EXW_0726
EXW-PL14;180.0;359.0;72.66;EXW_0726
EXW-PL14;183.0;359.0;72.71;EXW_0726
EXW-PL14;186.0;359.0;73.01;EXW_0726
EXW-PL14;189.0;358.0;72.73;EXW_0726
EXW-PL14;192.0;358.0;72.66;EXW_0726
EXW-PL14;195.0;358.0;72.96;EXW_0726
EXW-PL14;198.0;358.0;72.89;EXW_0726
EXW-PL14;201.0;358.0;72.96;EXW_0726
EXW-PL14;204.0;358.0;72.8;EXW_0726
EXW-PL14;207.0;358.0;72.9;EXW_0726
EXW-PL14;210.0;357.0;72.99;EXW_0726
EXW-PL14;213.0;357.0;72.9;EXW_0726
EXW-PL14;216.0;357.0;72.92;EXW_0726
EXW-160-Juin-TRW-R38-S;0.0;0.0;10.0;EXW_0726
EXW-160-Juin-TRW-R38-W;0.0;0.0;10.0;EXW_0726
EXW-160-Juin-TRW-R38-F;0.0;0.0;10.0;EXW_0726
EXW-160-Juin-TRW-R39-S;0.0;0.0;10.0;EXW_0726
EXW-160-Juin-TRW-R39-W;0.0;0.0;10.0;EXW_0726
EXW-160-Juin-TRW-R39-F;0.0;0.0;10.0;EXW_0726
EXW-160-Juin-TRW-R40-S;0.0;0.0;10.0;EXW_0726
EXW-160-Juin-TRW-R40-W;0.0;0.0;10.0;EXW_0726
EXW-160-Juin-TRW-R40-F;0.0;0.0;10.0;EXW_0726
EXW-160-Juin-TRW-R41-S;0.0;0.0;10.0;EXW_0726
EXW-160-Juin-TRW-R41-W;0.0;0.0;10.0;EXW_0726
EXW-160-Juin-TRW-R41-F;0.0;0.0;10.0;EXW_0726
EXW-160-Juin-TRW-R42-S;0.0;0.0;10.0;EXW_0726
EXW-160-Juin-TRW-R42-W;0.0;0.0;10.0;EXW_0726
EXW-160-Juin-TRW-R42-F;0.0;0.0;10.0;EXW_0726
EXW-160-Juin-TRW-R43-S;0.0;0.0;10.0;EXW_0726
EXW-160-Juin-TRW-R43-W;0.0;0.0;10.0;EXW_0726
EXW-160-Juin-TRW-R43-F;0.0;0.0;10.0;EXW_0726
EXW-160-Juin-TRW-R44-S;0.0;0.0;10.0;EXW_0726
EXW-160-Juin-TRW-R44-W;0.0;0.0;10.0;EXW_0726
EXW-160-Juin-TRW-R44-F;0.0;0.0;10.0;EXW_0726
EXW-160-Juin-TRW-R45-S;0.0;0.0;10.0;EXW_0726
EXW-160-Juin-TRW-R45-W;0.0;0.0;10.0;EXW_0726
EXW-160-Juin-TRW-R45-F;0.0;0.0;10.0;EXW_0726
EXW-160-Juin-TRW-R46-S;0.0;0.0;10.0;EXW_0726
EXW-160-Juin-TRW-R46-W;0.0;0.0;10.0;EXW_0726
EXW-160-Juin-TRW-R46-F;0.0;0.0;10.0;EXW_0726
EXW-160-Juin-TRW-R47-S;0.0;0.0;10.0;EXW_0726
EXW-160-Juin-TRW-R47-W;0.0;0.0;10.0;EXW_0726
EXW-160-Juin-TRW-R47-F;0.0;0.0;10.0;EXW_0726
EXW-160-Juin-TRW-R48-S;0.0;0.0;10.0;EXW_0726
EXW-160-Juin-TRW-R48-W;0.0;0.0;10.0;EXW_0726
EXW-160-Juin-TRW-R48-F;0.0;0.0;10.0;EXW_0726
EXW-160-Juin-TRW-R49-S;0.0;0.0;10.0;EXW_0726
EXW-160-Juin-TRW-R49-W;0.0;0.0;10.0;EXW_0726
EXW-160-Juin-TRW-R49-F;0.0;0.0;10.0;EXW_0726
EXW-160-Juin-TRW-R50-S;0.0;0.0;10.0;EXW_0726
EXW-160-Juin-TRW-R50-W;0.0;0.0;10.0;EXW_0726
EXW-160-Juin-TRW-R50-F;0.0;0.0;10.0;EXW_0726
EXW-160-Juin-TRW-R51-S;0.0;0.0;10.0;EXW_0726
EXW-160-Juin-TRW-R51-W;0.0;0.0;10.0;EXW_0726
EXW-160-Juin-TRW-R51-F;0.0;0.0;10.0;EXW_0726
EXW-160-Juin-TRW-R52-S;0.0;0.0;10.0;EXW_0726
EXW-160-Juin-TRW-R52-W;0.0;0.0;10.0;EXW_0726
EXW-160-Juin-TRW-R52-F;0.0;0.0;10.0;EXW_0726
EXW-160-Juin-TRW-R53-S;0.0;0.0;10.0;EXW_0726
EXW-160-Juin-TRW-R53-W;0.0;0.0;10.0;EXW_0726
EXW-160-Juin-TRW-R53-F;0.0;0.0;10.0;EXW_0726
EXW-160-Juin-TRW-R54-S;0.0;0.0;10.0;EXW_0726
EXW-160-Juin-TRW-R54-W;0.0;0.0;10.0;EXW_0726
EXW-160-Juin-TRW-R54-F;0.0;0.0;10.0;EXW_0726
EXW-160-Juin-TRW-R55-S;0.0;0.0;10.0;EXW_0726
EXW-160-Juin-TRW-R55-W;0.0;0.0;10.0;EXW_0726
EXW-160-Juin-TRW-R55-F;0.0;0.0;10.0;EXW_0726
EXW-160-Juin-TRW-R56-S;0.0;0.0;10.0;EXW_0726
EXW-160-Juin-TRW-R56-W;0.0;0.0;10.0;EXW_0726
EXW-160-Juin-TRW-R56-F;0.0;0.0;10.0;EXW_0726
EXW-160-Juin-TRE-R46-S;0.0;0.0;10.0;EXW_0726
EXW-160-Juin-TRE-R46-W;0.0;0.0;10.0;EXW_0726
EXW-160-Juin-TRE-R46-F;0.0;0.0;10.0;EXW_0726
EXW-160-Juin-TRE-R47-S;0.0;0.0;10.0;EXW_0726
EXW-160-Juin-TRE-R47-W;0.0;0.0;10.0;EXW_0726
EXW-160-Juin-TRE-R47-F;0.0;0.0;10.0;EXW_0726
EXW-160-Juin-TRE-R48-S;0.0;0.0;10.0;EXW_0726
EXW-160-Juin-TRE-R48-W;0.0;0.0;10.0;EXW_0726
EXW-160-Juin-TRE-R48-F;0.0;0.0;10.0;EXW_0726
EXW-160-Juin-TRE-R49-S;0.0;0.0;10.0;EXW_0726
EXW-160-Juin-TRE-R49-W;0.0;0.0;10.0;EXW_0726
EXW-160-Juin-TRE-R49-F;0.0;0.0;10.0;EXW_0726
EXW-160-Juin-TRE-R50-S;0.0;0.0;10.0;EXW_0726
EXW-160-Juin-TRE-R50-W;0.0;0.0;10.0;EXW_0726
EXW-160-Juin-TRE-R50-F;0.0;0.0;10.0;EXW_0726
EXW-160-Juin-TRE-R51-S;0.0;0.0;10.0;EXW_0726
EXW-160-Juin-TRE-R51-W;0.0;0.0;10.0;EXW_0726
EXW-160-Juin-TRE-R51-F;0.0;0.0;10.0;EXW_0726
EXW-160-Juin-TRE-R52-S;0.0;0.0;10.0;EXW_0726
EXW-160-Juin-TRE-R52-W;0.0;0.0;10.0;EXW_0726
EXW-160-Juin-TRE-R52-F;0.0;0.0;10.0;EXW_0726
EXW-160-Juin-TRE-R53-S;0.0;0.0;10.0;EXW_0726
EXW-160-Juin-TRE-R53-W;0.0;0.0;10.0;EXW_0726
EXW-160-Juin-TRE-R53-F;0.0;0.0;10.0;EXW_0726
EXW-160-Juin-TRE-R54-S;0.0;0.0;10.0;EXW_0726
EXW-160-Juin-TRE-R54-W;0.0;0.0;10.0;EXW_0726
EXW-160-Juin-TRE-R54-F;0.0;0.0;10.0;EXW_0726
EXW-160-Juin-TRE-R55-S;0.0;0.0;10.0;EXW_0726
EXW-160-Juin-TRE-R55-W;0.0;0.0;10.0;EXW_0726
EXW-160-Juin-TRE-R55-F;0.0;0.0;10.0;EXW_0726
EXW-160-Juin-TRE-R56-S;0.0;0.0;10.0;EXW_0726
EXW-160-Juin-TRE-R56-W;0.0;0.0;10.0;EXW_0726
EXW-160-Juin-TRE-R56-F;0.0;0.0;10.0;EXW_0726
EXW-160-Juin-TRE-R57-S;0.0;0.0;10.0;EXW_0726
EXW-160-Juin-TRE-R57-W;0.0;0.0;10.0;EXW_0726
EXW-160-Juin-TRE-R57-F;0.0;0.0;10.0;EXW_0726
EXW-160-Juin-TRE-R58-S;0.0;0.0;10.0;EXW_0726
EXW-160-Juin-TRE-R58-W;0.0;0.0;10.0;EXW_0726
EXW-160-Juin-TRE-R58-F;0.0;0.0;10.0;EXW_0726
EXW-160-Juin-TRE-R59-S;0.0;0.0;10.0;EXW_0726
EXW-160-Juin-TRE-R59-W;0.0;0.0;10.0;EXW_0726
EXW-160-Juin-TRE-R59-F;0.0;0.0;10.0;EXW_0726
EXW-160-Juin-TRE-R60-S;0.0;0.0;10.0;EXW_0726
EXW-160-Juin-TRE-R60-W;0.0;0.0;10.0;EXW_0726
EXW-160-Juin-TRE-R60-F;0.0;0.0;10.0;EXW_0726
EXW-160-Juin-TRE-R61-S;0.0;0.0;10.0;EXW_0726
EXW-160-Juin-TRE-R61-W;0.0;0.0;10.0;EXW_0726
EXW-160-Juin-TRE-R61-F;0.0;0.0;10.0;EXW_0726
EXW-160-Juin-TRE-R62-S;0.0;0.0;10.0;EXW_0726
EXW-160-Juin-TRE-R62-W;0.0;0.0;10.0;EXW_0726
EXW-160-Juin-TRE-R62-F;0.0;0.0;10.0;EXW_0726
EXW-160-Juin-TRE-R63-S;0.0;0.0;10.0;EXW_0726
EXW-160-Juin-TRE-R63-W;0.0;0.0;10.0;EXW_0726
EXW-160-Juin-TRE-R63-F;0.0;0.0;10.0;EXW_0726
EXW-160-Juin-TRE-R64-S;0.0;0.0;10.0;EXW_0726
EXW-160-Juin-TRE-R64-W;0.0;0.0;10.0;EXW_0726
EXW-160-Juin-TRE-R64-F;0.0;0.0;10.0;EXW_0726
EXW-160-Juin-TRE-R65-S;0.0;0.0;10.0;EXW_0726
EXW-160-Juin-TRE-R65-W;0.0;0.0;10.0;EXW_0726
EXW-160-Juin-TRE-R65-F;0.0;0.0;10.0;EXW_0726
EXW-160-Juin-TRE-R66-S;0.0;0.0;10.0;EXW_0726
EXW-160-Juin-TRE-R66-W;0.0;0.0;10.0;EXW_0726
EXW-160-Juin-TRE-R66-F;0.0;0.0;10.0;EXW_0726
EXW-160-Juin-TRE-R67-S;0.0;0.0;10.0;EXW_0726
EXW-160-Juin-TRE-R67-W;0.0;0.0;10.0;EXW_0726
EXW-160-Juin-TRE-R67-F;0.0;0.0;10.0;EXW_0726
EXW-140-Juin-TRW-R10-F;0.0;0.0;10.0;EXW_0726
EXW-140-Juin-TRW-R10-S;0.0;0.0;10.0;EXW_0726
EXW-140-Juin-TRW-R10-W;0.0;0.0;10.0;EXW_0726
EXW-140-Juin-TRW-R11-F;0.0;0.0;10.0;EXW_0726
EXW-140-Juin-TRW-R11-S;0.0;0.0;10.0;EXW_0726
EXW-140-Juin-TRW-R11-W;0.0;0.0;10.0;EXW_0726
EXW-140-Juin-TRW-R12-F;0.0;0.0;10.0;EXW_0726
EXW-140-Juin-TRW-R12-S;0.0;0.0;10.0;EXW_0726
EXW-140-Juin-TRW-R12-W;0.0;0.0;10.0;EXW_0726
EXW-140-Juin-TRW-R13-F;0.0;0.0;10.0;EXW_0726
EXW-140-Juin-TRW-R13-S;0.0;0.0;10.0;EXW_0726
EXW-140-Juin-TRW-R13-W;0.0;0.0;10.0;EXW_0726
EXW-140-Juin-TRW-R14-F;0.0;0.0;10.0;EXW_0726
EXW-140-Juin-TRW-R14-S;0.0;0.0;10.0;EXW_0726
EXW-140-Juin-TRW-R14-W;0.0;0.0;10.0;EXW_0726
EXW-140-Juin-TRW-R15-F;0.0;0.0;10.0;EXW_0726
EXW-140-Juin-TRW-R15-S;0.0;0.0;10.0;EXW_0726
EXW-140-Juin-TRW-R15-W;0.0;0.0;10.0;EXW_0726
EXW-140-Juin-TRW-R16-F;0.0;0.0;10.0;EXW_0726
EXW-140-Juin-TRW-R16-S;0.0;0.0;10.0;EXW_0726
EXW-140-Juin-TRW-R16-W;0.0;0.0;10.0;EXW_0726
EXW-140-Juin-TRW-R17-F;0.0;0.0;10.0;EXW_0726
EXW-140-Juin-TRW-R17-S;0.0;0.0;10.0;EXW_0726
EXW-140-Juin-TRW-R17-W;0.0;0.0;10.0;EXW_0726
EXW-140-Juin-TRW-R18-F;0.0;0.0;10.0;EXW_0726
EXW-140-Juin-TRW-R18-S;0.0;0.0;10.0;EXW_0726
EXW-140-Juin-TRW-R18-W;0.0;0.0;10.0;EXW_0726
EXW-140-Juin-TRW-R19-F;0.0;0.0;10.0;EXW_0726
EXW-140-Juin-TRW-R19-S;0.0;0.0;10.0;EXW_0726
EXW-140-Juin-TRW-R19-W;0.0;0.0;10.0;EXW_0726
EXW-140-Juin-TRW-R1-F;0.0;0.0;10.0;EXW_0726
EXW-140-Juin-TRW-R1-S;0.0;0.0;10.0;EXW_0726
EXW-140-Juin-TRW-R1-W;0.0;0.0;10.0;EXW_0726
EXW-140-Juin-TRW-R20-F;0.0;0.0;10.0;EXW_0726
EXW-140-Juin-TRW-R20-S;0.0;0.0;10.0;EXW_0726
EXW-140-Juin-TRW-R20-W;0.0;0.0;10.0;EXW_0726
EXW-140-Juin-TRW-R2-F;0.0;0.0;10.0;EXW_0726
EXW-140-Juin-TRW-R2-S;0.0;0.0;10.0;EXW_0726
EXW-140-Juin-TRW-R2-W;0.0;0.0;10.0;EXW_0726
EXW-140-Juin-TRW-R3-F;0.0;0.0;10.0;EXW_0726
EXW-140-Juin-TRW-R3-S;0.0;0.0;10.0;EXW_0726
EXW-140-Juin-TRW-R3-W;0.0;0.0;10.0;EXW_0726
EXW-140-Juin-TRW-R4-F;0.0;0.0;10.0;EXW_0726
EXW-140-Juin-TRW-R4-S;0.0;0.0;10.0;EXW_0726
EXW-140-Juin-TRW-R4-W;0.0;0.0;10.0;EXW_0726
EXW-140-Juin-TRW-R5-F;0.0;0.0;10.0;EXW_0726
EXW-140-Juin-TRW-R5-S;0.0;0.0;10.0;EXW_0726
EXW-140-Juin-TRW-R5-W;0.0;0.0;10.0;EXW_0726
EXW-140-Juin-TRW-R6-F;0.0;0.0;10.0;EXW_0726
EXW-140-Juin-TRW-R6-S;0.0;0.0;10.0;EXW_0726
EXW-140-Juin-TRW-R6-W;0.0;0.0;10.0;EXW_0726
EXW-140-Juin-TRW-R7-F;0.0;0.0;10.0;EXW_0726
EXW-140-Juin-TRW-R7-S;0.0;0.0;10.0;EXW_0726
EXW-140-Juin-TRW-R7-W;0.0;0.0;10.0;EXW_0726
EXW-140-Juin-TRW-R8-F;0.0;0.0;10.0;EXW_0726
EXW-140-Juin-TRW-R8-S;0.0;0.0;10.0;EXW_0726
EXW-140-Juin-TRW-R8-W;0.0;0.0;10.0;EXW_0726
EXW-140-Juin-TRW-R9-F;0.0;0.0;10.0;EXW_0726
EXW-140-Juin-TRW-R9-S;0.0;0.0;10.0;EXW_0726
EXW-140-Juin-TRW-R9-W;0.0;0.0;10.0;EXW_0726
EXW-140-Juin-TRW-R21-S;0.0;0.0;10.0;EXW_0726
EXW-140-Juin-TRW-R21-W;0.0;0.0;10.0;EXW_0726
EXW-140-Juin-TRW-R21-F;0.0;0.0;10.0;EXW_0726
EXW-140-Juin-TRW-R23-S;0.0;0.0;10.0;EXW_0726
EXW-140-Juin-TRW-R23-W;0.0;0.0;10.0;EXW_0726
EXW-140-Juin-TRW-R23-F;0.0;0.0;10.0;EXW_0726
EXW-140-Juin-TRW-R24-S;0.0;0.0;10.0;EXW_0726
EXW-140-Juin-TRW-R24-W;0.0;0.0;10.0;EXW_0726
EXW-140-Juin-TRW-R24-F;0.0;0.0;10.0;EXW_0726
EXW-140-Juin-TRW-R25-S;0.0;0.0;10.0;EXW_0726
EXW-140-Juin-TRW-R25-W;0.0;0.0;10.0;EXW_0726
EXW-140-Juin-TRW-R25-F;0.0;0.0;10.0;EXW_0726
EXW-140-Juin-TRW-R26-S;0.0;0.0;10.0;EXW_0726
EXW-140-Juin-TRW-R26-W;0.0;0.0;10.0;EXW_0726
EXW-140-Juin-TRW-R26-F;0.0;0.0;10.0;EXW_0726
EXW-140-Juin-TRW-R27-S;0.0;0.0;10.0;EXW_0726
EXW-140-Juin-TRW-R27-W;0.0;0.0;10.0;EXW_0726
EXW-140-Juin-TRW-R27-F;0.0;0.0;10.0;EXW_0726
EXW-140-Juin-TRW-R28-S;0.0;0.0;10.0;EXW_0726
EXW-140-Juin-TRW-R28-W;0.0;0.0;10.0;EXW_0726
EXW-140-Juin-TRW-R28-F;0.0;0.0;10.0;EXW_0726
EXW-140-Juin-TRW-R29-S;0.0;0.0;10.0;EXW_0726
EXW-140-Juin-TRW-R29-W;0.0;0.0;10.0;EXW_0726
EXW-140-Juin-TRW-R29-F;0.0;0.0;10.0;EXW_0726
EXW-140-Juin-TRW-R30-S;0.0;0.0;10.0;EXW_0726
EXW-140-Juin-TRW-R30-W;0.0;0.0;10.0;EXW_0726
EXW-140-Juin-TRW-R30-F;0.0;0.0;10.0;EXW_0726
EXW-140-Juin-TRW-R31-S;0.0;0.0;10.0;EXW_0726
EXW-140-Juin-TRW-R31-W;0.0;0.0;10.0;EXW_0726
EXW-140-Juin-TRW-R31-F;0.0;0.0;10.0;EXW_0726
EXW-140-Juin-TRW-R32-S;0.0;0.0;10.0;EXW_0726
EXW-140-Juin-TRW-R32-W;0.0;0.0;10.0;EXW_0726
EXW-140-Juin-TRW-R32-F;0.0;0.0;10.0;EXW_0726
EXW-140-Juin-TRW-R33-S;0.0;0.0;10.0;EXW_0726
EXW-140-Juin-TRW-R33-W;0.0;0.0;10.0;EXW_0726
EXW-140-Juin-TRW-R33-F;0.0;0.0;10.0;EXW_0726
EXW-140-Juin-TRW-R34-S;0.0;0.0;10.0;EXW_0726
EXW-140-Juin-TRW-R34-W;0.0;0.0;10.0;EXW_0726
EXW-140-Juin-TRW-R34-F;0.0;0.0;10.0;EXW_0726
EXW-140-Juin-TRW-R35-S;0.0;0.0;10.0;EXW_0726
EXW-140-Juin-TRW-R35-W;0.0;0.0;10.0;EXW_0726
EXW-140-Juin-TRW-R35-F;0.0;0.0;10.0;EXW_0726
EXW-140-Juin-TRW-R36-S;0.0;0.0;10.0;EXW_0726
EXW-140-Juin-TRW-R36-W;0.0;0.0;10.0;EXW_0726
EXW-140-Juin-TRW-R36-F;0.0;0.0;10.0;EXW_0726
EXW-140-Juin-TRW-R37-S;0.0;0.0;10.0;EXW_0726
EXW-140-Juin-TRW-R37-W;0.0;0.0;10.0;EXW_0726
EXW-140-Juin-TRW-R37-F;0.0;0.0;10.0;EXW_0726
EXW-140-Juin-TRW-R38-S;0.0;0.0;10.0;EXW_0726
EXW-140-Juin-TRW-R38-W;0.0;0.0;10.0;EXW_0726
EXW-140-Juin-TRW-R38-F;0.0;0.0;10.0;EXW_0726
EXW-140-Juin-TRW-R39-S;0.0;0.0;10.0;EXW_0726
EXW-140-Juin-TRW-R39-W;0.0;0.0;10.0;EXW_0726
EXW-140-Juin-TRW-R39-F;0.0;0.0;10.0;EXW_0726
EXW-140-Juin-TRW-R40-S;0.0;0.0;10.0;EXW_0726
EXW-140-Juin-TRW-R40-W;0.0;0.0;10.0;EXW_0726
EXW-140-Juin-TRW-R40-F;0.0;0.0;10.0;EXW_0726
EXW-140-Juin-TRW-R41-S;0.0;0.0;10.0;EXW_0726
EXW-140-Juin-TRW-R41-W;0.0;0.0;10.0;EXW_0726
EXW-140-Juin-TRW-R41-F;0.0;0.0;10.0;EXW_0726
EXW-140-TRW-R44-S;0.0;0.0;10.0;EXW_0726
EXW-140-TRW-R44-W;0.0;0.0;10.0;EXW_0726
EXW-140-TRW-R44-F;0.0;0.0;10.0;EXW_0726
EXW-140-TRW-R45-S;0.0;0.0;10.0;EXW_0726
EXW-140-TRW-R45-W;0.0;0.0;10.0;EXW_0726
EXW-140-TRW-R45-F;0.0;0.0;10.0;EXW_0726
EXW-140-TRW-R46-S;0.0;0.0;10.0;EXW_0726
EXW-140-TRW-R46-W;0.0;0.0;10.0;EXW_0726
EXW-140-TRW-R46-F;0.0;0.0;10.0;EXW_0726
EXW-140-TRW-R47-S;0.0;0.0;10.0;EXW_0726
EXW-140-TRW-R47-W;0.0;0.0;10.0;EXW_0726
EXW-140-TRW-R47-F;0.0;0.0;10.0;EXW_0726
EXW-140-TRW-R48-S;0.0;0.0;10.0;EXW_0726
EXW-140-TRW-R48-W;0.0;0.0;10.0;EXW_0726
EXW-140-TRW-R48-F;0.0;0.0;10.0;EXW_0726
EXW-140-TRW-R49-S;0.0;0.0;10.0;EXW_0726
EXW-140-TRW-R49-W;0.0;0.0;10.0;EXW_0726
EXW-140-TRW-R49-F;0.0;0.0;10.0;EXW_0726
EXW-140-TRW-R50-S;0.0;0.0;10.0;EXW_0726
EXW-140-TRW-R50-W;0.0;0.0;10.0;EXW_0726
EXW-140-TRW-R50-F;0.0;0.0;10.0;EXW_0726
EXW-140-TRW-R51-S;0.0;0.0;10.0;EXW_0726
EXW-140-TRW-R51-W;0.0;0.0;10.0;EXW_0726
EXW-140-TRW-R51-F;0.0;0.0;10.0;EXW_0726
EXW-140-TRW-R52-S;0.0;0.0;10.0;EXW_0726
EXW-140-TRW-R52-W;0.0;0.0;10.0;EXW_0726
EXW-140-TRW-R52-F;0.0;0.0;10.0;EXW_0726
EXW-140-TRW-R53-S;0.0;0.0;10.0;EXW_0726
EXW-140-TRW-R53-W;0.0;0.0;10.0;EXW_0726
EXW-140-TRW-R53-F;0.0;0.0;10.0;EXW_0726
EXW-140-TRW-R54-S;0.0;0.0;10.0;EXW_0726
EXW-140-TRW-R54-W;0.0;0.0;10.0;EXW_0726
EXW-140-TRW-R54-F;0.0;0.0;10.0;EXW_0726
EXW-140-TRW-R55-S;0.0;0.0;10.0;EXW_0726
EXW-140-TRW-R55-W;0.0;0.0;10.0;EXW_0726
EXW-140-TRW-R55-F;0.0;0.0;10.0;EXW_0726
EXW-140-TRW-R56-S;0.0;0.0;10.0;EXW_0726
EXW-140-TRW-R56-W;0.0;0.0;10.0;EXW_0726
EXW-140-TRW-R56-F;0.0;0.0;10.0;EXW_0726
EXW-140-TRW-R57-S;0.0;0.0;10.0;EXW_0726
EXW-140-TRW-R57-W;0.0;0.0;10.0;EXW_0726
EXW-140-TRW-R57-F;0.0;0.0;10.0;EXW_0726
EXW-140-TRW-R58-S;0.0;0.0;10.0;EXW_0726
EXW-140-TRW-R58-W;0.0;0.0;10.0;EXW_0726
EXW-140-TRW-R58-F;0.0;0.0;10.0;EXW_0726
EXW-140-TRW-R59-S;0.0;0.0;10.0;EXW_0726
EXW-140-TRW-R59-W;0.0;0.0;10.0;EXW_0726
EXW-140-TRW-R59-F;0.0;0.0;10.0;EXW_0726
EXW-140-TRW-R60-S;0.0;0.0;10.0;EXW_0726
EXW-140-TRW-R60-W;0.0;0.0;10.0;EXW_0726
EXW-140-TRW-R60-F;0.0;0.0;10.0;EXW_0726
EXW-140-TRW-R61-S;0.0;0.0;10.0;EXW_0726
EXW-140-TRW-R61-W;0.0;0.0;10.0;EXW_0726
EXW-140-TRW-R61-F;0.0;0.0;10.0;EXW_0726
EXW-140-TRW-R62-S;0.0;0.0;10.0;EXW_0726
EXW-140-TRW-R62-W;0.0;0.0;10.0;EXW_0726
EXW-140-TRW-R62-F;0.0;0.0;10.0;EXW_0726
EXW-140-TRW-R63-S;0.0;0.0;10.0;EXW_0726
EXW-140-TRW-R63-W;0.0;0.0;10.0;EXW_0726
EXW-140-TRW-R63-F;0.0;0.0;10.0;EXW_0726
EXW-140-TRW-R64-S;0.0;0.0;10.0;EXW_0726
EXW-140-TRW-R64-W;0.0;0.0;10.0;EXW_0726
EXW-140-TRW-R64-F;0.0;0.0;10.0;EXW_0726
EXW-140-TRW-R65-S;0.0;0.0;10.0;EXW_0726
EXW-140-TRW-R65-W;0.0;0.0;10.0;EXW_0726
EXW-140-TRW-R65-F;0.0;0.0;10.0;EXW_0726
EXW-140-TRW-R66-S;0.0;0.0;10.0;EXW_0726
EXW-140-TRW-R66-W;0.0;0.0;10.0;EXW_0726
EXW-140-TRW-R66-F;0.0;0.0;10.0;EXW_0726
EXW-140-TRW-R67-S;0.0;0.0;10.0;EXW_0726
EXW-140-TRW-R67-W;0.0;0.0;10.0;EXW_0726
EXW-140-TRW-R67-F;0.0;0.0;10.0;EXW_0726
EXW-140-TRW-R68-S;0.0;0.0;10.0;EXW_0726
EXW-140-TRW-R68-W;0.0;0.0;10.0;EXW_0726
EXW-140-TRW-R68-F;0.0;0.0;10.0;EXW_0726
EXW-140-TRW-R69-S;0.0;0.0;10.0;EXW_0726
EXW-140-TRW-R69-W;0.0;0.0;10.0;EXW_0726
EXW-140-TRW-R69-F;0.0;0.0;10.0;EXW_0726
EXW-140-TRW-R70-S;0.0;0.0;10.0;EXW_0726
EXW-140-TRW-R70-W;0.0;0.0;10.0;EXW_0726
EXW-140-TRW-R70-F;0.0;0.0;10.0;EXW_0726
EXW-140-TRW-R71-S;0.0;0.0;10.0;EXW_0726
EXW-140-TRW-R71-W;0.0;0.0;10.0;EXW_0726
EXW-140-TRW-R71-F;0.0;0.0;10.0;EXW_0726
EXW-140-TRW-R72-S;0.0;0.0;10.0;EXW_0726
EXW-140-TRW-R72-W;0.0;0.0;10.0;EXW_0726
EXW-140-TRW-R72-F;0.0;0.0;10.0;EXW_0726
EXW-140-TRW-R73-S;0.0;0.0;10.0;EXW_0726
EXW-140-TRW-R73-W;0.0;0.0;10.0;EXW_0726
EXW-140-TRW-R73-F;0.0;0.0;10.0;EXW_0726
EXW-140-TRW-R74-S;0.0;0.0;10.0;EXW_0726
EXW-140-TRW-R74-W;0.0;0.0;10.0;EXW_0726
EXW-140-TRW-R74-F;0.0;0.0;10.0;EXW_0726
EXW-140-TRW-R75-S;0.0;0.0;10.0;EXW_0726
EXW-140-TRW-R75-W;0.0;0.0;10.0;EXW_0726
EXW-140-TRW-R75-F;0.0;0.0;10.0;EXW_0726
EXW-140-TRW-R76-S;0.0;0.0;10.0;EXW_0726
EXW-140-TRW-R76-W;0.0;0.0;10.0;EXW_0726
EXW-140-TRW-R76-F;0.0;0.0;10.0;EXW_0726
EXW-140-TRW-R77-S;0.0;0.0;10.0;EXW_0726
EXW-140-TRW-R77-W;0.0;0.0;10.0;EXW_0726
EXW-140-TRW-R77-F;0.0;0.0;10.0;EXW_0726
EXW-140-TRW-R78-S;0.0;0.0;10.0;EXW_0726
EXW-140-TRW-R78-W;0.0;0.0;10.0;EXW_0726
EXW-140-TRW-R78-F;0.0;0.0;10.0;EXW_0726
EXW-140-TRW-R79-S;0.0;0.0;10.0;EXW_0726
EXW-140-TRW-R79-W;0.0;0.0;10.0;EXW_0726
EXW-140-TRW-R79-F;0.0;0.0;10.0;EXW_0726
EXW-140-TRW-R80-S;0.0;0.0;10.0;EXW_0726
EXW-140-TRW-R80-W;0.0;0.0;10.0;EXW_0726
EXW-140-TRW-R80-F;0.0;0.0;10.0;EXW_0726
EXW-140-TRW-R81-S;0.0;0.0;10.0;EXW_0726
EXW-140-TRW-R81-W;0.0;0.0;10.0;EXW_0726
EXW-140-TRW-R81-F;0.0;0.0;10.0;EXW_0726
EXW-140-TRW-R82-S;0.0;0.0;10.0;EXW_0726
EXW-140-TRW-R82-W;0.0;0.0;10.0;EXW_0726
EXW-140-TRW-R82-F;0.0;0.0;10.0;EXW_0726
EXW-140-TRW-R83-S;0.0;0.0;10.0;EXW_0726
EXW-140-TRW-R83-W;0.0;0.0;10.0;EXW_0726
EXW-140-TRW-R83-F;0.0;0.0;10.0;EXW_0726
EXW-140-TRW-R84-S;0.0;0.0;10.0;EXW_0726
EXW-140-TRW-R84-W;0.0;0.0;10.0;EXW_0726
EXW-140-TRW-R84-F;0.0;0.0;10.0;EXW_0726
EXW-140-TRW-R85-S;0.0;0.0;10.0;EXW_0726
EXW-140-TRW-R85-W;0.0;0.0;10.0;EXW_0726
EXW-140-TRW-R85-F;0.0;0.0;10.0;EXW_0726
EXW-140-TRW-R86-S;0.0;0.0;10.0;EXW_0726
EXW-140-TRW-R86-W;0.0;0.0;10.0;EXW_0726
EXW-140-TRW-R86-F;0.0;0.0;10.0;EXW_0726
EXW-140-TRW-R87-S;0.0;0.0;10.0;EXW_0726
EXW-140-TRW-R87-W;0.0;0.0;10.0;EXW_0726
EXW-140-TRW-R87-F;0.0;0.0;10.0;EXW_0726
EXW-140-TRW-R88-S;0.0;0.0;10.0;EXW_0726
EXW-140-TRW-R88-W;0.0;0.0;10.0;EXW_0726
EXW-140-TRW-R88-F;0.0;0.0;10.0;EXW_0726
EXW-140-TRW-R89-S;0.0;0.0;10.0;EXW_0726
EXW-140-TRW-R89-W;0.0;0.0;10.0;EXW_0726
EXW-140-TRW-R89-F;0.0;0.0;10.0;EXW_0726
EXW-140-TRW-R90-S;0.0;0.0;10.0;EXW_0726
EXW-140-TRW-R90-W;0.0;0.0;10.0;EXW_0726
EXW-140-TRW-R90-F;0.0;0.0;10.0;EXW_0726
EXW-160-TRW-R1-S;0.0;0.0;10.0;EXW_0726
EXW-160-TRW-R1-W;0.0;0.0;10.0;EXW_0726
EXW-160-TRW-R1-F;0.0;0.0;10.0;EXW_0726
EXW-160-TRW-R2-S;0.0;0.0;10.0;EXW_0726
EXW-160-TRW-R2-W;0.0;0.0;10.0;EXW_0726
EXW-160-TRW-R2-F;0.0;0.0;10.0;EXW_0726
EXW-160-TRW-R3-S;0.0;0.0;10.0;EXW_0726
EXW-160-TRW-R3-W;0.0;0.0;10.0;EXW_0726
EXW-160-TRW-R3-F;0.0;0.0;10.0;EXW_0726
EXW-160-TRW-R4-S;0.0;0.0;10.0;EXW_0726
EXW-160-TRW-R4-W;0.0;0.0;10.0;EXW_0726
EXW-160-TRW-R4-F;0.0;0.0;10.0;EXW_0726
EXW-160-TRW-R5-S;0.0;0.0;10.0;EXW_0726
EXW-160-TRW-R5-W;0.0;0.0;10.0;EXW_0726
EXW-160-TRW-R5-F;0.0;0.0;10.0;EXW_0726
EXW-160-TRW-R6-S;0.0;0.0;10.0;EXW_0726
EXW-160-TRW-R6-W;0.0;0.0;10.0;EXW_0726
EXW-160-TRW-R6-F;0.0;0.0;10.0;EXW_0726
EXW-160-TRW-R7-S;0.0;0.0;10.0;EXW_0726
EXW-160-TRW-R7-W;0.0;0.0;10.0;EXW_0726
EXW-160-TRW-R7-F;0.0;0.0;10.0;EXW_0726
EXW-160-TRW-R8-S;0.0;0.0;10.0;EXW_0726
EXW-160-TRW-R8-W;0.0;0.0;10.0;EXW_0726
EXW-160-TRW-R8-F;0.0;0.0;10.0;EXW_0726
EXW-160-TRW-R9-S;0.0;0.0;10.0;EXW_0726
EXW-160-TRW-R9-W;0.0;0.0;10.0;EXW_0726
EXW-160-TRW-R9-F;0.0;0.0;10.0;EXW_0726
EXW-160-TRW-R10-S;0.0;0.0;10.0;EXW_0726
EXW-160-TRW-R10-W;0.0;0.0;10.0;EXW_0726
EXW-160-TRW-R10-F;0.0;0.0;10.0;EXW_0726
EXW-160-TRW-R11-S;0.0;0.0;10.0;EXW_0726
EXW-160-TRW-R11-W;0.0;0.0;10.0;EXW_0726
EXW-160-TRW-R11-F;0.0;0.0;10.0;EXW_0726
EXW-160-TRW-R12-S;0.0;0.0;10.0;EXW_0726
EXW-160-TRW-R12-W;0.0;0.0;10.0;EXW_0726
EXW-160-TRW-R12-F;0.0;0.0;10.0;EXW_0726
EXW-160-TRW-R13-S;0.0;0.0;10.0;EXW_0726
EXW-160-TRW-R13-W;0.0;0.0;10.0;EXW_0726
EXW-160-TRW-R13-F;0.0;0.0;10.0;EXW_0726
EXW-160-TRW-R14-S;0.0;0.0;10.0;EXW_0726
EXW-160-TRW-R14-W;0.0;0.0;10.0;EXW_0726
EXW-160-TRW-R14-F;0.0;0.0;10.0;EXW_0726
EXW-160-TRW-R15-S;0.0;0.0;10.0;EXW_0726
EXW-160-TRW-R15-W;0.0;0.0;10.0;EXW_0726
EXW-160-TRW-R15-F;0.0;0.0;10.0;EXW_0726
EXW-160-TRW-R16-S;0.0;0.0;10.0;EXW_0726
EXW-160-TRW-R16-W;0.0;0.0;10.0;EXW_0726
EXW-160-TRW-R16-F;0.0;0.0;10.0;EXW_0726
EXW-160-TRW-R17-S;0.0;0.0;10.0;EXW_0726
EXW-160-TRW-R17-W;0.0;0.0;10.0;EXW_0726
EXW-160-TRW-R17-F;0.0;0.0;10.0;EXW_0726
EXW-160-TRW-R18-S;0.0;0.0;10.0;EXW_0726
EXW-160-TRW-R18-W;0.0;0.0;10.0;EXW_0726
EXW-160-TRW-R18-F;0.0;0.0;10.0;EXW_0726
EXW-160-TRW-R19-S;0.0;0.0;10.0;EXW_0726
EXW-160-TRW-R19-W;0.0;0.0;10.0;EXW_0726
EXW-160-TRW-R19-F;0.0;0.0;10.0;EXW_0726
EXW-160-TRW-R20-S;0.0;0.0;10.0;EXW_0726
EXW-160-TRW-R20-W;0.0;0.0;10.0;EXW_0726
EXW-160-TRW-R20-F;0.0;0.0;10.0;EXW_0726
EXW-160-TRW-R21-S;0.0;0.0;10.0;EXW_0726
EXW-160-TRW-R21-W;0.0;0.0;10.0;EXW_0726
EXW-160-TRW-R21-F;0.0;0.0;10.0;EXW_0726
EXW-160-TRW-R22-S;0.0;0.0;10.0;EXW_0726
EXW-160-TRW-R22-W;0.0;0.0;10.0;EXW_0726
EXW-160-TRW-R22-F;0.0;0.0;10.0;EXW_0726
EXW-160-TRW-R23-S;0.0;0.0;10.0;EXW_0726
EXW-160-TRW-R23-W;0.0;0.0;10.0;EXW_0726
EXW-160-TRW-R23-F;0.0;0.0;10.0;EXW_0726
EXW-160-TRW-R24-S;0.0;0.0;10.0;EXW_0726
EXW-160-TRW-R24-W;0.0;0.0;10.0;EXW_0726
EXW-160-TRW-R24-F;0.0;0.0;10.0;EXW_0726
EXW-160-TRW-R25-S;0.0;0.0;10.0;EXW_0726
EXW-160-TRW-R25-W;0.0;0.0;10.0;EXW_0726
EXW-160-TRW-R25-F;0.0;0.0;10.0;EXW_0726
EXW-160-TRW-R26-S;0.0;0.0;10.0;EXW_0726
EXW-160-TRW-R26-W;0.0;0.0;10.0;EXW_0726
EXW-160-TRW-R26-F;0.0;0.0;10.0;EXW_0726
EXW-180-TRW-FR1-S;0.0;0.0;10.0;EXW_0726
EXW-180-TRW-FR1-W;0.0;0.0;10.0;EXW_0726
EXW-180-TRW-FR1-F;0.0;0.0;10.0;EXW_0726
EXW-180-TRW-FR2-S;0.0;0.0;10.0;EXW_0726
EXW-180-TRW-FR2-W;0.0;0.0;10.0;EXW_0726
EXW-180-TRW-FR2-F;0.0;0.0;10.0;EXW_0726
EXW-180-TRW-FR3-S;0.0;0.0;10.0;EXW_0726
EXW-180-TRW-FR3-W;0.0;0.0;10.0;EXW_0726
EXW-180-TRW-FR3-F;0.0;0.0;10.0;EXW_0726
EXW-180-TRW-FR4-S;0.0;0.0;10.0;EXW_0726
EXW-180-TRW-FR4-W;0.0;0.0;10.0;EXW_0726
EXW-180-TRW-FR4-F;0.0;0.0;10.0;EXW_0726
EXW-180-TRW-FR5-S;0.0;0.0;10.0;EXW_0726
EXW-180-TRW-FR5-W;0.0;0.0;10.0;EXW_0726
EXW-180-TRW-FR5-F;0.0;0.0;10.0;EXW_0726
EXW-180-TRW-FR6-S;0.0;0.0;10.0;EXW_0726
EXW-180-TRW-FR6-W;0.0;0.0;10.0;EXW_0726
EXW-180-TRW-FR6-F;0.0;0.0;10.0;EXW_0726
EXW-180-TRW-FR7-S;0.0;0.0;10.0;EXW_0726
EXW-180-TRW-FR7-W;0.0;0.0;10.0;EXW_0726
EXW-180-TRW-FR7-F;0.0;0.0;10.0;EXW_0726
EXW-180-TRW-FR8-S;0.0;0.0;10.0;EXW_0726
EXW-180-TRW-FR8-W;0.0;0.0;10.0;EXW_0726
EXW-180-TRW-FR8-F;0.0;0.0;10.0;EXW_0726
EXW-180-TRW-FR9-S;0.0;0.0;10.0;EXW_0726
EXW-180-TRW-FR9-W;0.0;0.0;10.0;EXW_0726
EXW-180-TRW-FR9-F;0.0;0.0;10.0;EXW_0726
EXW-180-TRW-FR10-S;0.0;0.0;10.0;EXW_0726
EXW-180-TRW-FR10-W;0.0;0.0;10.0;EXW_0726
EXW-180-TRW-FR10-F;0.0;0.0;10.0;EXW_0726
EXW-180-TRW-FR11-S;0.0;0.0;10.0;EXW_0726
EXW-180-TRW-FR11-W;0.0;0.0;10.0;EXW_0726
EXW-180-TRW-FR11-F;0.0;0.0;10.0;EXW_0726
EXW-180-TRW-FR12-S;0.0;0.0;10.0;EXW_0726
EXW-180-TRW-FR12-W;0.0;0.0;10.0;EXW_0726
EXW-180-TRW-FR12-F;0.0;0.0;10.0;EXW_0726
EXW-180-TRW-FR13-S;0.0;0.0;10.0;EXW_0726
EXW-180-TRW-FR13-W;0.0;0.0;10.0;EXW_0726
EXW-180-TRW-FR13-F;0.0;0.0;10.0;EXW_0726
EXW-180-TRW-FR14-S;0.0;0.0;10.0;EXW_0726
EXW-180-TRW-FR14-W;0.0;0.0;10.0;EXW_0726
EXW-180-TRW-FR14-F;0.0;0.0;10.0;EXW_0726
EXW-180-TRW-FR15-S;0.0;0.0;10.0;EXW_0726
EXW-180-TRW-FR15-W;0.0;0.0;10.0;EXW_0726
EXW-180-TRW-FR15-F;0.0;0.0;10.0;EXW_0726
EXW-180-TRW-FR16-S;0.0;0.0;10.0;EXW_0726
EXW-180-TRW-FR16-W;0.0;0.0;10.0;EXW_0726
EXW-180-TRW-FR16-F;0.0;0.0;10.0;EXW_0726
EXW-180-TRW-FR17-S;0.0;0.0;10.0;EXW_0726
EXW-180-TRW-FR17-W;0.0;0.0;10.0;EXW_0726
EXW-180-TRW-FR17-F;0.0;0.0;10.0;EXW_0726
EXW-180-TRW-FR18-S;0.0;0.0;10.0;EXW_0726
EXW-180-TRW-FR18-W;0.0;0.0;10.0;EXW_0726
EXW-180-TRW-FR18-F;0.0;0.0;10.0;EXW_0726
EXW-180-TRE-FR1-S;0.0;0.0;10.0;EXW_0726
EXW-180-TRE-FR1-W;0.0;0.0;10.0;EXW_0726
EXW-180-TRE-FR1-F;0.0;0.0;10.0;EXW_0726
EXW-180-TRE-FR2-S;0.0;0.0;10.0;EXW_0726
EXW-180-TRE-FR2-W;0.0;0.0;10.0;EXW_0726
EXW-180-TRE-FR2-F;0.0;0.0;10.0;EXW_0726
EXW-180-TRE-FR3-S;0.0;0.0;10.0;EXW_0726
EXW-180-TRE-FR3-W;0.0;0.0;10.0;EXW_0726
EXW-180-TRE-FR3-F;0.0;0.0;10.0;EXW_0726
EXW-180-TRE-FR4-S;0.0;0.0;10.0;EXW_0726
EXW-180-TRE-FR4-W;0.0;0.0;10.0;EXW_0726
EXW-180-TRE-FR4-F;0.0;0.0;10.0;EXW_0726
EXW-180-TRE-FR5-S;0.0;0.0;10.0;EXW_0726
EXW-180-TRE-FR5-W;0.0;0.0;10.0;EXW_0726
EXW-180-TRE-FR5-F;0.0;0.0;10.0;EXW_0726
EXW-180-TRE-FR6-S;0.0;0.0;10.0;EXW_0726
EXW-180-TRE-FR6-W;0.0;0.0;10.0;EXW_0726
EXW-180-TRE-FR6-F;0.0;0.0;10.0;EXW_0726
EXW-180-TRE-FR7-S;0.0;0.0;10.0;EXW_0726
EXW-180-TRE-FR7-W;0.0;0.0;10.0;EXW_0726
EXW-180-TRE-FR7-F;0.0;0.0;10.0;EXW_0726
EXW-180-TRE-FR8-S;0.0;0.0;10.0;EXW_0726
EXW-180-TRE-FR8-W;0.0;0.0;10.0;EXW_0726
EXW-180-TRE-FR8-F;0.0;0.0;10.0;EXW_0726
EXW-180-TRE-FR9-S;0.0;0.0;10.0;EXW_0726
EXW-180-TRE-FR9-W;0.0;0.0;10.0;EXW_0726
EXW-180-TRE-FR9-F;0.0;0.0;10.0;EXW_0726
EXW-180-TRE-FR10-S;0.0;0.0;10.0;EXW_0726
EXW-180-TRE-FR10-W;0.0;0.0;10.0;EXW_0726
EXW-180-TRE-FR10-F;0.0;0.0;10.0;EXW_0726
EXW-180-TRE-FR11-S;0.0;0.0;10.0;EXW_0726
EXW-180-TRE-FR11-W;0.0;0.0;10.0;EXW_0726
EXW-180-TRE-FR11-F;0.0;0.0;10.0;EXW_0726
EXW-180-TRE-FR12-S;0.0;0.0;10.0;EXW_0726
EXW-180-TRE-FR12-W;0.0;0.0;10.0;EXW_0726
EXW-180-TRE-FR12-F;0.0;0.0;10.0;EXW_0726
EXW-PL14;69.0;35.0;72.09;EXW_0726
BOU_PH1A_016;0.0;0.0;-72.86;
BOU_PH1A_016;3.0;359.98;-72.48;
BOU_PH1A_016;6.0;359.86;-72.4;
BOU_PH1A_016;9.0;359.88;-72.57;
BOU_PH1A_016;12.0;359.88;-72.8;
BOU_PH1A_016;15.0;359.88;-72.84;
BOU_PH1A_016;18.0;359.71;-72.67;
BOU_PH1A_016;21.0;359.92;-72.67;
BOU_PH1A_016;24.0;0.16;-72.67;
BOU_PH1A_016;27.0;359.96;-72.75;
BOU_PH1A_016;30.0;359.99;-72.65;
BOU_PH1A_016;33.0;0.06;-72.51;
BOU_PH1A_016;36.0;0.22;-72.53;
BOU_PH1A_016;39.0;0.03;-72.4;
BOU_PH1A_016;42.0;0.33;-72.34;
BOU_PH1A_016;45.0;0.1;-72.6;
BOU_PH1A_016;48.0;359.98;-72.77;
BOU_PH1A_016;51.0;0.27;-73.06;
BOU_PH1A_016;54.0;359.77;-73.39;
BOU_PH1A_016;57.0;359.76;-73.69;
BOU_PH1A_016;60.0;359.54;-73.9;
BOU_PH1A_016;63.0;359.21;-73.99;
BOU_PH1A_016;66.0;359.24;-73.88;
BOU_PH1A_016;69.0;358.63;-73.89;
BOU_PH1A_016;72.0;358.78;-73.84;
BOU_PH1A_016;75.0;358.3;-73.74;
BOU_PH1A_016;78.0;358.26;-74.04;
BOU_PH1A_016;81.0;357.52;-74.13;
BOU_PH1A_016;84.0;357.77;-74.15;
BOU_PH1A_016;87.0;357.46;-74.33;
BOU_PH1A_016;90.0;357.43;-74.52;
BOU_PH1A_016;93.0;357.5;-74.64;
BOU_PH1A_016;96.0;357.61;-74.7;
BOU_PH1A_016;99.0;357.54;-74.75;
BOU_PH1A_016;102.0;357.75;-74.83;
BOU_PH1A_016;105.0;357.82;-74.68;
BOU_PH1A_016;108.0;357.61;-74.85;
BOU_PH1A_016;111.0;357.64;-74.89;
BOU_PH1A_016;114.0;358.09;-74.83;
BOU_PH1A_016;117.0;357.87;-74.91;
BOU_PH1A_016;120.0;357.92;-74.87;
BOU_PH1A_016;123.0;357.86;-75.09;
BOU_PH1A_016;126.0;357.72;-74.97;
BOU_PH1A_016;129.0;357.53;-75.16;
BOU_PH1A_016;132.0;357.59;-75.19;
BOU_PH1A_016;135.0;356.7;-75.21;
BOU_PH1A_016;138.0;356.34;-75.16;
BOU_PH1A_016;141.0;356.65;-75.14;
BOU_PH1A_016;144.0;356.11;-75.21;
BOU_PH1A_016;147.0;356.22;-75.13;
BOU_PH1A_016;150.0;356.43;-75.19;
BOU_PH1A_016;153.0;355.85;-75.23;
BOU_PH1A_016;156.0;356.1;-75.3;
BOU_PH1A_016;159.0;355.96;-75.36;
BOU_PH1A_016;162.0;355.51;-75.35;
BOU_PH1A_016;165.0;354.87;-75.51;
BOU_PH1A_016;168.0;355.2;-75.49;
BOU_PH1A_016;171.0;354.79;-75.47;
BOU_PH1A_016;174.0;354.92;-75.54;
BOU_PH1A_016;177.0;354.77;-75.47;
BOU_PH1A_016;180.0;354.93;-75.54;
BOU_PH1A_016;183.0;354.82;-75.46;
BOU_PH1A_016;186.0;354.91;-75.57;
BOU_PH1A_016;189.0;354.96;-75.65;
BOU_PH1A_016;192.0;355.05;-75.69;
BOU_PH1A_016;195.0;354.76;-75.9;
BOU_PH1A_016;198.0;354.36;-75.99;
BOU_PH1A_016;201.0;354.41;-76.03;
BOU_PH1A_016;204.0;354.42;-76.25;
BOU_PH1A_016;207.0;354.2;-76.35;
BOU_PH1A_016;210.0;354.04;-76.49;
BOU_PH1A_016;213.0;353.83;-76.62;
BOU_PH1A_016;216.0;353.95;-76.73;
BOU_PH1A_016;219.0;353.57;-76.8;
BOU_PH1A_016;222.0;354.44;-76.83;
BOU_PH1A_016;225.0;353.94;-76.88;
BOU_PH1A_016;228.0;354.13;-76.92;
BOU_PH1A_016;231.0;354.4;-76.96;
BOU_PH1A_016;234.0;354.48;-76.89;
BOU_PH1A_016;237.0;354.31;-76.84;
BOU_PH1A_016;240.0;354.44;-76.91;
BOU_PH1A_016;243.0;354.57;-76.89;
BOU_PH1A_016;246.0;354.53;-76.85;
BOU_PH1A_016;249.0;354.51;-76.85;
BOU_PH1A_016;252.0;354.49;-76.83;
BOU_PH1A_016;255.0;355.2;-76.77;
BOU_PH1A_016;258.0;355.14;-76.71;
BOU_PH1A_016;261.0;355.09;-76.78;
BOU_PH1A_016;264.0;355.46;-76.69;
BOU_PH1A_016;267.0;355.96;-76.67;
BOU_PH1A_016;270.0;355.86;-76.69;
BOU_PH1A_016;273.0;355.7;-76.69;
BOU_PH1A_016;276.0;355.99;-76.63;
BOU_PH1A_016;279.0;356.13;-76.59;
BOU_PH1A_016;282.0;356.08;-76.66;
BOU_PH1A_016;285.0;356.54;-76.69;
BOU_PH1A_016;288.0;356.02;-76.62;
BOU_PH1A_016;291.0;356.5;-76.64;
BOU_PH1A_016;294.0;356.05;-76.71;
BOU_PH1A_016;297.0;356.5;-76.77;
BOU_PH1A_016;300.0;356.52;-76.64;
BOU_PH1A_016;303.0;356.46;-76.75;
BOU_PH1A_016;306.0;356.53;-76.68;
BOU_PH1A_016;309.0;356.45;-76.74;
BOU_PH1A_016;312.0;356.3;-76.6;
BOU_PH1A_016;315.0;356.54;-76.68;
BOU_PH1A_016;318.0;356.13;-76.62;
BOU_PH1A_016;321.0;356.69;-76.49;
BOU_PH1A_016;324.0;356.47;-76.61;
BOU_PH1A_016;327.0;356.61;-76.56;
BOU_PH1A_016;330.0;356.77;-76.58;
BOU_PH1A_016;333.0;356.61;-76.45;
BOU_PH1A_016;336.0;356.85;-76.56;
BOU_PH1A_016;339.0;356.94;-76.5;
BOU_PH1A_016;342.0;356.98;-76.45;
BOU_PH1A_016;345.0;356.71;-76.46;
BOU_PH1A_016;348.0;356.78;-76.39;
BOU_PH1A_016;351.0;357.18;-76.41;
BOU_PH1A_016;354.0;356.95;-76.32;
BOU_PH1A_016;357.0;356.8;-76.31;
BOU_PH1A_016;360.0;356.83;-76.46;
BOU_PH1A_016;363.0;357.05;-76.29;
BOU_PH1A_016;366.0;357.07;-76.37;
BOU_PH1A_016;369.0;356.72;-76.35;
BOU_PH1A_016;372.0;357.59;-76.34;
BOU_PH1A_016;375.0;357.6;-76.4;
BOU_PH1A_016;378.0;357.82;-76.25;
BOU_PH1A_016;381.0;357.61;-76.41;
BOU_PH1A_016;384.0;357.47;-76.41;
BOU_PH1A_016;387.0;357.84;-76.35;
BOU_PH1A_016;390.0;358.01;-76.37;
BOU_PH1A_016;393.0;357.97;-76.39;
BOU_PH1A_016;396.0;357.95;-76.35;
BOU_PH1A_016;399.0;357.45;-76.34;
BOU_PH1A_016;402.0;357.95;-76.32;
BOU_PH1A_016;405.0;357.6;-76.33;
BOU_PH1A_016;408.0;357.96;-76.35;
BOU_PH1A_016;411.0;358.01;-76.26;
BOU_PH1A_016;414.0;357.68;-76.44;
BOU_PH1A_016;417.0;357.73;-76.28;
BOU_PH1A_016;420.0;357.83;-76.39;
BOU_PH1A_016;423.0;358.33;-76.22;
BOU_PH1A_016;426.0;357.94;-76.31;
BOU_PH1A_016;429.0;357.9;-76.27;
BOU_PH1A_016;432.0;358.25;-76.37;
BOU_PH1A_016;435.0;357.91;-76.25;
BOU_PH1A_016;438.0;358.21;-76.34;
BOU_PH1A_016;441.0;358.34;-76.28;
BOU_PH1A_016;444.0;357.85;-76.33;
BOU_PH1A_016;447.0;357.92;-76.22;
BOU_PH1A_016;450.0;357.75;-76.2;
BOU_PH1A_016;453.0;357.76;-76.33;
BOU_PH1A_016;456.0;357.63;-76.29;
BOU_PH1A_016;459.0;357.51;-76.34;
BOU_PH1A_016;462.0;357.6;-76.17;
BOU_PH1A_016;465.0;357.07;-76.29;
BOU_PH1A_016;468.0;357.67;-76.27;
BOU_PH1A_016;471.0;357.04;-76.23;
BOU_PH1A_016;474.0;357.88;-76.3;
BOU_PH1A_016;477.0;357.24;-76.29;
BOU_PH1A_016;480.0;357.77;-76.19;
BOU_PH1A_016;483.0;357.78;-76.15;
BOU_PH1A_016;486.0;357.92;-76.18;
BOU_PH1A_016;489.0;357.82;-76.24;
BOU_PH1A_016;492.0;357.72;-76.13;
BOU_PH1A_016;495.0;357.93;-76.17;
BOU_PH1A_016;498.0;357.85;-76.19;
BOU_PH1A_016;500.0;358.04;-76.31;
AK16;0;20;62;
AK17;0;30;60;
AK18;0;30;60;
AK19;0;185;65;
AK20;0;30;60;
AK21;0;30;65;
AK22;0;210;65;
AK23Bis;0;210;60;
AK24;0;210;60;
AK25;0;30;58;
AK26;0;30;60;
AK26;50;30;60;
AK26;100;30;60;
AK26;150;30;60;
AK26;190;30;60;
AK27;0;20;60;
AK27;50;20;60;
AK27;10;20;60;
AK27;150;20;60;
AK27;208;20;61;
AK28;0;15;65;
AK29;0;30;58;
AK29;50;30;58;
AK29;100;30;58;
AK29;150;30;58;
AK29;250;30;59;
AK29;300;30;59;
AK29;343;30;59;
AK30;0;210;58;
AK30;50;210;58;
AK30;100;210;58;
AK30;150;210;58;
AK30;200;210;58;
AK30;250;210;59;
AK30;300;210;59;
AK30;350;210;58;
AK31;0;30;60;
AK32;0;30;60;
AK33;0;20;58;
AK33;50;20;58;
AK33;100;20;58;
AK33;150;20;58;
AK33;200;20;59;
AK33;250;20;59;
AK33;286;20;59;
AK34;0;30;60;
AK35Bis;0;20;55;
AK35Bis;50;20;55;
AK35Bis;100;20;55;
AK35Bis;150;20;55;
AK35Bis;187;20;56;
AK36;0;30;60;
AK37;0;20;55;
AK37;50;20;55;
AK37;100;20;55;
AK37;150;20;56;
AK37;187;20;56;
AK38;0;20;60;
AK38;50;20;55;
AK38;100;20;55;
AK38;150;20;55;
AK38;200;20;56;
AK38;250;20;56;
AK38;271;20;56;
AK39;0;30;60;
AK40;0;20;60;
AK40;50;20;60;
AK40;100;20;60;
AK40;145;20;61;
AK41;0;30;60;
AK42;0;20;60;
AK42;50;20;60;
AK42;130;20;61;
AK43;0;210;70;
AK43;50;210;70;
AK43;100;210;70;
AK43;150;210;70;
AK43;200;210;71;
AK43;226;210;71;
AK44;0;30;60;
AK45;0;30;60;
AK45;50;30;60;
AK45;100;30;60;
AK45;150;30;60;
AK45;200;30;59;
AK45;237;30;58;
AK46;0;20;70;
AK46;50;20;70;
AK46;100;20;70;
AK46;150;20;70;
AK46;178;20;69;
AK47;0;5;60;
AK47;50;5;60;
AK47;100;5;60;
AK47;150;5;60;
AK47;190;5;59;
AK48Bis;0;30;62;
AK49;0;30;65;
AK50;0;30;55;
AK51;0;30;58;
AK52Bis;0;205;57;
AK53;0;30;68;
AK54;0;30;60;
AK55;0;210;55;
AK56;0;210;70;
AK57;0;210;61;
AK58;0;20;67;
AK59Bis1;0;20;67;
AKCis1;0;0;62;
AKCis10;0;195;62;
AKCis11;0;195;62;
AKCis12;0;195;62;
AKCis13;0;195;62;
AKCis14;0;195;62;
AKCis15;0;195;62;
AKCis16;0;195;62;
AKCis17;0;30;62;
AKCis18;0;30;62;
AKCis19;0;30;62;
AKCis2;0;5;62;
AKCis20;0;15;62;
AKCis21;0;30;62;
AKCis22;0;30;62;
AKCis23;0;30;62;
AKCis24;0;30;62;
AKCis25;0;30;62;
AKCis26;0;30;62;
AKCis27;0;210;62;
AKCis28;0;210;62;
AKCis29;0;210;62;
AKCis3;0;5;62;
AKCis30;0;30;62;
AKCis31;0;30;62;
AKCis32;0;30;55;
AKCis33;0;30;62;
AKCis34;0;20;62;
AKCis35;0;20;62;
AKCis36;0;20;65.5;
AKCis37;0;20;62;
AKCis4;0;5;62;
AKCis5;0;5;62;
AKCis6;0;5;62;
AKCis7;0;5;62;
AKCis8;0;15;62;
AKCis9;0;195;62;
AKR1;0;210;55;
AKR10;0;30;55;
AKR11;0;210;55;
AKR12;0;210;55;
AKR13;0;210;55;
AKR14;0;210;55;
AKR2;0;30;55;
AKR3;0;210;55;
AKR4;0;210;55;
AKR5;0;210;55;
AKR6;0;210;55;
AKR7;0;30;55;
AKR8;0;210;55;
AKR9;0;210;55;
AKCis38;0;210;60;
AKCis39;0;210;60;
AKCis40;0;210;60;
AKCis41;0;210;60;
AKCis42;0;210;60;
AKCis43;0;210;65;
AKCis44;0;210;60;
AKCis45;0;210;70;
AKCis46;0;210;66;
AKCis47;0;210;60;
AKCis48;0;210;60;
AKCis49;0;210;60;
AKCis50;0;210;60;
AKCis51;0;210;60;
AKCis52;0;210;60;
AKCis53;0;210;60;
AKCis54;0;210;60;
AKCis55;0;20;60;
AKCis56;0;200;60;
AKCis57;0;20;60;
AKCis58;0;20;60;
AKCis59;0;210;60;
AKCis60;0;200;60;
AKCis61;0;200;60;
AK-50TailleE1R1;0;21;18;
AK-50TailleE1R2;0;21;18;
AK-50TailleE1R3;0;21;18;
AK-50TailleE1R4;0;21;18;
AK-50TailleE1R5;0;21;18;
AK-50TailleE1R6;0;21;18;
AK-50TailleE1R7;0;21;18;
AK-50TailleE1R8;0;21;18;
AK-50TailleE2R1;0;21;15;
AK-50TailleE2R10;0;21;15;
AK-50TailleE2R11;0;21;15;
AK-50TailleE2R12;0;21;15;
AK-50TailleE2R13;0;21;15;
AK-50TailleE2R14;0;21;15;
AK-50TailleE2R15;0;21;15;
AK-50TailleE2R16;0;21;15;
AK-50TailleE2R17;0;21;15;
AK-50TailleE2R18;0;21;15;
AK-50TailleE2R19;0;21;15;
AK-50TailleE2R2;0;21;15;
AK-50TailleE2R20;0;21;15;
AK-50TailleE2R21;0;21;15;
AK-50TailleE2R22;0;21;15;
AK-50TailleE2R3;0;21;15;
AK-50TailleE2R4;0;21;15;
AK-50TailleE2R5;0;21;15;
AK-50TailleE2R6;0;21;15;
AK-50TailleE2R7;0;21;15;
AK-50TailleE2R8;0;21;15;
AK-50TailleE2R9;0;21;15;
AK-50TailleWR1;0;21;10;
AK-50TailleWR2;0;21;10;
AK-50TailleWR3;0;21;10;
AK-50TailleWR4;0;21;10;
AK-50TailleWR5;0;21;10;
AK-50TailleWR6;0;21;10;
AK-50TailleWR7;0;21;10;
AK-50TailleWR8;0;21;10;
AK-50TailleWR9;0;21;10;
AK-50TRE1F1;0;14;12;
AK-50TRE1F10;0;5;20;
AK-50TRE1F11;0;0;20;
AK-50TRE1F12;0;0;20;
AK-50TRE1F13;0;0;20;
AK-50TRE1F14;0;0;20;
AK-50TRE1F15;0;0;30;
AK-50TRE1F16;0;0;30;
AK-50TRE1F17;0;0;30;
AK-50TRE1F18;0;0;15;
AK-50TRE1F19;0;1;15;
AK-50TRE1F2;0;17;12;
AK-50TRE1F20;0;0;15;
AK-50TRE1F21;0;17;17;
AK-50TRE1F22;0;17;17;
AK-50TRE1F23;0;21;17;
AK-50TRE1F24;0;24;17;
AK-50TRE1F25;0;21;17;
AK-50TRE1F3;0;17;12;
AK-50TRE1F4;0;17;10;
AK-50TRE1F5;0;15;10;
AK-50TRE1F6;0;13;0;
AK-50TRE1F7;0;13;5;
AK-50TRE1F8;0;13;0;
AK-50TRE1F9;0;10;23;
AK-50TREF1;0;31;15;
AK-50TREF10;0;31;22;
AK-50TREF11;0;30;22;
AK-50TREF12;0;31;22;
AK-50TREF13;0;31;10;
AK-50TREF14;0;31;10;
AK-50TREF15;0;32;10;
AK-50TREF16;0;31;10;
AK-50TREF17;0;30;10;
AK-50TREF18;0;34;10;
AK-50TREF19;0;31;10;
AK-50TREF2;0;31;15;
AK-50TREF20;0;25;10;
AK-50TREF21;0;23;10;
AK-50TREF22;0;14;10;
AK-50TREF23;0;31;10;
AK-50TREF24;0;31;10;
AK-50TREF25;0;30;10;
AK-50TREF26;0;17;10;
AK-50TREF27;0;16;10;
AK-50TREF28;0;15;15;
AK-50TREF29;0;13;15;
AK-50TREF3;0;31;15;
AK-50TREF30;0;14;15;
AK-50TREF31;0;14;15;
AK-50TREF32;0;18;15;
AK-50TREF33;0;19;0;
AK-50TREF34;0;23;0;
AK-50TREF35;0;23;0;
AK-50TREF36;0;21;0;
AK-50TREF37;0;34;0;
AK-50TREF38;0;21;0;
AK-50TREF39;0;22;0;
AK-50TREF4;0;31;16;
AK-50TREF40;0;22;0;
AK-50TREF41;0;22;0;
AK-50TREF42;0;22;0;
AK-50TREF43;0;23;0;
AK-50TREF5;0;31;16;
AK-50TREF6;0;31;16;
AK-50TREF7;0;31;0;
AK-50TREF8;0;32;22;
AK-50TREF9;0;31;22;
AK-50TRWF1;0;25;15;
AK-50TRWF10;0;27;20;
AK-50TRWF11;0;25;20;
AK-50TRWF12;0;28;18;
AK-50TRWF13;0;26;18;
AK-50TRWF14;0;26;10;
AK-50TRWF15;0;26;12;
AK-50TRWF16;0;25;12;
AK-50TRWF17;0;25;15;
AK-50TRWF18;0;25;15;
AK-50TRWF19;0;25;15;
AK-50TRWF2;0;26;15;
AK-50TRWF20;0;26;15;
AK-50TRWF21;0;29;15;
AK-50TRWF22;0;25;15;
AK-50TRWF23;0;24;10;
AK-50TRWF24;0;25;10;
AK-50TRWF25;0;25;10;
AK-50TRWF26;0;30;10;
AK-50TRWF27;0;25;15;
AK-50TRWF28;0;21;20;
AK-50TRWF29;0;21;20;
AK-50TRWF3;0;26;15;
AK-50TRWF30;0;22;20;
AK-50TRWF31;0;21;20;
AK-50TRWF32;0;22;10;
AK-50TRWF33;0;31;10;
AK-50TRWF34;0;21;10;
AK-50TRWF35;0;25;10;
AK-50TRWF36;0;21;15;
AK-50TRWF37;0;33;15;
AK-50TRWF38;0;36;15;
AK-50TRWF39;0;44;15;
AK-50TRWF4;0;26;15;
AK-50TRWF40;0;39;15;
AK-50TRWF41;0;37;15;
AK-50TRWF42;0;37;10;
AK-50TRWF44;0;40;2;
AK-50TRWF45;0;39;2;
AK-50TRWF46;0;39;2;
AK-50TRWF47;0;39;0;
AK-50TRWF48;0;40;0;
AK-50TRWF49;0;39;20;
AK-50TRWF5;0;26;15;
AK-50TRWF50;0;42;20;
AK-50TRWF51;0;42;0;
AK-50TRWF52;0;42;0;
AK-50TRWF53;0;45;0;
AK-50TRWF54;0;28;15;
AK-50TRWF55;0;30;0;
AK-50TRWF56;0;22;0;
AK-50TRWF57;0;25;0;
AK-50TRWF58;0;22;0;
AK-50TRWF59;0;21;0;
AK-50TRWF6;0;28;18;
AK-50TRWF60;0;31;0;
AK-50TRWF61;0;32;0;
AK-50TRWF62;0;31;0;
AK-50TRWF63;0;31;25;
AK-50TRWF64;0;27;35;
AK-50TRWF65;0;31;40;
AK-50TRWF66;0;29;40;
AK-50TRWF67;0;27;0;
AK-50TRWF68;0;29;0;
AK-50TRWF69;0;29;0;
AK-50TRWF7;0;26;18;
AK-50TRWF70;0;29;0;
AK-50TRWF71;0;29;0;
AK-50TRWF72;0;26;0;
AK-50TRWF73;0;27;0;
AK-50TRWF74;0;30;15;
AK-50TRWF75;0;24;12;
AK-50TRWF76;0;24;15;
AK-50TRWF77;0;22;22;
AK-50TRWF78;0;335;25;
AK-50TRWF79;0;0;0;
AK-50TRWF8;0;26;18;
AK-50TRWF80;0;0;0;
AK-50TRWF81;0;40;5;
AK-50TRWF82;0;54;5;
AK-50TRWF83;0;89;0;
AK-50TRWF84;0;101;0;
AK-50TRWF85;0;100;0;
AK-50TRWF9;0;27;18;
AK-50TRWSTRNF1;0;20;15;
AK-50TRWSTRNF10;0;33.3;7;
AK-50TRWSTRNF100;0;32.2708;3;
AK-50TRWSTRNF101;0;32.1513;11;
AK-50TRWSTRNF102;0;29.4414;25;
AK-50TRWSTRNF103;0;32.2811;5;
AK-50TRWSTRNF104;0;32.6331;25;
AK-50TRWSTRNF105;0;33.9728;30;
AK-50TRWSTRNF106;0;31.7499;25;
AK-50TRWSTRNF107;0;34.2156;25;
AK-50TRWSTRNF108;0;30.3395;25;
AK-50TRWSTRNF109;0;39.5437;30;
AK-50TRWSTRNF11;0;31.54;10;
AK-50TRWSTRNF110;0;33.7169;28;
AK-50TRWSTRNF12;0;40.23;10;
AK-50TRWSTRNF13;0;40.74;10;
AK-50TRWSTRNF14;0;42.55;12;
AK-50TRWSTRNF15;0;15.35;12;
AK-50TRWSTRNF16;0;15.95;10;
AK-50TRWSTRNF17;0;16.02;10;
AK-50TRWSTRNF18;0;23.76;10;
AK-50TRWSTRNF19;0;18.64;5;
AK-50TRWSTRNF2;0;22.63;15;
AK-50TRWSTRNF20;0;16.84;5;
AK-50TRWSTRNF21;0;18.44;5;
AK-50TRWSTRNF22;0;17.16;5;
AK-50TRWSTRNF23;0;18.44;8;
AK-50TRWSTRNF24;0;16.38;8;
AK-50TRWSTRNF25;0;10.93;3;
AK-50TRWSTRNF26;0;15.53;5;
AK-50TRWSTRNF27;0;13.16;5;
AK-50TRWSTRNF28;0;19.8;14;
AK-50TRWSTRNF29;0;14.29;8;
AK-50TRWSTRNF3;0;27.08;15;
AK-50TRWSTRNF30;0;15.35;10;
AK-50TRWSTRNF31;0;14.3;8;
AK-50TRWSTRNF32;0;29.69;8;
AK-50TRWSTRNF33;0;26.88;6;
AK-50TRWSTRNF34;0;20.33;25;
AK-50TRWSTRNF35;0;17.01;25;
AK-50TRWSTRNF36;0;15.43;22;
AK-50TRWSTRNF37;0;15.09;25;
AK-50TRWSTRNF38;0;14.04;20;
AK-50TRWSTRNF39;0;26.17;20;
AK-50TRWSTRNF4;0;30.48;15;
AK-50TRWSTRNF40;0;29.22;30;
AK-50TRWSTRNF41;0;28.03;22;
AK-50TRWSTRNF42;0;32.07;25;
AK-50TRWSTRNF43;0;23.054;30;
AK-50TRWSTRNF44;0;33.89;29;
AK-50TRWSTRNF45;0;27.36;45;
AK-50TRWSTRNF46;0;29.026;34;
AK-50TRWSTRNF47;0;23.57;34;
AK-50TRWSTRNF48;0;24.67;34;
AK-50TRWSTRNF49;0;10.67;45;
AK-50TRWSTRNF5;0;27.08;15;
AK-50TRWSTRNF50;0;16.04;42;
AK-50TRWSTRNF51;0;13.36;40;
AK-50TRWSTRNF52;0;14.09;45;
AK-50TRWSTRNF53;0;17.02;40;
AK-50TRWSTRNF54;0;13.16;34;
AK-50TRWSTRNF55;0;14.64;35;
AK-50TRWSTRNF56;0;14.75;35;
AK-50TRWSTRNF57;0;14.66;33;
AK-50TRWSTRNF58;0;13.93;33;
AK-50TRWSTRNF59;0;13.29;45;
AK-50TRWSTRNF60;0;13.79;30;
AK-50TRWSTRNF62;0;15.63;34;
AK-50TRWSTRNF63;0;15.9;40;
AK-50TRWSTRNF64;0;16.6;30;
AK-50TRWSTRNF65;0;16.6;30;
AK-50TRWSTRNF66;0;18.4431;25;
AK-50TRWSTRNF67;0;18.1676;25;
AK-50TRWSTRNF68;0;19.7563;34;
AK-50TRWSTRNF69;0;17.0284;42;
AK-50TRWSTRNF70;0;20.8846;36;
AK-50TRWSTRNF71;0;17.6207;25;
AK-50TRWSTRNF72;0;22.1467;25;
AK-50TRWSTRNF73;0;19.0049;38;
AK-50TRWSTRNF74;0;22.488;40;
AK-50TRWSTRNF75;0;21.8103;40;
AK-50TRWSTRNF76;0;21.4228;33;
AK-50TRWSTRNF77;0;22.26;33;
AK-50TRWSTRNF78;0;14.4779;34;
AK-50TRWSTRNF79;0;27.1281;5;
AK-50TRWSTRNF8;0;29.71;15;
AK-50TRWSTRNF80;0;27.222;5;
AK-50TRWSTRNF81;0;29.2967;10;
AK-50TRWSTRNF82;0;26.56;5;
AK-50TRWSTRNF83;0;30.8157;5;
AK-50TRWSTRNF84;0;25.307;11;
AK-50TRWSTRNF85;0;19.5256;5;
AK-50TRWSTRNF86;0;16.0997;10;
AK-50TRWSTRNF87;0;26.5713;10;
AK-50TRWSTRNF88;0;32.0132;10;
AK-50TRWSTRNF89;0;32.282;10;
AK-50TRWSTRNF9;0;32.4;10;
AK-50TRWSTRNF90;0;15.263;10;
AK-50TRWSTRNF91;0;33.6979;10;
AK-50TRWSTRNF92;0;32.0128;5;
AK-50TRWSTRNF93;0;30.4715;5;
AK-50TRWSTRNF94;0;29.7516;5;
AK-50TRWSTRNF95;0;41.3557;11;
AK-50TRWSTRNF96;0;36.8774;11;
AK-50TRWSTRNF97;0;29.2039;22;
AK-50TRWSTRNF98;0;30.6573;22;
AK-50TRWSTRNF99;0;46.9825;3;
AK-8FosseEstE1;0;21.4;0;
AK-8FosseEstE2;0;19;0;
AK-8FosseEstE3;0;16;0;
AK-8FosseEstE4;0;17;0;
AK-8FosseEstE5;0;11;0;
AK-8FosseEstE6;0;14;0;
AK-8FosseEstE7;0;1;0;
AK-21FosseEstGW;0;27;0;
AK-21FosseEstE1;0;27;0;
AK-21FosseEstE2;0;27;0;
AK-21FosseEstE3;0;27;0;
AK-21FosseEstE4;0;27;0;
AK-21FosseEstE5;0;27;0;
AK-21FosseEstE6;0;21.5;0;
AK-21FosseEstE7;0;18.5;0;
AK-21FosseEstE8;0;13;0;
AK-21FosseEstE9;0;6;0;
AK-21FosseEstE10;0;6;0;
AK-21FosseEstGE;0;6;0;
AK-21FosseEstE11;0;6;0;
AK-21FosseEstE12;0;6;0;
AK-21FosseEstE13;0;6;0;
AK-TRN1-RN1;0;0;0;
AK-TRN1-RN2;0;0;0;
AK-TRN1-RN3;0;0;0;
AK-TRN1-RN4;0;0;0;
AK-TRN1-RN5;0;0;0;
AK-TRN1-RN6;0;0;0;
AK-TRN1-RN7;0;0;0;
AK-TRN1-RN8;0;0;0;
AK-TRN1-RN9;0;0;0;
AK-TRN1-RN10;0;0;0;
AK-TRN1-RN11;0;0;0;
AK-TRN1-RN12;0;0;0;
AK-TRN1-RN13;0;0;0;
AK-TRN1-RN14;0;0;0;
AK-TRN1-RN15;0;0;0;
AK-TRN2-RN1;0;0;0;
AK-TRN2-RN2;0;0;0;
AK-TRN2-RN3;0;0;0;
AK-TRN2-RN4;0;0;0;
AK-TRN2-RN5;0;0;0;
OMN14;0;200;75;
OMN16;0;195;74;
OMN13;0;200;70;
OMN22;0;195;70;
OMNCis6;0;190;70;
OMN8;0;200;68;
OMN21;0;0;66;
OMN10;0;200;65;
OMN11;0;200;65;
OMN12;0;20;65;
OMN19;0;10;65;
OMN20;0;10;65;
OMN4;0;20;65;
OMN6;0;10;65;
OMN7;0;10;65;
OMN9;0;200;65;
OMNCis5;0;185;65;
OMNCis64;0;190;65;
OMNCis78;0;200;65;
OMNCis84;0;200;65;
OMNCis85;0;200;65;
OMN-RC-05;50;201.63;62.67;
OMN-RC-30;50;20.3;62.2;
OMN-RC-41;30;199.44;62.16;
OMN18;0;195;62;
OMNCis10;0;20;62;
OMNCis11;0;20;62;
OMNCis12;0;20;62;
OMNCis13;0;20;62;
OMNCis14;0;20;62;
OMNCis15;0;20;62;
OMNCis16;0;15;62;
OMNCis17;0;15;62;
OMNCis18;0;15;62;
OMNCis19;0;15;62;
OMNCis20;0;15;62;
OMNCis21;0;20;62;
OMNCis22;0;20;62;
OMNCis23;0;20;62;
OMNCis24;0;200;62;
OMNCis25;0;200;62;
OMNCis26;0;200;62;
OMNCis27;0;200;62;
OMNCis28;0;200;62;
OMNCis29;0;200;62;
OMNCis31;0;200;62;
OMNCis32;0;200;62;
OMNCis33;0;200;62;
OMNCis34;0;200;62;
OMNCis35;0;200;62;
OMNCis36;0;200;62;
OMNCis37;0;200;62;
OMNCis38;0;200;62;
OMNCis39;0;200;62;
OMNCis40;0;200;62;
OMNCis7;0;190;62;
OMNCis8;0;190;62;
OMNCis87;0;15;62;
OMNCis9;0;20;62;
OMN-RC-13;50;199.78;61.8;
OMN-RC-36;60;201.06;61.64;
OMN-RC-53;60;205.01;61.6;
OMN-RC-16;60;198.4;61.4;
OMNCis30;0;200;61;
OMN-RC-16;30;197.72;60.96;
OMN-RC-54;0;200;60.96;
OMN-RC-09;50;199.66;60.92;
OMN-RC-04;100;199.13;60.88;
OMN-RC-53;0;200;60.85;
OMN-RC-15;50;199.73;60.73;
OMN-RC-54;30;197.28;60.71;
OMN-RC-53;30;199.82;60.6;
OMN-RC-36;30;200.56;60.31;
OMN15;0;200;60;
OMN5;0;10;60;
OMNCis4;0;5;60;
OMNCis41;0;15;60;
OMNCis42;0;15;60;
OMNCis43;0;15;60;
OMNCis44;0;15;60;
OMNCis45;0;15;60;
OMNCis46;0;15;60;
OMNCis47;0;15;60;
OMNCis47Bis;0;15;60;
OMNCis48;0;15;60;
OMNCis49;0;15;60;
OMNCis50;0;15;60;
OMNCis51;0;200;60;
OMNCis52;0;200;60;
OMNCis53;0;20;60;
OMNCis54;0;200;60;
OMNCis55;0;200;60;
OMNCis56;0;200;60;
OMNCis57;0;200;60;
OMNCis58;0;200;60;
OMNCis59;0;20;60;
OMNCis60;0;20;60;
OMNCis61;0;20;60;
OMNCis62;0;185;60;
OMNCis63;0;185;60;
OMNCis65;0;5;60;
OMNCis66;0;10;60;
OMNCis67;0;10;60;
OMNCis68;0;10;60;
OMNCis69;0;10;60;
OMNCis70;0;10;60;
OMNCis71;0;10;60;
OMNCis72;0;10;60;
OMNCis73;0;10;60;
OMNCis74;0;10;60;
OMNCis75;0;5;60;
OMNCis76;0;200;60;
OMNCis77;0;200;60;
OMNCis79;0;200;60;
OMNCis80;0;200;60;
OMNCis81;0;200;60;
OMNCis82;0;200;60;
OMNCis83;0;200;60;
OMNCis86;0;15;60;
OMN-RC-01;0;200;60;
OMN-RC-04;0;200;60;
OMN-RC-05;0;200;60;
OMN-RC-07;0;200;60;
OMN-RC-09;0;200;60;
OMN-RC-11;0;200;60;
OMN-RC-13;0;200;60;
OMN-RC-15;0;200;60;
OMN-RC-16;0;200;60;
OMN-RC-17;0;200;60;
OMN-RC-18;0;200;60;
OMN-RC-19;0;200;60;
OMN-RC-20;0;200;60;
OMN-RC-21;0;200;60;
OMN-RC-22;0;200;60;
OMN-RC-23;0;200;60;
OMN-RC-25;0;20;60;
OMN-RC-26;0;20;60;
OMN-RC-27;0;20;60;
OMN-RC-04;50;198;59.98;
OMN-RC-41;0;200;59.61;
OMN-RC-18;50;196.93;59.16;
OMN-RC-36;0;200;59.16;
OMN-RC-55;30;199;59.07;
OMN-RC-55;0;200;58.37;
OMN-RC-01;50;199.88;58.27;
OMN-RC-03;50;201.07;58;
OMN-RC-43;0;20;57.48;
OMN-RC-02;50;200.04;57.05;
OMN-RC-11;50;202.79;56.99;
OMN-RC-48;30;199.19;56.96;
OMN-RC-47;60;200.87;56.85;
OMN-RC-48;0;200;56.76;
OMN-RC-43;30;18.22;56.68;
OMN-RC-47;30;200.46;56.6;
OMN-RC-42;30;19.91;56.53;
OMN-RC-47;0;200;56.25;
OMN-RC-51;0;200;56.11;
OMN-RC-42;0;20;56.09;
OMN-RC-51;30;199.11;55.96;
OMN-RC-49;0;200;55.68;
OMN-RC-31;50;20.2;55.6;
OMN-RC-49;30;199.97;55.59;
OMN-RC-35;0;200;55.53;
OMN-RC-50;0;200;55.52;
OMN-RC-45;0;20;55.44;
OMN-RC-40;0;200;55.43;
OMN-RC-37;0;200;55.21;
OMN-RC-32;50;19.9;55.14;
OMN-RC-50;30;202.1;55.14;
OMN-RC-02;0;200;55;
OMN-RC-03;0;200;55;
OMN-RC-10;0;200;55;
OMN-RC-12;0;200;55;
OMN-RC-14;0;200;55;
OMN-RC-30;0;20;55;
OMN-RC-31;0;20;55;
OMN-RC-32;0;20;55;
OMN-RC-33;0;200;55;
OMN-RC-34;0;200;55;
OMN-RC-38;0;200;55;
OMN-RC-39;0;200;55;
OMN-RC-44;0;200;55;
OMN-RC-40;30;202.45;54.88;
OMN-RC-52;30;19.96;54.76;
OMN-RC-45;30;22.91;54.73;
OMN-RC-52;0;20;54.68;
OMN-RC-37;30;202.25;54.37;
OMN-RC-35;30;199.48;54.36;
OMN-RC-07;50;202.3;50.77;
OMN-15taille1TRE1;0;190;30;
OMN-15taille1TRE10;0;190;30;
OMN-15taille1TRE11;0;190;30;
OMN-15taille1TRE12;0;190;30;
OMN-15taille1TRE13;0;190;30;
OMN-15taille1TRE14;0;190;30;
OMN-15taille1TRE15;0;190;30;
OMN-15taille1TRE16;0;190;30;
OMN-15taille1TRE17;0;190;30;
OMN-15taille1TRE18;0;190;30;
OMN-15taille1TRE19;0;190;30;
OMN-15taille1TRE2;0;190;30;
OMN-15taille1TRE20;0;190;30;
OMN-15taille1TRE21;0;190;30;
OMN-15taille1TRE22;0;190;30;
OMN-15taille1TRE3;0;190;30;
OMN-15taille1TRE4;0;190;30;
OMN-15taille1TRE5;0;190;30;
OMN-15taille1TRE6;0;190;30;
OMN-15taille1TRE7;0;190;30;
OMN-15taille1TRE8;0;190;30;
OMN-15taille1TRE9;0;190;30;
OMN-25taille1TRE1;0;195;30;
OMN-25taille1TRE10;0;195;30;
OMN-25taille1TRE11;0;195;30;
OMN-25taille1TRE12;0;195;30;
OMN-25taille1TRE13;0;195;30;
OMN-25taille1TRE14;0;195;30;
OMN-25taille1TRE15;0;195;30;
OMN-25taille1TRE16;0;195;30;
OMN-25taille1TRE17;0;195;30;
OMN-25taille1TRE18;0;195;30;
OMN-25taille1TRE19;0;195;30;
OMN-25taille1TRE2;0;195;30;
OMN-25taille1TRE20;0;195;30;
OMN-25taille1TRE21;0;195;30;
OMN-25taille1TRE22;0;195;30;
OMN-25taille1TRE23;0;195;30;
OMN-25taille1TRE3;0;195;30;
OMN-25taille1TRE4;0;195;30;
OMN-25taille1TRE5;0;195;30;
OMN-25taille1TRE6;0;195;30;
OMN-25taille1TRE7;0;195;30;
OMN-25taille1TRE8;0;195;30;
OMN-25taille1TRE9;0;195;30;
OMN-25taille1TRW1;0;195;30;
OMN-25taille1TRW10;0;195;30;
OMN-25taille1TRW11;0;195;30;
OMN-25taille1TRW12;0;195;30;
OMN-25taille1TRW13;0;195;30;
OMN-25taille1TRW14;0;195;30;
OMN-25taille1TRW15;0;195;30;
OMN-25taille1TRW16;0;195;30;
OMN-25taille1TRW17;0;195;30;
OMN-25taille1TRW18;0;195;30;
OMN-25taille1TRW2;0;195;30;
OMN-25taille1TRW3;0;195;30;
OMN-25taille1TRW4;0;195;30;
OMN-25taille1TRW5;0;195;30;
OMN-25taille1TRW6;0;195;30;
OMN-25taille1TRW7;0;195;30;
OMN-25taille1TRW8;0;195;30;
OMN-25taille1TRW9;0;195;30;
OMN-25taille2TRE1;0;192;30;
OMN-25taille2TRE2;0;192;30;
OMN-25taille2TRE3;0;192;30;
OMN-25taille2TRE4;0;192;30;
OMN-25taille2TRE5;0;192;30;
OMN-25taille2TRE6;0;192;30;
OMN-25taille2TRW1;0;192;30;
OMN-25taille2TRW10;0;192;30;
OMN-25taille2TRW11;0;192;30;
OMN-25taille2TRW2;0;192;30;
OMN-25taille2TRW3;0;192;30;
OMN-25taille2TRW4;0;192;30;
OMN-25taille2TRW5;0;192;30;
OMN-25taille2TRW6;0;192;30;
OMN-25taille2TRW7;0;192;30;
OMN-25taille2TRW8;0;192;30;
OMN-25taille2TRW9;0;192;30;
OMN-5taille2TRW1;0;192;30;
OMN-5taille2TRW11;0;192;30;
OMN-5taille2TRW12;0;192;30;
OMN-5taille2TRW13;0;192;30;
OMN-5taille2TRW14;0;192;30;
OMN-5taille2TRW15;0;192;30;
OMN-5taille2TRW16;0;192;30;
OMN-5taille2TRW17;0;192;30;
OMN-5taille2TRW18;0;192;30;
OMN-5taille2TRW19;0;192;30;
OMN-5taille2TRW2;0;192;30;
OMN-5taille2TRW20;0;192;30;
OMN-5taille2TRW21;0;192;30;
OMN-5taille2TRW22;0;192;30;
OMN-5taille2TRW23;0;192;30;
OMN-5taille2TRW24;0;192;30;
OMN-5taille2TRW25;0;192;30;
OMN-5taille2TRW26;0;192;30;
OMN-5taille2TRW27;0;192;30;
OMN-5taille2TRW28;0;192;30;
OMN-5taille2TRW3;0;192;30;
OMN-5taille2TRW4;0;192;30;
OMN-5taille2TRW5;0;192;30;
OMN-5taille2TRW6;0;192;30;
OMN-5taille2TRW7;0;192;30;
OMN-5taille2TRW8;0;192;30;
OMN-5taille2TRW9;0;192;30;
OMNTr10PE;0;12;0;
OMNTr10PW;0;12;0;
OMNTr11PE;0;17;0;
OMNTr11PW;0;17;0;
OMNTr12PE;0;25;0;
OMNTr12PW;0;25;0;
OMNTr13PE;0;20;0;
OMNTr13PW;0;20;0;
OMNTr16PE;0;28;0;
OMNTr17PE;0;3;0;
OMNTr17PW;0;3;0;
OMNTr18PE;0;15;0;
OMNTr18PW;0;15;0;
OMNTr19PE;0;36;0;
OMNTr19PW;0;36;0;
OMNTr20PE;0;18;0;
OMNTr20PW;0;18;0;
OMNTr21PE;0;16;0;
OMNTr22PE;0;20;0;
OMNTr22PW;0;20;0;
OMNTr23PE;0;22;0;
OMNTr23PW;0;22;0;
OMNTr24PE;0;5;0;
OMNTr24PW;0;5;0;
OMNTr25PE;0;13;0;
OMNTr25PW;0;13;0;
OMNTr26PE;0;9;0;
OMNTr26PW;0;9;0;
OMNTr27PE;0;26;0;
OMNTr27PW;0;26;0;
OMNTr28PE;0;16;0;
OMNTr28PW;0;16;0;
OMNTr29PE;0;17;0;
OMNTr29PW;0;17;0;
OMNTr2PE;0;12;0;
OMNTr2PW;0;12;0;
OMNTr30PE;0;18;0;
OMNTr30PW;0;18;0;
OMNTr31PE;0;25;0;
OMNTr31PW;0;25;0;
OMNTr32PE;0;17;0;
OMNTr32PW;0;17;0;
OMNTr33PE;0;18;0;
OMNTr33PW;0;18;0;
OMNTr35PE;0;9;0;
OMNTr35PW;0;9;0;
OMNTr37PE;0;9;0;
OMNTr37PW;0;9;0;
OMNTr38PE;0;18;0;
OMNTr38PW;0;18;0;
OMNTr39PE;0;18;0;
OMNTr39PW;0;18;0;
OMNTr3PW;0;21;0;
OMNTr40PE;0;25;0;
OMNTr40PW;0;25;0;
OMNTr4PE;0;23;0;
OMNTr4PW;0;23;0;
OMNTr5PE;0;17;0;
OMNTr5PW;0;17;0;
OMNTr8PE;0;10;0;
OMNTr8PW;0;10;0;
OMNTr9PE;0;24;0;
ON23;0;9;0;
RM31;0;165;78;
RM48Bis;0;150;75;
RM41;0;150;74;
RM15;0;150;73;
RM62;0;160;70;
RM50;0;150;70;
RM71;0;150;70;
RMCis6;0;320;67;
RMCis69;0;320;67;
RM81;0;150;67;
RMCis127;0;162;66;
RMCis54;0;150;66;
RMCis139;0;150;66;
RM61;0;320;65;
RM64;0;320;65;
RM68;0;320;65;
RMCis3;0;320;65;
RMCis5;0;320;65;
RMCis70;0;320;65;
RM54;0;150;65;
RM63;0;150;65;
RM63Bis;0;150;65;
RMCis136;0;150;65;
RMCis137;0;150;65;
RMCis138;0;150;65;
RM86;0;150;65;
RMZ-RC-15;0;150;65;
RMZ-RC-21;0;150;65;
RMZ-RC-25;0;150;65;
RMZ-RC-27;0;150;65;
RMZ-RC-29;0;150;65;
RMZ-RC-31;0;150;65;
RMZ-RC-33;0;150;65;
RMZ-RC-35;0;150;65;
RMCis122;0;140;65;
RMCis123;0;140;65;
RMCis124;0;140;65;
RMCis125;0;140;65;
RMCis126;0;140;65;
RMCis134;0;140;65;
RMCis138;90;149.9;64.84;
RMCis126;25;143;64.34;
RMZ-RC-108;90;156.74;64.27;
RMZ-RC-108;87;156.79;64.22;
RMCis138;60;150.2;64.22;
RMZ-RC-79;60;327.48;64.06;
RM79;0;140;64;
RMCis138;30;150.44;63.99;
RMZ-RC-108;84;155.09;63.93;
RMZ-RC-108;81;154.86;63.84;
RMZ-RC-108;78;155.17;63.77;
RMZ-RC-79;45;329.8;63.66;
RMCis126;50;148;63.65;
RMCis128;55;134.4;63.62;
RMZ-RC-108;75;154.2;63.55;
RMZ-RC-108;72;153.69;63.38;
RMZ-RC-108;69;153.64;63.25;
RMZ-RC-82;60;330.09;63.17;
RMZ-RC-108;66;153.77;63.15;
RMZ-RC-108;63;153.84;62.89;
RMZ-RC-85;0;330;62.83;
RMZ-RC-55;30;149.1;62.74;
RMZ-RC-108;54;152.5;62.54;
RMZ-RC-108;51;152.42;62.53;
RMZ-RC-108;60;153.91;62.52;
RMZ-RC-108;48;151.83;62.48;
RMZ-RC-108;57;152.87;62.47;
RMZ-RC-03;30;146.06;62.45;
RMZ-RC-75Bis;30;330.28;62.41;
RMZ-RC-85;60;337.98;62.38;
RMZ-RC-82;30;328.62;62.35;
RMZ-RC-108;45;151.52;62.35;
RMZ-RC-73;40;330.23;62.31;
RMZ-RC-88;60;326.42;62.3;
RMZ-RC-78;30;327.27;62.29;
RMZ-RC-108;42;151.33;62.27;
RMZ-RC-108;39;151.4;62.21;
RMZ-RC-106;24;151.27;62.21;
RMZ-RC-108;36;151.71;62.13;
RMZ-RC-85;30;330.6;62.11;
RMCis131;50;151.59;62.11;
RMZ-RC-88;30;326.24;62.02;
RMCis19;0;325;62;
RMCis20;0;325;62;
RMCis21;0;325;62;
RM65;0;320;62;
RM66;0;320;62;
RM69;0;320;62;
RMCis4;0;320;62;
RMCis10;0;310;62;
RMCis11;0;310;62;
RMCis12;0;310;62;
RMCis13;0;310;62;
RMCis14;0;310;62;
RMCis7;0;310;62;
RMCis74;0;310;62;
RMCis8;0;310;62;
RMCis9;0;310;62;
RMCis1;0;160;62;
RM28;0;155;62;
RM5;0;155;62;
RM16;0;150;62;
RM70;0;150;62;
RMCis22;0;150;62;
RM87;0;150;62;
RMCis15;0;145;62;
RMCis16;0;145;62;
RMCis17;0;145;62;
RMCis18;0;145;62;
RMCis2;0;140;62;
RMZ-RC-106;27;150.67;61.99;
RMZ-RC-02;60;147.81;61.98;
RMZ-RC-106;21;151.52;61.96;
RMZ-RC-106;30;151.49;61.95;
RMZ-RC-108;6;150.07;61.92;
RMZ-RC-108;3;150.38;61.91;
RMZ-RC-98;60;330;61.87;
RMZ-RC-87;0;330;61.86;
RMZ-RC-108;33;151.57;61.84;
RMZ-RC-108;9;150.14;61.83;
RMZ-RC-108;0;150;61.83;
RMZ-RC-119;0;150;61.83;
RMZ-RC-119;3;150;61.81;
RMZ-RC-94;0;330;61.8;
RMZ-RC-119;6;149.97;61.8;
RMZ-RC-94;30;331.47;61.77;
RMCis131;30;151.81;61.77;
RMZ-RC-119;9;150.07;61.73;
RMZ-RC-75;30;332.9;61.69;
RMCis133;80;146.49;61.69;
RMZ-RC-117;0;150;61.68;
RMZ-RC-106;3;149.59;61.67;
RM85;145;158.6;61.66;
RMZ-RC-05;35;150.6;61.66;
RMZ-RC-108;12;149.65;61.65;
RMZ-RC-106;0;150;61.62;
RMZ-RC-02;30;147.74;61.62;
RMZ-RC-117;30;150.95;61.59;
RMZ-RC-106;15;150.82;61.59;
RMZ-RC-119;12;150.17;61.59;
RMCis132;43;144.76;61.59;
RMZ-RC-106;6;150.77;61.58;
RMZ-RC-117;6;150.13;61.58;
RMZ-RC-117;3;150.04;61.58;
RMZ-RC-106;18;150.31;61.57;
RMZ-RC-117;9;149.47;61.53;
RMZ-RC-88;0;330;61.52;
RMZ-RC-106;12;150.85;61.49;
RMZ-RC-108;15;149.91;61.47;
RMZ-RC-108;30;151.6;61.46;
RMZ-RC-106;9;150.79;61.4;
RMZ-RC-87;30;329.45;61.38;
RMZ-RC-119;15;149.45;61.36;
RMZ-RC-108;18;150.1;61.35;
RMZ-RC-117;27;147.8;61.34;
RMZ-RC-108;27;149.2;61.33;
RMZ-RC-117;12;149.23;61.3;
RMZ-RC-108;21;149.7;61.26;
RMZ-RC-108;24;149.5;61.25;
RMZ-RC-119;27;148.75;61.24;
RMZ-RC-119;30;148.07;61.2;
RMZ-RC-115;90;153.31;61.12;
RMZ-RC-84;0;330;61.11;
RMZ-RC-117;24;147.34;61.11;
RMZ-RC-119;18;147.75;61.06;
RMZ-RC-117;21;147.34;61.05;
RMZ-RC-117;15;148.62;61.03;
RMZ-RC-119;24;148.04;61.01;
RMZ-RC-98;0;330;60.99;
RMZ-RC-117;18;147.57;60.99;
RMZ-RC-122;66;150.3;60.94;
RMZ-RC-122;69;150.68;60.93;
RMZ-RC-99;0;330;60.92;
RMZ-RC-95;6;329.78;60.91;
RMZ-RC-115;0;150;60.9;
RMZ-RC-122;63;150.19;60.89;
RMZ-RC-119;21;147.58;60.88;
RMZ-RC-122;72;151.05;60.87;
RMZ-RC-90;0;330;60.84;
RMZ-RC-122;74;151.26;60.83;
RMZ-RC-122;60;149.8;60.83;
RMZ-RC-76;60;333.12;60.82;
RMZ-RC-90;30;328.68;60.82;
RMZ-RC-119;48;148.94;60.81;
RMZ-RC-119;45;148.61;60.81;
RMCis128;30;132.39;60.81;
RMZ-RC-119;33;148.11;60.78;
RMCis113;64;161.22;60.77;
RMZ-RC-119;51;149.08;60.77;
RMZ-RC-119;54;148.94;60.73;
RMZ-RC-125;12;148.85;60.73;
RMZ-RC-125;9;148.86;60.72;
RMZ-RC-115;60;151.36;60.71;
RMCis113;30;159.16;60.69;
RMZ-RC-119;42;148.37;60.68;
RMZ-RC-125;3;150.02;60.65;
RMZ-RC-125;0;150;60.65;
RMZ-RC-125;6;149.93;60.65;
RMZ-RC-119;57;149.33;60.65;
RMZ-RC-124;27;149.59;60.63;
RMZ-RC-125;15;148.76;60.6;
RMZ-RC-122;57;149.37;60.57;
RMZ-RC-124;30;149.19;60.56;
RMZ-RC-119;39;148.31;60.51;
RMZ-RC-124;24;148.11;60.51;
RMCis48;0;150;60.5;
RMZ-RC-95;0;330;60.49;
RMZ-RC-119;36;148.13;60.47;
RMCis129;70;140.07;60.46;
RMZ-RC-119;60;149.18;60.45;
RMZ-RC-124;33;149.13;60.45;
RMCis132;22;148.03;60.44;
RM85;100;159.51;60.41;
RMZ-RC-06;32;149.85;60.4;
RMZ-RC-124;36;149.3;60.39;
RMZ-RC-124;21;147.84;60.37;
RMZ-RC-06;60;149.92;60.34;
RMZ-RC-124;15;148.37;60.33;
RMZ-RC-124;18;148.1;60.32;
RMZ-RC-102;60;329.58;60.31;
RMZ-RC-104;30;329.09;60.3;
RMZ-RC-124;39;149.7;60.3;
RMZ-RC-124;12;148.97;60.28;
RMZ-RC-125;18;149.14;60.26;
RMZ-RC-86;0;330;60.25;
RMZ-RC-95;30;329.44;60.25;
RMZ-RC-122;54;148.67;60.24;
RMZ-RC-122;3;148.57;60.24;
RMZ-RC-92;30;330.81;60.22;
RMZ-RC-99;38;330.14;60.22;
RMZ-RC-112;0;150;60.22;
RMZ-RC-112;3;150.06;60.21;
RMZ-RC-124;9;149.29;60.21;
RMZ-RC-124;6;150.03;60.17;
RMZ-RC-124;3;150.01;60.16;
RMZ-RC-112;6;149.57;60.16;
RMZ-RC-125;30;149.5;60.15;
RMZ-RC-125;27;149.47;60.15;
RMZ-RC-109;45;152.74;60.14;
RMZ-RC-124;0;150;60.14;
RMZ-RC-98;30;330.31;60.13;
RMZ-RC-110;24;149.92;60.13;
RMZ-RC-109;48;152.86;60.11;
RMZ-RC-122;6;148.65;60.07;
RMZ-RC-124;54;150.3;60.06;
RMZ-RC-122;51;148.02;60.04;
RMZ-RC-124;42;149.72;60.03;
RMZ-RC-109;42;152.75;60.02;
RMZ-RC-124;57;149.7;60.02;
RMCis130;60;143.98;60.02;
RMZ-RC-110;27;149.96;60.01;
RMZ-RC-101;0;330;60;
RMZ-RC-102;0;330;60;
RMZ-RC-104;0;330;60;
RMZ-RC-58;0;330;60;
RMZ-RC-61;0;330;60;
RMZ-RC-73;0;330;60;
RMZ-RC-75;0;330;60;
RMZ-RC-75Bis;0;330;60;
RMZ-RC-76;0;330;60;
RMZ-RC-78;0;330;60;
RMZ-RC-79;0;330;60;
RMZ-RC-81;0;330;60;
RMZ-RC-82;0;330;60;
RMZ-RC-89;0;330;60;
RM60;0;320;60;
RM67;0;320;60;
RM72;0;320;60;
RMCis71;0;320;60;
RMCis94;0;320;60;
RMF16;0;311;60;
RM32;0;180;60;
RM74;0;160;60;
RM75;0;160;60;
RM76;0;160;60;
RMCis106;0;158;60;
RM19bis;0;155;60;
RM29;0;155;60;
RM6;0;155;60;
RM73;0;155;60;
RMCis104;0;155;60;
RMCis105;0;155;60;
RMCis107;0;155;60;
RMCis108;0;155;60;
RMCis113;0;155;60;
RMCis115;0;155;60;
RMCis116;0;152;60;
RMZ-RC-112;9;150.07;60;
RM30;0;150;60;
RM33;0;150;60;
RM34;0;150;60;
RM35;0;150;60;
RM36;0;150;60;
RM37;0;150;60;
RM38;0;150;60;
RM39;0;150;60;
RM40;0;150;60;
RM42;0;150;60;
RM43;0;150;60;
RM44;0;150;60;
RM45;0;150;60;
RM46;0;150;60;
RM51;0;150;60;
RM52;0;150;60;
RM55;0;150;60;
RM56;0;150;60;
RM57;0;150;60;
RM58;0;150;60;
RM59;0;150;60;
RM80;0;150;60;
RM82;0;150;60;
RM83;0;150;60;
RM84;0;150;60;
RMCis27;0;150;60;
RMCis44;0;150;60;
RMCis45;0;150;60;
RMCis46;0;150;60;
RMCis47;0;150;60;
RMCis49;0;150;60;
RMCis50;0;150;60;
RMCis51;0;150;60;
RMCis52;0;150;60;
RMCis53;0;150;60;
RMCis55;0;150;60;
RMCis57;0;150;60;
RMCis60;0;150;60;
RMCis77;0;150;60;
RMCis78;0;150;60;
RMCis109;0;150;60;
RMCis114;0;150;60;
RMCis117;0;150;60;
RM85;0;150;60;
RMZ-RC-01;0;150;60;
RMZ-RC-02;0;150;60;
RMZ-RC-03;0;150;60;
RMZ-RC-05;0;150;60;
RMZ-RC-06;0;150;60;
RMZ-RC-13;0;150;60;
RMZ-RC-14;0;150;60;
RMZ-RC-17;0;150;60;
RMZ-RC-38;0;150;60;
RMZ-RC-39;0;150;60;
RMZ-RC-45;0;150;60;
RMZ-RC-48;0;150;60;
RMZ-RC-51;0;150;60;
RMZ-RC-52;0;150;60;
RMZ-RC-55;0;150;60;
RMZ-RC-56;0;150;60;
RMZ-RC-59;0;150;60;
RMZ-RC-62;0;150;60;
RMZ-RC-122;0;150;60;
RMZ-RC-110;21;149.65;60;
RMCis131;0;145;60;
RMCis110;0;142;60;
RMCis111;0;142;60;
RMCis112;0;142;60;
RMCis132;0;142;60;
RMCis118;0;140;60;
RMCis119;0;140;60;
RMCis120;0;140;60;
RMCis121;0;140;60;
RMCis129;0;140;60;
RMCis130;0;140;60;
RMCis133;0;140;60;
RMCis135;0;140;60;
RMCis128;0;135;60;
RMZ-RC-97;30;330.87;59.96;
RMZ-RC-92;0;330;59.96;
RMZ-RC-97;0;330;59.95;
RMZ-RC-109;51;152.32;59.95;
RMZ-RC-122;9;149.34;59.95;
RMZ-RC-127;0;150;59.93;
RMZ-RC-124;51;149.99;59.91;
RMZ-RC-110;30;149.3;59.91;
RMZ-RC-116;9;147.2;59.9;
RMZ-RC-125;21;148.26;59.88;
RMZ-RC-125;24;148.35;59.87;
RMZ-RC-122;45;148.79;59.85;
RMZ-RC-127;3;149.59;59.84;
RMZ-RC-122;12;148.7;59.84;
RMZ-RC-127;6;149.98;59.83;
RMZ-RC-102;30;332.37;59.82;
RMZ-RC-122;33;149.05;59.82;
RMZ-RC-124;60;148.84;59.82;
RMZ-RC-122;42;148.79;59.8;
RMZ-RC-116;12;147.62;59.79;
RMZ-RC-122;36;148.96;59.78;
RMZ-RC-122;39;148.96;59.78;
RMZ-RC-109;60;155.2;59.76;
RMZ-RC-109;39;152.14;59.75;
RMZ-RC-84;30;330.8;59.74;
RMZ-RC-110;0;150;59.74;
RMZ-RC-116;15;147.96;59.74;
RMZ-RC-112;24;150.02;59.73;
RMZ-RC-110;3;149.99;59.73;
RMZ-RC-127;9;150.56;59.71;
RMZ-RC-05;70;152.52;59.7;
RMZ-RC-112;27;150.48;59.7;
RMZ-RC-110;6;149.78;59.69;
RMZ-RC-110;18;148.56;59.69;
RMZ-RC-109;54;152.05;59.68;
RMZ-RC-112;18;149.12;59.67;
RMZ-RC-122;21;148.7;59.67;
RMZ-RC-124;45;148.87;59.65;
RMZ-RC-109;57;153.98;59.64;
RMZ-RC-112;12;148.51;59.63;
RMZ-RC-110;9;149.52;59.62;
RMZ-RC-116;18;148.17;59.62;
RMZ-RC-124;48;149.48;59.61;
RMCis133;40;146.7;59.6;
RM85;50;159.69;59.59;
RMZ-RC-112;15;149.9;59.59;
RMZ-RC-109;24;152.72;59.58;
RMZ-RC-112;21;149.09;59.57;
RMZ-RC-109;36;151.6;59.56;
RMZ-RC-110;12;149.58;59.56;
RMZ-RC-122;15;147.51;59.56;
RMZ-RC-116;6;147.16;59.56;
RMZ-RC-122;18;147.35;59.55;
RMZ-RC-110;15;149.5;59.54;
RMZ-RC-122;30;148.32;59.53;
RMZ-RC-120;30;147.05;59.53;
RMZ-RC-127;33;150.59;59.5;
RMZ-RC-122;24;147.69;59.49;
RMZ-RC-127;36;150.92;59.47;
RMZ-RC-112;30;150.84;59.44;
RMCis107;25;158.12;59.43;
RMZ-RC-109;27;152.48;59.42;
RMZ-RC-127;12;150.18;59.41;
RMZ-RC-120;15;148.34;59.41;
RMZ-RC-127;30;150.25;59.4;
RMZ-RC-116;21;148.28;59.38;
RMZ-RC-76;30;331.35;59.37;
RMZ-RC-112;33;150.79;59.37;
RMZ-RC-109;33;151.59;59.36;
RMZ-RC-131;6;149.99;59.35;
RMZ-RC-131;12;149.68;59.35;
RMZ-RC-131;9;150.1;59.34;
RMZ-RC-131;3;149.99;59.34;
RMZ-RC-131;0;150;59.33;
RMZ-RC-122;27;147.76;59.3;
RMCis130;30;143.5;59.3;
RMZ-RC-127;39;151.01;59.29;
RMZ-RC-120;0;150;59.29;
RMZ-RC-131;15;149.76;59.29;
RMZ-RC-115;30;152.11;59.28;
RMZ-RC-116;24;148.14;59.28;
RMZ-RC-127;27;149.84;59.25;
RMZ-RC-116;27;148.37;59.25;
RMZ-RC-120;18;148.34;59.25;
RMCis129;35;140.78;59.25;
RMZ-RC-109;30;151.59;59.24;
RMZ-RC-109;21;152.3;59.23;
RMZ-RC-131;27;150.85;59.23;
RMZ-RC-131;24;149.89;59.22;
RMZ-RC-120;12;147.48;59.2;
RMZ-RC-131;18;149.57;59.19;
RMZ-RC-131;21;148.96;59.18;
RMZ-RC-127;15;150.1;59.16;
RMZ-RC-116;30;148.16;59.16;
RMZ-RC-116;3;149.78;59.15;
RMZ-RC-129;15;151.57;59.14;
RMZ-RC-116;0;150;59.14;
RMZ-RC-127;24;149.74;59.14;
RMZ-RC-127;21;149.91;59.13;
RMZ-RC-127;18;150.07;59.12;
RMZ-RC-120;3;148.92;59.1;
RMZ-RC-120;27;147.09;59.1;
RMZ-RC-120;21;147.8;59.09;
RMZ-RC-129;12;151.12;59.07;
RMZ-RC-127;42;151.06;59.07;
RMZ-RC-116;33;148.18;59.04;
RMZ-RC-129;0;150;59.01;
RMZ-RC-129;3;150.03;59;
RMZ-RC-129;6;150.03;59;
RM53;0;150;59;
RMZ-RC-122;48;148.23;59;
RMZ-RC-129;9;150.27;58.99;
RMZ-RC-120;6;148.19;58.97;
RMZ-RC-116;36;148.17;58.96;
RMZ-RC-116;39;148.6;58.95;
RMZ-RC-109;15;150.98;58.94;
RMZ-RC-129;18;150.97;58.94;
RMZ-RC-116;51;147.81;58.93;
RMZ-RC-116;42;148.59;58.92;
RMZ-RC-120;24;146.4;58.92;
RMZ-RC-127;45;150.85;58.91;
RMZ-RC-116;45;148.52;58.91;
RMZ-RC-116;48;148.01;58.91;
RMZ-RC-109;12;150;58.9;
RMZ-RC-120;9;146.66;58.9;
RMZ-RC-109;18;150.67;58.86;
RMZ-RC-116;54;147.73;58.86;
RMZ-RC-109;0;150;58.81;
RMZ-RC-127;48;150.68;58.8;
RMZ-RC-131;30;150.39;58.8;
RMZ-RC-127;50;151.85;58.78;
RMZ-RC-99;76;330.03;58.77;
RMZ-RC-109;3;149.2;58.75;
RMZ-RC-109;9;148.22;58.73;
RMZ-RC-116;57;147.56;58.72;
RMZ-RC-116;60;148.89;58.71;
RMZ-RC-101;30;328.48;58.7;
RMZ-RC-109;6;148.45;58.7;
RMZ-RC-129;21;149.99;58.65;
RMZ-RC-129;30;149.86;58.58;
RMZ-RC-129;24;149.4;58.51;
RMZ-RC-129;27;148.98;58.51;
RMZ-RC-81;45;328.75;58.44;
RMCis106;25;162.55;58.35;
RMCis107;50;157.42;58.32;
RMZ-RC-03;60;147.52;58.02;
RMCis63;0;320;58;
RMCis23;0;150;58;
RMCis24;0;150;58;
RMCis25;0;150;58;
RMCis31;0;150;58;
RMCis106;50;160.12;57.96;
RMZ-RC-51;30;149.82;57.84;
RM-26-GC-002;21;149;57.57;
RM-26-GC-002;18;148.98;57.53;
RM-26-GC-002;24;148.78;57.51;
RM-26-GC-002;27;148.57;57.51;
RM-26-GC-002;0;150;57.42;
RM-26-GC-002;30;151.18;57.41;
RM-26-GC-002;15;149.04;57.37;
RM-26-GC-002;12;149.19;57.36;
RM-26-GC-002;9;149.36;57.24;
RM-26-GC-002;6;149.62;57.19;
RM-26-GC-073;12;150.1;57.01;
RM-26-GC-001;0;150;57;
RMCis56;0;150;57;
RM-26-GC-001;3;151.07;56.98;
RM-26-GC-001;9;152.23;56.97;
RM-26-GC-001;12;151.2;56.97;
RM-26-GC-002;3;149.85;56.95;
RM-26-GC-130BIS;12;152.45;56.92;
RM-26-GC-001;15;151.8;56.87;
RM-26-GC-001;6;152.07;56.86;
RMZ-RC-113;3;150.01;56.83;
RMZ-RC-113;0;150;56.83;
RM-26-GC-009;0;150;56.82;
RMZ-RC-113;6;149.86;56.82;
RM-26-GC-130BIS;0;152.25;56.75;
RMZ-RC-113;9;150.05;56.75;
RM-26-GC-129;18;152.98;56.72;
RM-26-GC-130BIS;6;152.63;56.72;
RM-26-GC-130BIS;15;152.39;56.67;
RM-26-GC-033;0;149.81;56.67;
RM-26-GC-073;15;150.23;56.66;
RM-26-GC-127;12;149.71;56.64;
RM-26-GC-073;6;150.44;56.62;
RMZ-RC-128;0;150;56.58;
RMZ-RC-128;3;149.98;56.58;
RMZ-RC-128;6;149.65;56.58;
RM-26-GC-129;21;153;56.57;
RM-26-GC-129;0;152.84;56.57;
RMZ-RC-113;12;149.7;56.56;
RM-26-GC-143;12;150.52;56.55;
RM-26-GC-129;12;152.57;56.54;
RMZ-RC-128;9;149.51;56.52;
RMCis37;0;152;56.5;
RMCis43;0;152;56.5;
RMCis36;0;150;56.5;
RM-26-GC-073;0;150.34;56.48;
RM-26-GC-009;9;150.03;56.45;
RM-26-GC-125;0;144.09;56.45;
RM-26-GC-130BIS;3;152.2;56.44;
RM-26-GC-126;12;147.56;56.44;
RM-26-GC-073;9;150.29;56.42;
RM-26-GC-127;6;149.24;56.41;
RM-26-GC-009;21;150.35;56.38;
RM-26-GC-009;18;150.19;56.38;
RM-26-GC-009;3;149.8;56.38;
RM-26-GC-130BIS;9;152.54;56.37;
RM-26-GC-127;15;149.58;56.35;
RM-26-GC-009;15;150.22;56.33;
RM-26-GC-009;12;150.08;56.33;
RM-26-GC-009;6;149.82;56.33;
RMZ-RC-113;15;148.99;56.32;
RMZ-RC-113;30;149.81;56.31;
RMZ-RC-113;27;148.62;56.31;
RM-26-GC-143;15;150.63;56.3;
RM-26-GC-143;6;151.39;56.28;
RMZ-RC-113;24;148.88;56.27;
RMZ-RC-128;12;149.32;56.24;
RM-26-GC-126;0;148.16;56.24;
RM-26-GC-125;6;144.15;56.24;
RM-26-GC-129;6;152.55;56.23;
RMZ-RC-67;30;149.29;56.23;
RM-26-GC-112;6;147.47;56.23;
RM-26-GC-129;15;152.74;56.21;
RM-26-GC-033;18;149.87;56.21;
RM-26-GC-133;6;149.45;56.17;
RM-26-GC-127;9;149.41;56.17;
RM-26-GC-126;15;147.47;56.16;
RM-26-GC-144;0;150.8;56.15;
RMZ-RC-113;21;148.95;56.14;
RM-26-GC-125;3;144.33;56.14;
RM-26-GC-129;3;153.07;56.13;
RM-26-GC-009;24;150.83;56.13;
RMZ-RC-113;18;149.19;56.13;
RM-26-GC-009;27;150.92;56.12;
RM-26-GC-143;0;151.45;56.1;
RM-26-GC-073;3;150.48;56.08;
RM-26-GC-129;9;152.52;56.07;
RM-26-GC-009;51;151.44;56.07;
RM-26-GC-075;12;154.29;56.06;
RM-26-GC-126;3;148.06;56.06;
RM-26-GC-077;6;149.48;56.05;
RM-26-GC-009;45;151.43;56.04;
RM-26-GC-127;0;148.78;56.04;
RM-26-GC-126;6;147.88;56.04;
RM-26-GC-125;9;144.21;56.04;
RM-26-GC-123;0;151.36;56.02;
RM-26-GC-143;9;151.3;56.02;
RM-26-GC-118;18;145.7;56.02;
RM-26-GC-075;6;154.48;56.01;
RM-26-GC-009;30;151.22;56.01;
RM-26-GC-123;6;150.88;56;
RM-26-GC-133;0;149.46;56;
RM-26-GC-009;48;151.42;55.99;
RM-26-GC-009;42;151.42;55.97;
RM-26-GC-112;0;147.17;55.97;
RM-26-GC-067;12;153.06;55.96;
RM-26-GC-004;0;150;55.96;
RM-26-GC-123;12;151.27;55.95;
RMZ-RC-128;15;149.69;55.95;
RM-26-GC-133;9;149.34;55.95;
RM-26-GC-075;0;154.6;55.94;
RM-26-GC-077;0;149.95;55.94;
RM-26-GC-112;9;147.3;55.94;
RM-26-GC-008;0;150;55.91;
RM-26-GC-075;15;154.24;55.89;
RM-26-GC-004;3;149.75;55.89;
RM-26-GC-077;9;149.51;55.89;
RM-26-GC-067;6;153.01;55.88;
RM-26-GC-009;33;151.22;55.87;
RM-26-GC-008;24;150.23;55.87;
RM-26-GC-008;21;150.22;55.87;
RM-26-GC-004;33;150.03;55.87;
RM-26-GC-143;3;151.45;55.86;
RM-26-GC-004;27;150.02;55.86;
RM-26-GC-004;36;150.08;55.85;
RM-26-GC-004;24;149.79;55.85;
RM-26-GC-126;9;147.77;55.85;
RM-26-GC-075;9;154.46;55.84;
RM-26-GC-078;0;153.25;55.84;
RM-26-GC-136;0;150.74;55.84;
RM-26-GC-004;30;150.03;55.83;
RM-26-GC-008;30;150.95;55.82;
RM-26-GC-004;6;149.68;55.82;
RM-26-GC-095;0;151.92;55.81;
RM-26-GC-127;3;148.82;55.8;
RM-26-GC-111;12;152.17;55.79;
RM-26-GC-009;39;151.37;55.79;
RM-26-GC-144;3;150.85;55.79;
RM-26-GC-144;6;150.73;55.79;
RM-26-GC-009;36;151.42;55.78;
RM-26-GC-004;12;149.66;55.77;
RM-26-GC-093;12;151.37;55.76;
RM-26-GC-004;15;149.71;55.76;
RMZ-RC-128;18;149.34;55.76;
RM-26-GC-112;9.85;147.3;55.76;
RM-26-GC-131;12;151.73;55.74;
RM-26-GC-008;18;150.22;55.74;
RM-26-GC-077;3;150.1;55.74;
RM-26-GC-118;21;145.59;55.74;
RM-26-GC-004;9;149.64;55.73;
RM-26-GC-118;21.06;145.59;55.73;
RM-26-GC-067;15;153.1;55.72;
RM-26-GC-004;51;150.36;55.72;
RM-26-GC-095;3;152;55.71;
RM-26-GC-067;0;152.81;55.7;
RM-26-GC-093;0;151.29;55.7;
RM-26-GC-123;3;151.21;55.7;
RM-26-GC-008;27;150.28;55.69;
RM-26-GC-058;6;149.99;55.69;
RM-26-GC-004;21;149.73;55.69;
RM-26-GC-095;6;151.68;55.68;
RM-26-GC-123;9;151.02;55.68;
RM-26-GC-136;12;150.74;55.68;
RM-26-GC-004;48;150.26;55.68;
RM-26-GC-111;18;153.07;55.67;
RM-26-GC-123;15;151.46;55.67;
RM-26-GC-004;18;149.71;55.67;
RM-26-GC-093;15;151.5;55.66;
RM-26-GC-004;54;150.38;55.65;
RM-26-GC-004;39;150.15;55.65;
RM-26-GC-064;0;148.31;55.65;
RM-26-GC-076;12;151.73;55.64;
RM-26-GC-008;33;151.65;55.64;
RM-26-GC-004;42;150.13;55.63;
RM-26-GC-133;3;149.59;55.63;
RM-26-GC-112;3;147.4;55.63;
RM-26-GC-058;9;149.95;55.62;
RMZ-RC-128;21;149.23;55.62;
RM-26-GC-067;9;153.06;55.61;
RM-26-GC-058;0;150;55.61;
RM-26-GC-076;6;151.9;55.6;
RM-26-GC-025;0;150;55.6;
RM-26-GC-004;45;150.22;55.59;
RM-26-GC-058;3;149.98;55.59;
RM-26-GC-075;3;154.51;55.58;
RM-26-GC-120;3;152.63;55.58;
RM-26-GC-111;15;152.34;55.58;
RM-26-GC-076;18;151.18;55.58;
RM-26-GC-011;0;150;55.57;
RM-26-GC-045;21;149.91;55.57;
RM-26-GC-025;3;149.69;55.57;
RM-26-GC-067;16.01;153.12;55.56;
RM-26-GC-095;12;151.27;55.56;
RM-26-GC-136;18;150.09;55.56;
RM-26-GC-006;0;150;55.56;
RMZ-RC-128;24;149.06;55.56;
RM-26-GC-123;18;151.54;55.55;
RM-26-GC-025;9;149.7;55.55;
RM-26-GC-012;0;150;55.54;
RM-26-GC-092;6;150.78;55.53;
RM-26-GC-144;9;150.77;55.53;
RM-26-GC-045;27;150;55.53;
RM-26-GC-008;15;150.21;55.52;
RM-26-GC-136;3;150.88;55.51;
RM-26-GC-111;6;151.78;55.5;
RM-26-GC-093;6;150.97;55.5;
RM-26-GC-011;3;149.86;55.5;
RMZ-RC-128;27;149.12;55.5;
RM-26-GC-078;3;153.15;55.49;
RM-26-GC-093;15.91;151.57;55.49;
RM-26-GC-045;24;149.96;55.49;
RM-26-GC-025;6;149.76;55.49;
RM-26-GC-118;12;145.81;55.49;
RM-26-GC-045;3;149.98;55.48;
RM-26-GC-045;6;149.94;55.48;
RM-26-GC-131;15;151.7;55.47;
RM-26-GC-136;6;150.8;55.47;
RM-26-GC-045;9;149.91;55.47;
RM-26-GC-045;12;149.83;55.47;
RM-26-GC-012;18;149.8;55.47;
RM-26-GC-064;27;149.13;55.47;
RM-26-GC-136;15;150.62;55.46;
RM-26-GC-118;15;145.85;55.46;
RMZ-RC-128;30;149.06;55.45;
RM-26-GC-131;6;152.17;55.44;
RM-26-GC-008;36;152.22;55.43;
RM-26-GC-008;39;153.02;55.42;
RM-26-GC-076;15;151.51;55.42;
RM-26-GC-045;18;149.78;55.42;
RM-26-GC-095;9;151.55;55.41;
RM-26-GC-045;0;150;55.41;
RM-26-GC-045;15;149.76;55.41;
RM-26-GC-067;3;152.95;55.4;
RM-26-GC-011;30;150.17;55.4;
RM-26-GC-078;6;152.97;55.39;
RM-26-GC-053;6;149.74;55.39;
RM-26-GC-093;3;151.43;55.38;
RM-26-GC-020;6;149.32;55.37;
RM-26-GC-076;0;151.9;55.36;
RM-26-GC-076;9;151.69;55.36;
RM-26-GC-092;0;150.18;55.36;
RM-26-GC-012;3;149.75;55.36;
RM-26-GC-072;6;149.34;55.36;
RM-26-GC-111;21;153.01;55.34;
RM-26-GC-008;12;150.19;55.34;
RM-26-GC-053;3;149.9;55.34;
RM-26-GC-058;12;149.88;55.34;
RM-26-GC-139;12;149.03;55.34;
RM-26-GC-131;0;152.11;55.33;
RM-26-GC-111;9;151.69;55.33;
RM-26-GC-053;0;150.01;55.32;
RM-26-GC-030;0;149.84;55.32;
RM-26-GC-134;0;148.51;55.32;
RM-26-GC-095;15;151.09;55.31;
RM-26-GC-094;6;152.61;55.3;
RM-26-GC-093;9;151.04;55.3;
RM-26-GC-071;0;151.03;55.3;
RM-26-GC-095;18;150.7;55.3;
RM-26-GC-139;18;148.8;55.3;
RM-26-GC-120;0;152.2;55.29;
RM-26-GC-076;21;151.3;55.29;
RM-26-GC-012;15;149.77;55.28;
RM-26-GC-011;6;150.01;55.27;
RM-26-GC-136;21;150.16;55.25;
RMZ-RC-133;3;149.98;55.25;
RM-26-GC-136;9;150.78;55.24;
RMZ-RC-133;0;150;55.24;
RM-26-GC-005;15;150.34;55.23;
RM-26-GC-058;15;149.87;55.23;
RM-26-GC-114;0;149.28;55.23;
RM-26-GC-114;12;149.22;55.23;
RM-26-GC-032;0;150.15;55.22;
RM-26-GC-058;18;149.86;55.21;
RM-26-GC-111;0;151.42;55.2;
RM-26-GC-017;3;149.82;55.2;
RM-26-GC-030;9;149.72;55.2;
RM-26-GC-094;0;152.85;55.19;
RM-26-GC-120;6;152.1;55.19;
RM-26-GC-058;21;149.85;55.19;
RMZ-RC-133;6;149.29;55.18;
RMZ-RC-133;21;148.75;55.18;
RM-26-GC-076;3;152.16;55.17;
RM-26-GC-123;21;151.59;55.17;
RM-26-GC-071;2;150.99;55.17;
RM-26-GC-058;24;149.82;55.17;
RM-26-GC-111;21.93;153.08;55.16;
RM-26-GC-032;12;150.86;55.16;
RM-26-GC-019;24;150.06;55.16;
RM-26-GC-012;6;149.63;55.16;
RM-26-GC-017;12;149.6;55.16;
RM-26-GC-036;0;149.19;55.16;
RM-26-GC-036;3;149.19;55.16;
RM-26-GC-036;12;149.1;55.16;
RM-26-GC-131;9;152.01;55.15;
RM-26-GC-017;9;149.66;55.15;
RM-26-GC-089;9;149.18;55.15;
RM-26-GC-094;12;152.17;55.14;
RM-26-GC-092;9;150.86;55.14;
RM-26-GC-017;6;149.71;55.14;
RM-26-GC-008;42;153.93;55.13;
RM-26-GC-017;0;150;55.13;
RM-26-GC-012;12;149.7;55.13;
RM-26-GC-078;8.19;152.87;55.12;
RM-26-GC-054;15;150.38;55.12;
RM-26-GC-055;15;150.38;55.12;
RM-26-GC-012;9;149.55;55.12;
RM-26-GC-039;12;148.68;55.12;
RM-26-GC-053;9;149.79;55.11;
RM-26-GC-036;6;149.11;55.11;
RM-26-GC-036;9;149.07;55.11;
RM-26-GC-113;0;149;55.1;
RM-26-GC-095;21;150.64;55.09;
RM-26-GC-092;3;150.46;55.09;
RM-26-GC-007;0;150;55.09;
RM-26-GC-017;15;149.59;55.09;
RM-26-GC-118;0;145.42;55.09;
RM-26-GC-134;18;147.94;55.08;
RM-26-GC-137;6;147.39;55.08;
RM-26-GC-011;9;150.16;55.07;
RM-26-GC-039;9;148.83;55.07;
RM-26-GC-024;18;149.78;55.06;
RM-26-GC-019;0;149.76;55.06;
RM-26-GC-019;3;149.76;55.06;
RM-26-GC-020;3;149.68;55.06;
RM-26-GC-134;6;148.39;55.06;
RMZ-RC-133;18;148.32;55.06;
RM-26-GC-008;9;150.12;55.05;
RM-26-GC-041;0;150;55.05;
RM-26-GC-005;9;149.99;55.05;
RM-26-GC-019;6;149.77;55.05;
RMZ-RC-133;24;147.77;55.05;
RM-26-GC-011;12;150.26;55.04;
RM-26-GC-019;9;149.78;55.04;
RM-26-GC-039;6;148.86;55.04;
RM-26-GC-005;12;150.11;55.03;
RM-26-GC-019;12;149.79;55.03;
RM-26-GC-017;24;149.42;55.03;
RM-26-GC-132;18;147.78;55.03;
RM-26-GC-118;6;145.84;55.03;
RM-26-GC-138;6;152.81;55.02;
RM-26-GC-024;15;150.08;55.02;
RM-26-GC-024;27;150.02;55.02;
RM-26-GC-017;18;149.52;55.02;
RM-26-GC-011;21;150.23;55.01;
RM-26-GC-005;0;150;55.01;
RM-26-GC-024;24;149.85;55.01;
RM-26-GC-019;15;149.79;55.01;
RM-26-GC-008;45;149.7;55.01;
RM-26-GC-010;0;149.53;55.01;
RM-26-GC-010;3;149.53;55.01;
RM-26-GC-072;9;148.97;55.01;
RM-26-GC-134;3;148.59;55.01;
RM21;0;335;55;
RMZ-RC-100;0;330;55;
RMZ-RC-103;0;330;55;
RMZ-RC-41;0;330;55;
RMZ-RC-43;0;330;55;
RMZ-RC-44;0;330;55;
RMZ-RC-47;0;330;55;
RMZ-RC-63;0;330;55;
RMZ-RC-64;0;330;55;
RMZ-RC-65;0;330;55;
RMZ-RC-68;0;330;55;
RMZ-RC-70;0;330;55;
RMZ-RC-72;0;330;55;
RMZ-RC-74;0;330;55;
RMZ-RC-77;0;330;55;
RMZ-RC-80;0;330;55;
RMZ-RC-83;0;330;55;
RMZ-RC-91;0;330;55;
RMZ-RC-93;0;330;55;
RMZ-RC-96;0;330;55;
RM77;0;320;55;
RM78;0;320;55;
RMCis62;0;320;55;
RMCis64;0;320;55;
RMCis65;0;320;55;
RMCis66;0;320;55;
RMCis67;0;320;55;
RMCis68;0;320;55;
RMCis72;0;320;55;
RMCis73;0;320;55;
RMCis75;0;320;55;
RMCis79;0;320;55;
RMCis80;0;320;55;
RMCis81;0;320;55;
RMCis82;0;320;55;
RMCis83;0;320;55;
RMCis84;0;320;55;
RMCis85;0;320;55;
RMCis86;0;320;55;
RMCis87;0;320;55;
RMCis88;0;320;55;
RMCis89;0;320;55;
RMCis90;0;320;55;
RMCis91;0;320;55;
RMF15;0;277;55;
RMCis76;0;160;55;
RM1;0;155;55;
RM2;0;155;55;
RM24;0;155;55;
RM25;0;155;55;
RM8;0;155;55;
RM9;0;155;55;
RM-26-GC-094;9;152.63;55;
RM-26-GC-120;12;152.34;55;
RM-26-GC-131;3;152.06;55;
RMCis40;0;152;55;
RMCis41;0;152;55;
RMCis42;0;152;55;
RM-26-GC-022;0;150;55;
RM-26-GC-130;0;150;55;
RM47;0;150;55;
RM49;0;150;55;
RMCis26;0;150;55;
RMCis28;0;150;55;
RMCis29;0;150;55;
RMCis30;0;150;55;
RMCis32;0;150;55;
RMCis33;0;150;55;
RMCis34Bis;0;150;55;
RMCis35;0;150;55;
RMCis38;0;150;55;
RMCis39;0;150;55;
RMCis58;0;150;55;
RMCis59;0;150;55;
RMCis61;0;150;55;
RMCis92;0;150;55;
RMCis93;0;150;55;
RMCis95;0;150;55;
RMCis96;0;150;55;
RMCis97;0;150;55;
RMCis98;0;150;55;
RMCis99;0;150;55;
RMZ-RC-04;0;150;55;
RMZ-RC-08;0;150;55;
RMZ-RC-12;0;150;55;
RMZ-RC-22;0;150;55;
RMZ-RC-24;0;150;55;
RMZ-RC-26;0;150;55;
RMZ-RC-28;0;150;55;
RMZ-RC-30;0;150;55;
RMZ-RC-32;0;150;55;
RMZ-RC-34;0;150;55;
RMZ-RC-36;0;150;55;
RMZ-RC-37;0;150;55;
RMZ-RC-40;0;150;55;
RMZ-RC-42;0;150;55;
RMZ-RC-46;0;150;55;
RMZ-RC-49;0;150;55;
RMZ-RC-53;0;150;55;
RMZ-RC-57;0;150;55;
RMZ-RC-60;0;150;55;
RMZ-RC-67;0;150;55;
RMZ-RC-107;0;150;55;
RMZ-RC-111;0;150;55;
RMZ-RC-114;0;150;55;
RMZ-RC-118;0;150;55;
RMZ-RC-121;0;150;55;
RMZ-RC-126;0;150;55;
RMZ-RC-132;0;150;55;
RMZ-RC-134;0;150;55;
RMZ-RC-135;0;150;55;
RM-26-GC-010;6;149.55;55;
RM-26-GC-017;21;149.46;55;
RM-26-GC-139;15;149.17;55;
RM-26-GC-039;0;149;55;
RM-26-GC-039;3;149;55;
RM-26-GC-139;21;148.78;55;
RMZ-RC-133;9;147.95;55;
RM-26-GC-011;15;150.25;54.99;
RM-26-GC-011;18;150.21;54.99;
RM-26-GC-005;6;149.82;54.99;
RM-26-GC-019;18;149.79;54.99;
RM-26-GC-008;48;149.75;54.99;
RM-26-GC-134;12;147.89;54.99;
RM-26-GC-019;21;149.84;54.98;
RM-26-GC-010;9;149.57;54.98;
RM-26-GC-011;24;150.32;54.97;
RM-26-GC-024;0;150;54.97;
RM-26-GC-041;6;150;54.97;
RM-26-GC-010;12;149.59;54.97;
RM-26-GC-132;0;148.61;54.97;
RM-26-GC-007;18;150.43;54.96;
RM-26-GC-054;12;150.19;54.96;
RM-26-GC-055;12;150.19;54.96;
RM-26-GC-008;3;149.79;54.96;
RM-26-GC-011;27;150.28;54.95;
RM-26-GC-024;21;149.79;54.95;
RM-26-GC-089;0;149.3;54.95;
RM-26-GC-137;12;147.16;54.95;
RM-26-GC-010;33;150;54.94;
RM-26-GC-060;15;149.42;54.94;
RMZ-RC-133;15;147.58;54.94;
RM-26-GC-137;0;147.14;54.94;
RM-26-GC-118;9;146.01;54.94;
RM-26-GC-121;6;150.63;54.93;
RM-26-GC-007;15;150.16;54.93;
RM-26-GC-020;0;150;54.93;
RM-26-GC-007;9;150.2;54.92;
RM-26-GC-007;6;149.74;54.92;
RM-26-GC-006;3;149.67;54.92;
RM-26-GC-122;0;146.63;54.92;
RM-26-GC-094;15;152.18;54.91;
RM-26-GC-071;3.89;150.95;54.91;
RM-26-GC-024;3;149.93;54.91;
RM-26-GC-005;3;149.74;54.91;
RM-26-GC-010;15;149.62;54.91;
RM-26-GC-036;15;149.2;54.91;
RM-26-GC-132;12;148.42;54.91;
RMZ-RC-133;12;147.66;54.91;
RM-26-GC-137;9;147.45;54.9;
RM-26-GC-138;12;153.01;54.89;
RM-26-GC-007;3;149.83;54.89;
RM-26-GC-007;12;150.14;54.88;
RM-26-GC-041;9;149.96;54.87;
RM-26-GC-008;6;149.95;54.87;
RM-26-GC-094;3;153.07;54.86;
RM-26-GC-072;0;150.9;54.86;
RM-26-GC-041;12;149.83;54.86;
RM-26-GC-065;0;148.75;54.86;
RM-26-GC-094;18;151.85;54.85;
RM-26-GC-008;51;149.59;54.85;
RMZ-RC-105;0;150;54.84;
RMZ-RC-105;3;149.99;54.84;
RM-26-GC-111;3;151.43;54.83;
RM-26-GC-024;12;149.72;54.83;
RM-26-GC-060;0;149.4;54.83;
RM-26-GC-060;3;149.4;54.83;
RM-26-GC-024;9;149.72;54.82;
RM-26-GC-041;3;150;54.81;
RMZ-RC-105;6;149.99;54.81;
RM-26-GC-060;6;149.35;54.81;
RM-26-GC-121;3;150.6;54.8;
RM-26-GC-134;9;148.25;54.8;
RM-26-GC-120;9;152.23;54.79;
RM-26-GC-054;18;150.6;54.79;
RM-26-GC-055;18;150.6;54.79;
RM-26-GC-139;6;149.12;54.79;
RM-26-GC-132;6;148.89;54.79;
RM-26-GC-005;18;152.04;54.78;
RM-26-GC-029;0;150;54.78;
RMZ-RC-133;27;148.62;54.78;
RM-26-GC-008;54;149.64;54.77;
RM-26-GC-060;12;149.43;54.77;
RM-26-GC-060;9;149.38;54.77;
RM-26-GC-048;21;148.74;54.77;
RM-26-GC-021;0;149.57;54.76;
RM-26-GC-134;21;147.9;54.76;
RM-26-GC-138;9;152.65;54.75;
RM-26-GC-047;0;152.52;54.75;
RM-26-GC-121;9;150.68;54.75;
RM-26-GC-010;21;149.68;54.75;
RM-26-GC-010;18;149.63;54.75;
RM-26-GC-006;6;149.73;54.74;
RM-26-GC-010;24;149.72;54.74;
RM-26-GC-132;21;147.62;54.74;
RM-26-GC-010;27;149.76;54.73;
RM-26-GC-054;9;149.7;54.73;
RM-26-GC-055;9;149.7;54.73;
RM-26-GC-113;3;149.14;54.73;
RM-26-GC-023;0;150;54.72;
RM-26-GC-010;30;149.74;54.72;
RM-26-GC-118;3;145.48;54.72;
RM-26-GC-121;12;150.67;54.71;
RM-26-GC-128;0;149.73;54.71;
RM-26-GC-023;6;149.67;54.71;
RM-26-GC-021;15;149.3;54.7;
RM-26-GC-119;3;150.68;54.69;
RM-26-GC-065;2;148.71;54.69;
RM-26-GC-120;15;152.22;54.68;
RM-26-GC-043;3;149.94;54.68;
RM-26-GC-023;3;149.89;54.68;
RM-26-GC-008;57;149.62;54.68;
RM-26-GC-054;6;149.57;54.68;
RM-26-GC-055;6;149.57;54.68;
RM-26-GC-137;15;147.18;54.68;
RMZ-RC-105;9;150.23;54.67;
RM-26-GC-043;9;150.02;54.67;
RM-26-GC-008;60;149.71;54.67;
RM-26-GC-059;0;149.69;54.67;
RM-26-GC-059;3;149.69;54.67;
RM-26-GC-072;3;150.77;54.66;
RM-26-GC-074;0;149.02;54.66;
RM-26-GC-007;27;150.42;54.65;
RM-26-GC-029;12;150.1;54.65;
RM-26-GC-024;6;149.77;54.65;
RM-26-GC-044;15;149.49;54.65;
RM-26-GC-138;15;153.13;54.64;
RM-26-GC-044;12;149.94;54.64;
RM-26-GC-113;6;149.52;54.64;
RM-26-GC-016;0;149.19;54.64;
RM-26-GC-016;3;149.19;54.64;
RM-26-GC-007;24;150.45;54.63;
RM-26-GC-043;6;149.95;54.63;
RM-26-GC-029;15;150.09;54.62;
RM-26-GC-029;6;149.93;54.62;
RM-26-GC-044;9;149.93;54.62;
RM-26-GC-029;3;149.88;54.62;
RM-26-GC-054;0;149.49;54.62;
RM-26-GC-054;3;149.49;54.62;
RM-26-GC-055;0;149.49;54.62;
RM-26-GC-055;3;149.49;54.62;
RM-26-GC-016;6;149.23;54.62;
RM-26-GC-132;3;148.68;54.62;
RM-26-GC-005;21;152.43;54.61;
RM-26-GC-043;0;150;54.61;
RM-26-GC-016;21;149.4;54.61;
RM-26-GC-016;12;149.23;54.61;
RM-26-GC-134;15;147.95;54.61;
RMZ-RC-133;30;147.39;54.61;
RM-26-GC-119;6;150.23;54.6;
RM-26-GC-044;6;149.94;54.6;
RM-26-GC-006;9;149.79;54.6;
RM-26-GC-035;9;149.52;54.6;
RM-26-GC-059;9;149.43;54.6;
RM-26-GC-016;9;149.26;54.6;
RM-26-GC-094;21;151.56;54.59;
RM-26-GC-044;0;149.94;54.59;
RM-26-GC-044;3;149.94;54.59;
RM-26-GC-091;21;151.29;54.58;
RM-26-GC-047;12;154.66;54.57;
RM-26-GC-023;18;150.16;54.56;
RM-26-GC-132;15;148.4;54.56;
RM-26-GC-137;3;147.36;54.56;
RM-26-GC-007;30;150.3;54.55;
RM-26-GC-029;9;150.01;54.55;
RM-26-GC-139;9;149.19;54.55;
RM-26-GC-007;54;150.11;54.54;
RM-26-GC-006;12;149.78;54.54;
RM-26-GC-139;0;149.75;54.54;
RM-26-GC-016;15;149.3;54.54;
RM-26-GC-138;0;153.65;54.53;
RM-26-GC-007;21;150.36;54.52;
RM-26-GC-007;33;150.21;54.52;
RM-26-GC-007;45;150.2;54.51;
RM-26-GC-014;12;149.98;54.51;
RM-26-GC-122;3;146.65;54.51;
RM-26-GC-014;15;150.12;54.5;
RM-26-GC-006;15;149.82;54.5;
RM-26-GC-121;0;150.47;54.49;
RM-26-GC-007;48;150.21;54.49;
RM-26-GC-023;15;150.12;54.49;
RM-26-GC-023;12;149.99;54.49;
RM-26-GC-059;6;149.35;54.49;
RM-26-GC-007;39;150.11;54.48;
RM-26-GC-037;0;150;54.48;
RM-26-GC-090;15;149.77;54.48;
RM-26-GC-006;21;149.97;54.47;
RM-26-GC-082;0;149.33;54.47;
RM-26-GC-006;33;150.41;54.46;
RM-26-GC-007;42;150.15;54.46;
RM-26-GC-132;9;148.81;54.46;
RM-26-GC-055;21;147.58;54.46;
RM-26-GC-006;18;149.96;54.45;
RM-26-GC-014;9;149.88;54.45;
RM-26-GC-013;6;150.12;54.44;
RM-26-GC-029;18;150.09;54.44;
RM-26-GC-018;15;149.61;54.44;
RM-26-GC-110;0;151.52;54.43;
RM-26-GC-006;30;150.39;54.43;
RM-26-GC-018;12;149.52;54.43;
RM-26-GC-074;2;149.2;54.43;
RM-26-GC-029;24;150.28;54.42;
RM-26-GC-007;36;150.17;54.42;
RM-26-GC-013;3;150.08;54.42;
RM-26-GC-013;15;149.46;54.42;
RM-26-GC-048;0;150.65;54.41;
RM-26-GC-121;15;150.52;54.41;
RM-26-GC-006;24;150.17;54.41;
RM-26-GC-037;3;150.04;54.41;
RM-26-GC-042;12;149.61;54.41;
RM-26-GC-042;9;149.57;54.41;
RM-26-GC-128;12;148.67;54.41;
RMZ-RC-105;12;150;54.39;
RM-26-GC-013;0;150;54.39;
RM-26-GC-037;6;150;54.39;
RM-26-GC-113;9;149.65;54.39;
RM-26-GC-113;12;150.14;54.38;
RM-26-GC-128;3;149.92;54.38;
RM-26-GC-023;9;149.7;54.38;
RM-26-GC-037;9;150.01;54.37;
RM-26-GC-037;24;149.82;54.37;
RM-26-GC-018;0;149.5;54.37;
RM-26-GC-018;3;149.5;54.37;
RM-26-GC-016;18;149.4;54.37;
RM-26-GC-122;12;146.61;54.37;
RM-26-GC-014;18;150.29;54.36;
RM-26-GC-119;9;150.27;54.36;
RM-26-GC-037;12;150.02;54.36;
RM-26-GC-014;6;149.86;54.36;
RM-26-GC-122;6;146.54;54.36;
RM-26-GC-006;36;150.46;54.35;
RM-26-GC-006;27;150.29;54.35;
RM-26-GC-013;9;149.98;54.35;
RM-26-GC-013;12;149.78;54.34;
RM-26-GC-018;6;149.43;54.33;
RM-26-GC-018;9;149.43;54.33;
RM-26-GC-029;21;150.15;54.32;
RM-26-GC-037;21;149.98;54.32;
RM-26-GC-028;0;149.47;54.32;
RM-26-GC-028;3;149.47;54.32;
RM-26-GC-035;6;149.37;54.32;
RM-26-GC-065;3.97;148.76;54.32;
RM-26-GC-026;12;148.52;54.32;
RM-26-GC-007;51;150.27;54.31;
RM-26-GC-042;6;149.54;54.31;
RM-26-GC-014;21;150.44;54.3;
RM-26-GC-139;3;149.77;54.3;
RM-26-GC-042;15;149.6;54.29;
RM-26-GC-042;0;149.5;54.29;
RM-26-GC-042;3;149.5;54.29;
RM-26-GC-138;3;153.42;54.28;
RM-26-GC-003;0;150;54.28;
RM-26-GC-038;3;149.92;54.28;
RM-26-GC-003;3;149.87;54.28;
RM-26-GC-038;9;149.8;54.28;
RM-26-GC-003;6;149.75;54.28;
RM-26-GC-003;9;149.62;54.28;
RM-26-GC-003;12;149.5;54.28;
RM-26-GC-082;9;149.45;54.28;
RM-26-GC-003;15;149.39;54.28;
RM-26-GC-003;18;149.27;54.28;
RM-26-GC-003;21;149.16;54.28;
RM-26-GC-091;0;148.88;54.28;
RM-26-GC-057;3;149.97;54.27;
RM-26-GC-057;6;149.93;54.27;
RM-26-GC-006;39;150.61;54.26;
RM-26-GC-014;24;150.57;54.26;
RM-26-GC-057;0;150;54.26;
RM-26-GC-028;21;149.75;54.26;
RMZ-RC-105;30;149.7;54.26;
RM-26-GC-003;24;149.04;54.26;
RM-26-GC-057;12;149.93;54.25;
RM-26-GC-128;6;149.19;54.25;
RM-26-GC-119;0;150.51;54.24;
RM-26-GC-034;18;150.18;54.24;
RM-26-GC-037;15;150;54.24;
RM-26-GC-038;0;150;54.23;
RM-26-GC-037;18;149.98;54.23;
RM-26-GC-003;27;148.91;54.23;
RM-26-GC-057;18;150.01;54.22;
RM-26-GC-034;12;149.99;54.22;
RM-26-GC-057;15;149.97;54.22;
RMZ-RC-105;27;149.39;54.22;
RM-26-GC-003;30;148.78;54.21;
RM-26-GC-005;24;153.41;54.2;
RM-26-GC-005;27;153.41;54.2;
RM-26-GC-006;48;150.83;54.2;
RM-26-GC-006;42;150.78;54.2;
RM-26-GC-057;9;149.92;54.19;
RM-26-GC-042;18;149.54;54.19;
RM-26-GC-003;33;148.65;54.19;
RM-26-GC-079;0;150.86;54.18;
RM-26-GC-006;45;150.82;54.18;
RM-26-GC-014;3;149.93;54.18;
RM-26-GC-035;0;149.61;54.18;
RM-26-GC-035;3;149.61;54.18;
RMZ-RC-105;24;149.31;54.18;
RM-26-GC-110;3;151.42;54.14;
RM-26-GC-026;15;148.71;54.14;
RM-26-GC-038;6;149.86;54.13;
RM-26-GC-026;0;149.75;54.13;
RM-26-GC-026;3;149.75;54.13;
RM-26-GC-074;4;149.27;54.12;
RM-26-GC-117;2;147.08;54.12;
RM-26-GC-087;18;149.5;54.11;
RM-26-GC-026;6;149.42;54.11;
RM-26-GC-006;51;151.01;54.1;
RM-26-GC-014;0;150;54.09;
RM-26-GC-087;0;149.48;54.09;
RMZ-RC-105;15;149.55;54.07;
RM-26-GC-128;15;148.6;54.07;
RM-26-GC-110;6;151.63;54.06;
RM-26-GC-013;18;151.43;54.06;
RM-26-GC-113;18;150.29;54.04;
RM-26-GC-122;15;146.43;54.04;
RM-26-GC-026;18;151.01;54.02;
RM-26-GC-128;9;149.27;54.02;
RM-26-GC-034;9;149.76;54.01;
RM7;0;155;54;
RM-26-GC-113;15;150.32;54;
RM-26-GC-034;0;150;54;
RM14;0;150;54;
RM-26-GC-085;0;148.8;54;
RM-26-GC-026;9;148.87;53.99;
RM-26-GC-117;3.87;147.37;53.99;
RMZ-RC-105;21;149.28;53.98;
RM-26-GC-079;2;151.06;53.97;
RM-26-GC-110;12;151.48;53.96;
RM-26-GC-034;3;149.86;53.96;
RM-26-GC-046;18;149.64;53.96;
RM-26-GC-042;24;149.45;53.96;
RM-26-GC-034;15;150.13;53.95;
RM-26-GC-090;0;149.71;53.95;
RM-26-GC-122;9;146.53;53.95;
RM-26-GC-034;6;149.77;53.94;
RM-26-GC-135;0;150.22;53.92;
RM-26-GC-085;24;149.01;53.92;
RM-26-GC-005;30;153.39;53.91;
RM-26-GC-080;15;149.99;53.89;
RMZ-RC-105;18;149.26;53.88;
RM-26-GC-046;6;150.8;53.87;
RM-26-GC-046;0;152.15;53.86;
RM-26-GC-046;3;152.15;53.86;
RM-26-GC-042;21;149.44;53.86;
RM-26-GC-080;0;149.3;53.86;
RM-26-GC-122;15.84;146.4;53.85;
RM-26-GC-110;9;151.56;53.84;
RM-26-GC-046;9;150.24;53.84;
RM-26-GC-117;0;146.67;53.84;
RM-26-GC-028;6;149.43;53.82;
RM-26-GC-027;12;150.17;53.8;
RM-26-GC-046;15;149.77;53.8;
RM-26-GC-006;54;151.1;53.79;
RM-26-GC-014;27;150.61;53.79;
RM-26-GC-046;24;147.91;53.78;
RM-26-GC-142;6;150.41;53.75;
RM-26-GC-003;36;149.9;53.75;
RM-26-GC-110;15;151.4;53.73;
RM-26-GC-005;45;153.49;53.72;
RM-26-GC-046;12;149.98;53.7;
RM-26-GC-027;3;149.86;53.7;
RM-26-GC-005;51;153.84;53.69;
RM-26-GC-005;42;153.28;53.69;
RM-26-GC-113;21;150.38;53.69;
RM-26-GC-027;0;150;53.68;
RM-26-GC-046;21;149.94;53.68;
RM-26-GC-005;39;153.19;53.66;
RM-26-GC-005;48;153.68;53.65;
RM-26-GC-079;3.93;151.11;53.65;
RM-26-GC-145;0;149.98;53.65;
RM-26-GC-028;18;149.69;53.65;
RM-26-GC-135;3;150.12;53.62;
RM-26-GC-027;6;149.7;53.61;
RM-26-GC-028;15;149.65;53.6;
RM-26-GC-028;9;149.41;53.6;
RM-26-GC-006;57;151.13;53.59;
RM-26-GC-006;60;151.46;53.58;
RM-26-GC-005;36;153.25;53.57;
RM-26-GC-142;0;150.18;53.56;
RM-26-GC-028;12;149.42;53.56;
RM-26-GC-015;3;150.03;53.55;
RM-26-GC-140;0;147.02;53.55;
RM-26-GC-027;9;149.73;53.54;
RM-26-GC-015;0;150;53.53;
RM-26-GC-005;33;153.53;53.52;
RM-26-GC-005;54;154.54;53.49;
RM-26-GC-142;9;150.31;53.49;
RM-26-GC-015;6;150.11;53.48;
RM-26-GC-006;66;151.25;53.46;
RM-26-GC-005;57;154.58;53.4;
RM-26-GC-006;63;151.38;53.39;
RM-26-GC-145;6;150.12;53.39;
RM-26-GC-135;12;150.73;53.38;
RM-26-GC-015;15;150.19;53.38;
RM-26-GC-015;12;150.1;53.37;
RM-26-GC-003;38;151.03;53.36;
RM-26-GC-109;0;147.47;53.35;
RM-26-GC-015;9;150.12;53.34;
RM-26-GC-140;2;147.11;53.33;
RM-26-GC-006;69;151.19;53.31;
RM-26-GC-135;6;150.55;53.3;
RM-26-GC-142;3;150.36;53.25;
RM-26-GC-145;3;149.92;53.25;
RM-26-GC-135;15;150.73;53.14;
RM-26-GC-145;9;150.11;53.13;
RM-26-GC-109;2;147.63;53.12;
RM-26-GC-135;9;150.58;53.11;
RM-26-GC-062;0;152.52;53.1;
RM-26-GC-140;3.84;147.12;53.01;
RM-26-GC-109;3.85;147.7;52.81;
RM-26-GC-062;15;148.65;52.74;
RM-26-GC-040;3;149.93;52.67;
RM-26-GC-040;0;150;52.63;
RM-26-GC-040;21;150.72;52.52;
RM-26-GC-040;15;150.58;52.49;
RM-26-GC-040;18;150.71;52.42;
RM-26-GC-040;6;150.02;52.36;
RM-26-GC-040;9;150.14;52.28;
RM-26-GC-040;12;150.13;52.2;
RM-26-GC-141;12;152.9;50.55;
RM-26-GC-141;18;153.05;50.41;
RM-26-GC-141;0;152.76;50.34;
RM-26-GC-141;6;152.87;50.31;
RM-26-GC-141;15;153.03;50.29;
RM-26-GC-141;21;153.1;50.05;
RMF17;0;352;50;
RM11;0;335;50;
RM17;0;335;50;
RMF7;0;331.47;50;
RM-30Taille4StARcpTrEFR0;0;170;50;
RM-30Taille4StARcpTrEFR1;0;170;50;
RM-30Taille4StARcpTrEFR2;0;170;50;
RM-30Taille4StARcpTrEFR3;0;170;50;
RM-30Taille4StARcpTrEFR4;0;170;50;
RM-30Taille4StARcpTrEFR5;0;170;50;
RM-30Taille4StARcpTrEFR6;0;170;50;
RM-30Taille4StARcpTrEFR7;0;170;50;
RM-30Taille4StARcpTrEFR8;0;170;50;
RM-30Taille4StARcpTrEFR9;0;170;50;
RM12;0;155;50;
RM18;0;155;50;
RM20;0;155;50;
RM26;0;155;50;
RM-26-GC-141;3;152.85;49.98;
RM-26-GC-141;9;152.86;49.96;
RMF20;0;5;48;
RM13;0;155;47.5;
RM10;0;340;47;
RM-30Taille4StATrEFR0;0;170;47;
RM-30Taille4StATrEFR1;0;170;47;
RM-30Taille4StATrEFR2;0;170;47;
RM-30Taille4StATrEFR3;0;170;47;
RM-30Taille4StATrEFR4;0;170;47;
RM-30Taille4StATrEFR5;0;170;47;
RM-30Taille4StATrEFR6;0;170;47;
RM-30Taille4StATrWFR0;0;170;47;
RM-30Taille4StATrWFR1;0;170;47;
RM-30Taille4StATrWFR2;0;170;47;
RM-30Taille4StATrWFR3;0;170;47;
RM-30Taille4StATrWFR4;0;170;47;
RM-30Taille4StATrWFR5;0;170;47;
RMF18;0;323;46;
RMF19;0;285;46;
RM-100Taille3WT4R13;0;335;45.5;
RM-100Taille3WT4R4;0;335;45.5;
RM-100Taille3WT4R14;0;335;45.5;
RM-100Taille3WT4R5;0;335;45.5;
RM-100Taille3WT4R15;0;335;45.5;
RM-100Taille3WT4R6;0;335;45.5;
RM-100Taille3WT4R7;0;335;45.5;
RM-100Taille3WT4R8;0;335;45.5;
RM-100Taille3WT4R9;0;335;45.5;
RM-100Taille3WT4R1;0;335;45.5;
RM-100Taille3WT4R10;0;335;45.5;
RM-100Taille3WT4R11;0;335;45.5;
RM-100Taille3WT4R2;0;335;45.5;
RM-100Taille3WT4R12;0;335;45.5;
RM-100Taille3WT4R3;0;335;45.5;
RM-50Taille4StATrWFR1;0;343;45;
RM-50Taille4StATrWFR10;0;343;45;
RM-50Taille4StATrWFR11;0;343;45;
RM-50Taille4StATrWFR12;0;343;45;
RM-50Taille4StATrWFR13;0;343;45;
RM-50Taille4StATrWFR14;0;343;45;
RM-50Taille4StATrWFR15;0;343;45;
RM-50Taille4StATrWFR16;0;343;45;
RM-50Taille4StATrWFR17;0;343;45;
RM-50Taille4StATrWFR2;0;343;45;
RM-50Taille4StATrWFR3;0;343;45;
RM-50Taille4StATrWFR4;0;343;45;
RM-50Taille4StATrWFR5;0;343;45;
RM-50Taille4StATrWFR6;0;343;45;
RM-50Taille4StATrWFR7;0;343;45;
RM-50Taille4StATrWFR8;0;343;45;
RM-50Taille4StATrWFR9;0;343;45;
RM-50Taille4StATrEFR1;0;341;45;
RM-50Taille4StATrEFR10;0;341;45;
RM-50Taille4StATrEFR11;0;341;45;
RM-50Taille4StATrEFR12;0;341;45;
RM-50Taille4StATrEFR13;0;341;45;
RM-50Taille4StATrEFR14;0;341;45;
RM-50Taille4StATrEFR15;0;341;45;
RM-50Taille4StATrEFR16;0;341;45;
RM-50Taille4StATrEFR2;0;341;45;
RM-50Taille4StATrEFR3;0;341;45;
RM-50Taille4StATrEFR4;0;341;45;
RM-50Taille4StATrEFR5;0;341;45;
RM-50Taille4StATrEFR6;0;341;45;
RM-50Taille4StATrEFR7;0;341;45;
RM-50Taille4StATrEFR8;0;341;45;
RM-50Taille4StATrEFR9;0;341;45;
RM-40TailleC6R12;0;339.89;45;
RM-40TailleC6R14;0;337.34;45;
RM-40TailleC6R13;0;336.7;45;
RM-40TailleC6R22;0;336.4;45;
RM-40TailleC6R16;0;336.28;45;
RM-40TailleC6R15;0;335.56;45;
RM-40TailleC6R21;0;335.49;45;
RM-40TailleC6R11;0;335.22;45;
RM-100Taille3ET2R8;0;335;45;
RM-100Taille3ET4R6;0;335;45;
RM-100Taille3ET2R9;0;335;45;
RM-100Taille3ET4R7;0;335;45;
RM-100Taille3ET4R8;0;335;45;
RM-100Taille3ET4R9;0;335;45;
RM-100Taille3ET2R1;0;335;45;
RM-100Taille3ET2R10;0;335;45;
RM-100Taille3ET2R11;0;335;45;
RM-100Taille3ET2R2;0;335;45;
RM-100Taille3ET2R12;0;335;45;
RM-100Taille3ET2R3;0;335;45;
RM-100Taille3ET4R10;0;335;45;
RM-100Taille3ET2R13;0;335;45;
RM-100Taille3ET2R4;0;335;45;
RM-100Taille3ET4R11;0;335;45;
RM-100Taille3ET4R2;0;335;45;
RM-100Taille3ET2R5;0;335;45;
RM-100Taille3ET4R12;0;335;45;
RM-100Taille3ET4R3;0;335;45;
RM-100Taille3ET2R6;0;335;45;
RM-100Taille3ET4R13;0;335;45;
RM-100Taille3ET4R4;0;335;45;
RM-100Taille3ET2R7;0;335;45;
RM-100Taille3ET4R14;0;335;45;
RM-100Taille3ET4R5;0;335;45;
RM-40TailleC6R18;0;334.58;45;
RM-40TailleC6R23;0;334.42;45;
RM-40TailleC6R20;0;333.74;45;
RM-40TailleC6R19;0;332.98;45;
RM-40TailleC6R17;0;331.79;45;
RM-40TailleC6R27;0;331.47;45;
RM-40TailleC6R26;0;331.28;45;
RM-40TailleC6R28;0;329.94;45;
RM-40TailleC6R25;0;329.12;45;
RM-40TailleC6R24;0;328.57;45;
RM-125taille1WT1R1;0;327;45;
RM-125taille1WT1R2;0;327;45;
RM-125taille1WT1R3;0;327;45;
RM-125taille1WT1R4;0;327;45;
RM-40TailleC6R29;0;325.86;45;
RM-40TailleC6R30;0;325.29;45;
RM-125Taille1TrWPW;0;325;45;
RM-125Taille1TrWFR1;0;325;45;
RM-125Taille1TrWFR2;0;325;45;
RM-125Taille1TrWFR3;0;325;45;
RM-125Taille1TrWFR4;0;325;45;
RM-80TailleAcEW6R1;0;319;45;
RM-80TailleAcEW6R2;0;319;45;
RM-80TailleAcEW6R3;0;319;45;
RM-80TailleAcEW6R4;0;319;45;
RM-80TailleAcEW6R5;0;319;45;
RM-80TailleAcEW6R6;0;319;45;
RMF2;0;318.92;45;
RM-30Taille4StARcpTrEFR10;0;170;45;
RM-30Taille4StARcpTrEFR11;0;170;45;
RM-30Taille4StARcpTrEFR12;0;170;45;
RM-30Taille4StARcpTrEFR13;0;170;45;
RM-30Taille4StARcpTrEFR14;0;170;45;
RM-30Taille4StARcpTrEFR15;0;170;45;
RM-30Taille4StARcpTrEFR16;0;170;45;
RMF21;0;323;35;
RM-30Taille4StARcpTrEFR17;0;170;45;
RM-30Taille4StARcpTrEFR18;0;170;45;
RM-30Taille4StARcpTrEFR19;0;170;45;
RM-30Taille4StARcpTrEFR20;0;170;45;
RM-30Taille4StARcpTrWFR1;0;170;45;
RM-30Taille4StARcpTrWFR2;0;170;45;
RM-30Taille4StARcpTrWFR3;0;170;45;
RM-30Taille4StARcpTrWFR4;0;170;45;
RM-30Taille4StARcpTrWFR5;0;170;45;
RM-30Taille4StARcpTrWFR6;0;170;45;
RMF13;0;358;44;
RM-40TailleW1R35;0;345.29;40;
RM-40TailleW2R47;0;342.23;40;
RM-40TailleW2R46;0;341.93;40;
RM-40TailleW2R48;0;341.8;40;
RM-40TailleW2R45;0;341;40;
RM-40TailleC1R36;0;338.82;40;
RM-40TailleC5R3;0;338.52;40;
RM-40TailleC7R2;0;337.18;40;
RM-40TailleE3R37;0;336.71;40;
RM-40TailleE1R43;0;336.59;40;
RM-40TailleC1R40;0;336.18;40;
RM-40TailleE1R42;0;335.91;40;
RM-40TailleC7R7;0;335.9;40;
RM-40TailleC1R4;0;335.74;40;
RM-40TailleC1R41;0;335.74;40;
RM-40TailleE3R38;0;335.62;40;
RM-40TailleC1R37;0;334.82;40;
RM-40TailleC7R1;0;334.73;40;
RM-40TailleC7R8;0;334.65;40;
RM-40TailleW1R15;0;334.18;40;
RM-40TailleC7R9;0;334.1;40;
RM-40TailleC7R6;0;334.06;40;
RM-100Taille3WAPW;0;334;40;
RM-100Taille3WAFR1;0;334;40;
RM-100Taille3WAFR2;0;334;40;
RM-100Taille3WAFR3;0;334;40;
RM-100Taille3WAFR4;0;334;40;
RM-100Taille3EAPE;0;334;40;
RM-100Taille3EAFR1;0;334;40;
RM-100Taille3EAFR2;0;334;40;
RM-100Taille3EAFR3;0;334;40;
RM-100Taille3EAFR4;0;334;40;
RM-100Taille3EAFR5;0;334;40;
RM-100Taille3EAFR6;0;334;40;
RM-40TailleC7R4;0;333.95;40;
RM-40TailleC1R33;0;333.93;40;
RM-40TailleC1R54;0;333.93;40;
RM-40TailleC1R55;0;333.93;40;
RM-40TailleC1R56;0;333.93;40;
RM-40TailleC1R59;0;333.93;40;
RM-40TailleC1R62;0;333.93;40;
RM-40TailleE3R27;0;333.62;40;
RM-40TailleC5R2;0;333.12;40;
RM-40TailleC3R38;0;333.09;40;
RM-40TailleC7R3;0;333.05;40;
RM-40TailleW1R20;0;332.54;40;
RM-40TailleC7R5;0;332.42;40;
RM-40TailleC3R37;0;332.38;40;
RM-40TailleW1R33;0;332.34;40;
RM-40TailleW1R32;0;332.31;40;
RM-40TailleC8R1;0;332;40;
RM-40TailleC8R2;0;332;40;
RM-40TailleC8R3;0;332;40;
RM-40TailleC8R4;0;332;40;
RM-40TailleC8R5;0;332;40;
RM-40TailleC8R6;0;332;40;
RM-40TailleC8R7;0;332;40;
RM-40TailleC5R14;0;331.9;40;
RM-40TailleC3R40;0;331.79;40;
RM-40TailleE1R41;0;331.52;40;
RM-40TailleStE1R10;0;331.33;40;
RM-40TailleE1R40;0;331.22;40;
RM-40TailleE1R44;0;331.07;40;
RM-40TailleC3R39;0;331.06;40;
RM-40TailleW1R34;0;330.93;40;
RM-40TailleStE1R11;0;330.9;40;
RM-40TailleC5R13;0;330.89;40;
RM-40TailleC5R4;0;330.68;40;
RM-40TailleW2R19;0;330.44;40;
RM-40TailleStE1R9;0;330.12;40;
RM-40TailleC5R11;0;330.03;40;
RM-40TailleE3R30;0;329.74;40;
RM-40TailleC3R41;0;329.48;40;
RM-40TailleStE1R7;0;329.38;40;
RM-40TailleC5R1;0;329.31;40;
RM-40TailleC1R1;0;329.16;40;
RM-40TailleC1R2;0;329.16;40;
RM-40TailleC1R27;0;329.16;40;
RM-40TailleC1R28;0;329.16;40;
RM-40TailleC1R29;0;329.16;40;
RM-40TailleC1R3;0;329.16;40;
RM-40TailleC1R30;0;329.16;40;
RM-40TailleC1R31;0;329.16;40;
RM-40TailleC1R34;0;329.16;40;
RM-40TailleC1R5;0;329.16;40;
RM-40TailleC1R6;0;329.16;40;
RM-40TailleW2R39;0;329.09;40;
RM-40TailleC5R12;0;329.05;40;
RM-40TailleW1R19;0;328.36;40;
RM-40TailleE3R31;0;328.25;40;
RM-40TailleStW3R4;0;328.2;40;
RM-40TailleC5R6;0;328.01;40;
RM-40TailleW1R21;0;327.98;40;
RM-40TailleW2R26;0;327.92;40;
RM-40TailleW2R29;0;327.19;40;
RM-100taille4WT1R1;0;327;40;
RM-40TailleE1R39;0;326.75;40;
RM-40TailleC5R5;0;326.46;40;
RM-40TailleW1R29;0;326.19;40;
RM-40TailleE1R38;0;325.98;40;
RM-40TailleStW3R1;0;325.6;40;
RM-40TailleE3R18;0;324.9;40;
RM-40TailleC5R10;0;324.67;40;
RM-40TailleStW3R2;0;324.4;40;
RM-40TailleE3R35;0;324.28;40;
RM-40TailleE3R36;0;324.27;40;
RM-40TailleW1R22;0;324.12;40;
RM-40TailleW1R16;0;323.75;40;
RM-40TailleE3R9;0;323.69;40;
RM-40TailleE3R29;0;323.57;40;
RM-40TailleE3R32;0;323.56;40;
RM-40TailleC5R8;0;323.51;40;
RM-40TailleC5R7;0;323.43;40;
RM-40TailleE3R33;0;323.41;40;
RM-40TailleE3R17;0;323.17;40;
RM-40TailleStW3R3;0;323;40;
RM-40TailleE3R34;0;322.84;40;
RM-40TailleC5R9;0;322.44;40;
RM-40TailleE3R8;0;322.15;40;
RM-40DecR52;0;322.03;40;
RM-40TailleE1R33;0;322.03;40;
RM-40TailleStW3R10;0;322;40;
RM-40TailleE3R15;0;321.85;40;
RM-40DecR51;0;321.82;40;
RM-40DecR7;0;321.57;40;
RM-40TailleE1R32;0;321.52;40;
RM-40DecR6;0;321.09;40;
RM-40DecR9;0;320.89;40;
RM-40TailleE3R10;0;320.81;40;
RM-40TailleE3R13;0;320.77;40;
RM-40DecR5;0;318.57;40;
RM-40TailleE1R37;0;317.67;40;
RMF6;0;17.46;40;
RM-100taille4TrEFR1;0;322;38;
RM-100taille4TrEFR2;0;322;38;
RM-100taille4TrEFR3;0;322;38;
RM-100taille4TrEFR4;0;322;38;
RM-100taille4TrEFR5;0;322;38;
RM-100Taille3EAFR13;0;334;36;
RM-100Taille3EAFR14;0;334;36;
RM-100Taille3EAFR15;0;334;36;
RM-100Taille3EAFR16;0;334;36;
RM-100Taille3EAFR17;0;334;36;
RM-100Taille3EAFR18;0;334;36;
RM-100Taille3EAFR19;0;334;36;
RM-100Taille3EAFR20;0;334;36;
RM-100Taille3EAFR21;0;334;36;
RM-100Taille3EAFR22;0;334;36;
RM-100Taille3EAFR23;0;334;36;
RM-100Taille3EAFR24;0;334;36;
RM-100Taille3EAFR25;0;334;36;
RM-100Taille3EAFR26;0;334;36;
RMF10;0;291;36;
RM-40TailleW1R37;0;351.44;35;
RM-40TailleW1R39;0;351.07;35;
RM-40TailleW1R38;0;350.42;35;
RM-40DecR200;0;342.34;35;
RM-40TailleW2R49;0;340.96;35;
RM-125Taille2TrEFR9;0;340;35;
RM-125Taille2TrEFR10;0;340;35;
RM-125Taille2TrEFR11;0;340;35;
RM-125Taille2TrEFR12;0;340;35;
RM-125Taille2TrEFR13;0;340;35;
RM-125Taille2TrWPW;0;340;35;
RM-125Taille2TrWFR1;0;340;35;
RM-125Taille2TrWFR2;0;340;35;
RM-125Taille2TrWFR3;0;340;35;
RM-125Taille2TrWFR4;0;340;35;
RM-125Taille2TrWFR5;0;340;35;
RM-125Taille2TrWFR6;0;340;35;
RM-125Taille2TrWFR7;0;340;35;
RM-125Taille2TrWFR8;0;340;35;
RM-125Taille2TrWFR9;0;340;35;
RM-125Taille2TrWFR10;0;340;35;
RM-125Taille2TrWFR11;0;340;35;
RM-125Taille2TrWFR12;0;340;35;
RM-125Taille2TrWFR13;0;340;35;
RM-40TailleStE1R26;0;339.62;35;
RM-40TailleW2R50;0;338.86;35;
RM-40TailleStE1R27;0;338.48;35;
RM-40TailleC2R13;0;338.3;35;
RM-40TailleStE1R24;0;337.4;35;
RM-40TailleW2R51;0;337.33;35;
RM-40TailleC2R11;0;336.95;35;
RM-40TailleC2R14;0;336.94;35;
RM-40TailleStE1R25;0;335.87;35;
RM-40TailleW2R37;0;335.75;35;
RM-40TailleC2R3;0;335.69;35;
RM-40TailleC2R10;0;335.23;35;
RM-108Taille3TrEFR12;0;335;35;
RM-108Taille3TrEFR13;0;335;35;
RM-108Taille3TrEFR14;0;335;35;
RM-108Taille3TrEFR15;0;335;35;
RM-108Taille3TrEFR16;0;335;35;
RM-108Taille3TrEFR17;0;335;35;
RM-108Taille3TrEFR18;0;335;35;
RM-108Taille3TrEFR19;0;335;35;
RM-108Taille3TrEFR20;0;335;35;
RM-108Taille3TrEFR21;0;335;35;
RM-108Taille3TrEFR22;0;335;35;
RM-108Taille3TrEFR23;0;335;35;
RM-108Taille3TrEFR24;0;335;35;
RM-40TailleStE1R23;0;334.99;35;
RM-40TailleW2R52;0;334.9;35;
RM-40TailleC2R1;0;334.74;35;
RM-40TailleC2R2;0;334.21;35;
RM-40TailleW2R12;0;334.02;35;
RM-40TailleW2R11;0;333.93;35;
RM-40DecR128;0;333.69;35;
RM-40TailleC2R9;0;333.27;35;
RM-40DecR48;0;332.86;35;
RM-40DecR129;0;332.5;35;
RMF8;0;332.3;35;
RM-40TailleW2R22;0;332.21;35;
RM-40TailleW2R20;0;332.06;35;
RM-40TailleW2R10;0;331.75;35;
RM-40TailleW2R9;0;331.14;35;
RM-40DecR22;0;330.8;35;
RM-40TailleStE1R1;0;330.55;35;
RM-40TailleW2R8;0;330.46;35;
RM-40DecR21;0;330.41;35;
RM-80TailleExW4R1;0;330;35;
RM-80TailleExW4R2;0;330;35;
RM-80TailleExW4R3;0;330;35;
RM-80TailleExW4R4;0;330;35;
RM-80TailleExW4R5;0;330;35;
RM-80TailleExW4R6;0;330;35;
RM-80TailleExW4R7;0;330;35;
RM-80TailleExW4R8;0;330;35;
RM-80TailleExW6R1;0;330;35;
RM-80TailleExW6R2;0;330;35;
RM-80TailleExW6R3;0;330;35;
RM-80TailleExW6R4;0;330;35;
RM-80TailleExW5R1;0;330;35;
RM-80TailleExW5R2;0;330;35;
RM-80TailleExW5R3;0;330;35;
RM-80TailleExW5R4;0;330;35;
RM-80TailleExW5R5;0;330;35;
RM-80TailleExW5R6;0;330;35;
RM-80TailleExW5R7;0;330;35;
RM-80TailleExW5R8;0;330;35;
RM-80TailleExW5R9;0;330;35;
RM-80TailleExW5R10;0;330;35;
RM-80TailleExW5R11;0;330;35;
RM-80TailleExW5R12;0;330;35;
RM-80TailleExW5R13;0;330;35;
RM-80TailleExW5R14;0;330;35;
RM-100Taille3WAFR5;0;330;35;
RM-100Taille3WAFR6;0;330;35;
RM-100Taille3WAFR7;0;330;35;
RM-100Taille3WAFR8;0;330;35;
RM-100Taille3WAFR9;0;330;35;
RM-100Taille3WAFR10;0;330;35;
RM-100Taille3WAFR11;0;330;35;
RM-100Taille3WAFR12;0;330;35;
RM-80TailleAcEW5R1;0;329;35;
RM-80TailleAcEW5R2;0;329;35;
RM-80TailleAcEW5R3;0;329;35;
RM-80TailleAcEW5R4;0;329;35;
RM-80TailleAcEW5R5;0;329;35;
RM-80TailleAcEW5R6;0;329;35;
RM-80TailleAcEW5R7;0;329;35;
RM-40DecR19;0;328.91;35;
RM-40TailleStE1R2;0;328.34;35;
RM-40DecR16;0;328.04;35;
RM-40DecR23;0;328.02;35;
RM-100Taille3TrEFR70;0;328;35;
RM-100Taille3TrEFR71;0;328;35;
RM-100Taille3TrEFR72;0;328;35;
RM-100Taille3TrEFR64;0;328;35;
RM-100Taille3TrEFR73;0;328;35;
RM-100Taille3TrEFR65;0;328;35;
RM-100Taille3TrEFR74;0;328;35;
RM-100Taille3TrEFR66;0;328;35;
RM-100Taille3TrEFR75;0;328;35;
RM-100Taille3TrEFR67;0;328;35;
RM-100Taille3TrEFR76;0;328;35;
RM-100Taille3TrEFR68;0;328;35;
RM-100Taille3TrEFR77;0;328;35;
RM-100Taille3TrEFR69;0;328;35;
RM-40DecR14;0;327.69;35;
RM-40DecR18;0;327.33;35;
RM-40DecR17;0;327.15;35;
RM-100taille4WT1R6;0;327;35;
RM-100taille4WT1R7;0;327;35;
RM-100taille4WT1R8;0;327;35;
RM-100taille4WT1R9;0;327;35;
RM-100taille4WT1R10;0;327;35;
RM-100taille4WT1R11;0;327;35;
RM-100taille4WT1R12;0;327;35;
RM-100taille4WT1R13;0;327;35;
RM-80TailleAcEW4R1;0;326;35;
RM-80TailleAcEW4R2;0;326;35;
RM-80TailleAcEW4R3;0;326;35;
RM-80TailleAcEW4R4;0;326;35;
RM-80TailleAcEW4R5;0;326;35;
RM-80TailleAcEW4R6;0;326;35;
RM-80TailleAcEW4R7;0;326;35;
RM-80TailleAcEW4R8;0;326;35;
RM-80TailleAcEW4R9;0;326;35;
RM-80TailleAcEW4R10;0;326;35;
RM-80TailleAcEW4R11;0;326;35;
RMF23;0;326;35;
RM-100taille4WT2R1;0;326;35;
RM-100taille4WT2R2;0;326;35;
RM-100taille4WT2R3;0;326;35;
RM-100taille4WT2R4;0;326;35;
RM-100taille4WT2R5;0;326;35;
RM-100taille4WT2R6;0;326;35;
RM-100taille4WT2R7;0;326;35;
RM-100taille4WT2R8;0;326;35;
RM-100taille4WT2R9;0;326;35;
RM-100taille4WT2R10;0;326;35;
RM-40TailleStE1R3;0;325.85;35;
RM-40TailleStW3R5;0;325.5;35;
RM-40DecR20;0;323.38;35;
RM-40TailleStW3R6;0;322;35;
RM-40DecR2;0;321.65;35;
RM-40DecR4;0;320.63;35;
RM-40DecR3;0;320.62;35;
RM-40DecR1;0;320.53;35;
RM-40TailleStW3R7;0;320.5;35;
RM-40TailleStW3R9;0;318.7;35;
RM-40TailleStW3R8;0;318.5;35;
RM-40DecR10;0;317.15;35;
RMF4;0;13.99;35;
RMF22;0;5;35;
RM-60TailleStNEE3R1;0;322;33;
RM-60TailleStNEE3R10;0;322;33;
RM-60TailleStNEE3R11;0;322;33;
RM-60TailleStNEE3R12;0;322;33;
RM-60TailleStNEE3R13;0;322;33;
RM-60TailleStNEE3R14;0;322;33;
RM-60TailleStNEE3R2;0;322;33;
RM-60TailleStNEE3R3;0;322;33;
RM-60TailleStNEE3R4;0;322;33;
RM-60TailleStNEE3R5;0;322;33;
RM-60TailleStNEE3R6;0;322;33;
RM-60TailleStNEE3R7;0;322;33;
RM-60TailleStNEE3R8;0;322;33;
RM-60TailleStNEE3R9;0;322;33;
RM-60TailleStNEE4R26;0;320;33;
RM-60TailleStNEE4R27;0;320;33;
RM-60TailleStNEE4R28;0;319;33;
RM-60TailleStNEE3R15;0;318.65;33;
RM-60TailleStNEE3R16;0;318.65;33;
RM-60TailleStNEE3R17;0;318.65;33;
RM-60TailleStNEE3R18;0;318.65;33;
RM-60TailleStNEE3R19;0;318.65;33;
RM-60TailleStNEE3R20;0;318.65;33;
RM-60TailleStNEE3R21;0;318.65;33;
RM-60TailleStNEE3R22;0;318.65;33;
RM-60TailleStNEE3R23;0;318.65;33;
RM-60TailleStNEE3R24;0;318.65;33;
RM-60TailleStNEE3R25;0;318.65;33;
RM-60TailleStNEE3R26;0;318.65;33;
RM-60TailleStNEE3R27;0;318.65;33;
RM-60TailleStNEE4R25;0;318;33;
RM-60TailleStNEE4R1;0;317.27;33;
RM-60TailleStNEE4R10;0;317.27;33;
RM-60TailleStNEE4R11;0;317.27;33;
RM-60TailleStNEE4R12;0;317.27;33;
RM-60TailleStNEE4R18;0;317.27;33;
RM-60TailleStNEE4R19;0;317.27;33;
RM-60TailleStNEE4R2;0;317.27;33;
RM-60TailleStNEE4R20;0;317.27;33;
RM-60TailleStNEE4R21;0;317.27;33;
RM-60TailleStNEE4R22;0;317.27;33;
RM-60TailleStNEE4R3;0;317.27;33;
RM-60TailleStNEE4R4;0;317.27;33;
RM-60TailleStNEE4R5;0;317.27;33;
RM-60TailleStNEE4R6;0;317.27;33;
RM-60TailleStNEE4R7;0;317.27;33;
RM-60TailleStNEE4R9;0;317.27;33;
RM-60TailleStNEE4R24;0;316;33;
RM-60TailleStNEE4R23;0;314;33;
RM-40TailleW2R43;0;345.33;32;
RM-40TailleW2R42;0;345.27;32;
RM-40TailleW2R44;0;344.51;32;
RM-40TailleW2R41;0;341.73;32;
RM-40TailleW2R30;0;337.68;32;
RM-40TailleW2R27;0;332.92;32;
RM-100taille4ET1R1;0;331;32;
RM-100taille4ET1R2;0;331;32;
RM-100taille4ET1R3;0;331;32;
RM-80TrAcEER1;0;324.2;32;
RM-80TrAcEER2;0;324.2;32;
RM-80TrAcEER3;0;324.2;32;
RM-80TrAcEER4;0;324.2;32;
RM-80TrAcEER5;0;324.2;32;
RM-80TrAcEER6;0;324.2;32;
RM-80TrAcEER7;0;324.2;32;
RM-80TrAcEER8;0;324.2;32;
RM-80TrAcEER9;0;324.2;32;
RM-80TrAcEER10;0;324.2;32;
RM-80TrAcEER11;0;324.2;32;
RM-80TrAcEER12;0;324.2;32;
RM-80TrAcEER13;0;324.2;32;
RM-80TrAcEER14;0;324.2;32;
RM-80TrAcEER15;0;324.2;32;
RM-80TrAcEER16;0;324.2;32;
RM-80TrAcEER17;0;324.2;32;
RM-80TailleAcE6R1;0;319;32;
RM-80TailleAcE6R2;0;319;32;
RM-80TailleAcE6R3;0;319;32;
RM-80TailleAcE6R4;0;319;32;
RM-80TailleAcEE5R1;0;319;32;
RM-80TailleAcEE5R2;0;319;32;
RM-80TailleAcEE5R3;0;319;32;
RM-80TailleAcEE5R4;0;319;32;
RM-57TrStEER23;0;358.34;30;
RM-57TrStEER22;0;358.27;30;
RM-57TrStEER24;0;358.02;30;
RM-57TrStEER25;0;356.86;30;
RM-57TrStEER18;0;355.96;30;
RM-40TailleC1R50;0;355.57;30;
RM-40TailleW3R19;0;355.2;30;
RM-40TailleW3R20;0;354.39;30;
RM-57TrStEER27;0;353.99;30;
RM-57TrStEER26;0;353.92;30;
RM-57TrStEER28;0;353.48;30;
RM-57TrStEER35;0;353.13;30;
RM-57TrStEER31;0;353.07;30;
RM-57TrStEER29;0;352.96;30;
RM-57TrStEER36;0;352.72;30;
RM-57TrStEER34;0;352.7;30;
RM-57TrStEER30;0;352.21;30;
RM-40TailleC1R49;0;351.96;30;
RM-57TrStEER32;0;351.73;30;
RM-40TailleW3R18;0;351.56;30;
RM-57TrStEER33;0;351.25;30;
RM-40TailleW1R36;0;351.12;30;
RM-57TrStEER44;0;350.32;30;
RM-57TrStEER37;0;350.02;30;
RM-57TailleStEE3R28;0;349.94;30;
RM-57TrStEER45;0;349.77;30;
RM-57TailleStEE3R27;0;349.16;30;
RM-57TrStEER43;0;348.93;30;
RM-57TrStEER40;0;348.49;30;
RM-57TrStEER42;0;347.92;30;
RM-57TrStEER38;0;347.82;30;
RM-57TrStEER41;0;347.31;30;
RM-40TailleW3R21;0;347.2;30;
RM-57TailleStEE3R26;0;347;30;
RM-40TailleW1R40;0;346.23;30;
RM-57TailleStEE3R25;0;345.9;30;
RM-57TrStEER39;0;345.84;30;
RM-40TailleStE2R21;0;344.86;30;
RM-57TrStEER17;0;344.86;30;
RM-57TrWStR34;0;344.65;30;
RM-57TrWStR37;0;344.63;30;
RM-57TrStEER5;0;344.5;30;
RM-57TrStEER16;0;344.29;30;
RM-57TrStEER6;0;344.17;30;
RM-57TrStEER4;0;344.11;30;
RM-57TrWStR35;0;344.04;30;
RM-57TrStEER2;0;343.97;30;
RM-57TrStEER3;0;343.92;30;
RM-57TrStEER0;0;343.82;30;
RM-57TrStEER15;0;343.75;30;
RM-40TailleStE2R22;0;343.71;30;
RM-57TrStEER13;0;343.59;30;
RM-57TrStEER12;0;343.47;30;
RM-57TrWStR36;0;343.19;30;
RM-57TrWStR33;0;342.8;30;
RM-57TrStEER11;0;342.74;30;
RM-40TailleC3R7;0;342.35;30;
RM-57TrStEER7;0;342.11;30;
RM-57TrStEER1;0;342.05;30;
RM-40TailleStE2R18;0;341.68;30;
RM-57TrStEER8;0;341.63;30;
RM-57TrStEER10;0;340.99;30;
RM-40TailleC3R8;0;340.82;30;
RM-40TailleStE2R23;0;340.71;30;
RM-40TailleStE2R20;0;340.68;30;
RM-40TailleStE2R17;0;340.46;30;
RM-57TrStEER9;0;339.33;30;
RM-40TailleC2R4;0;338.92;30;
RM-40TailleStE2R15;0;338.87;30;
RM-40TailleW3R22;0;338.6;30;
RM-40TailleC3R6;0;338.5;30;
RM-40TailleStE2R16;0;338.24;30;
RM-40TailleStE2R13;0;338.19;30;
RM-40TailleW1R48;0;338.19;30;
RM-40TailleW1R50;0;338.19;30;
RM-40TailleC2R5;0;338.19;30;
RM-40DecR42;0;337.94;30;
RM-40TailleStE1R22;0;337.91;30;
RM-40TailleW1R53;0;337.9;30;
RM-40TailleW1R51;0;337.89;30;
RM-40TailleC2R6;0;337.82;30;
RM-40DecR33;0;337.81;30;
RM-40TailleStE1R21;0;337.76;30;
RM-40TailleStE1R20;0;337.72;30;
RM-40TailleC4R17;0;337.71;30;
RM-40TailleStE2R8;0;337.59;30;
RM-57TrStEWR13;0;337.46;30;
RM-40TailleW3R29;0;337.43;30;
RM-40TailleC3R9;0;337.4;30;
RM-40TailleC1R32;0;337.31;30;
RM-40TailleC2R7;0;337.22;30;
RM-40TailleStE2R11;0;337.22;30;
RM-40TailleStE2R12;0;337.22;30;
RM-40TailleW1R49;0;337.2;30;
RM-40DecR32;0;337.07;30;
RM-40TailleW1R52;0;336.99;30;
RM-40TailleC3R29;0;336.9;30;
RM-40TailleW2R36;0;336.88;30;
RM-57TrStEWR10;0;336.87;30;
RM-57TrStEWR12;0;336.86;30;
RM-60TrStNEER3;0;336.83;30;
RM-40TailleC1R26;0;336.58;30;
RM-57TrStEWR11;0;336.47;30;
RM-40TailleC3R25;0;336.39;30;
RM-40DecR47;0;336.33;30;
RM-40TailleC4R7;0;336.24;30;
RM-40TailleStE2R14;0;336.17;30;
RM-40TailleC3R24;0;336.13;30;
RM-57TrStEWR9;0;335.97;30;
RM-57TrStEWR8;0;335.86;30;
RM-60TrStNEER2;0;335.71;30;
RM-40TailleStE2R9;0;335.61;30;
RM-40TailleW3R16;0;335.58;30;
RM-40TailleW2R13;0;335.31;30;
RM-40TailleW3R30;0;335.07;30;
RM-40TailleC4R16;0;335.02;30;
RM-40DecR49;0;334.95;30;
RM-40TailleW3R28;0;334.76;30;
RM-40TailleW3R33;0;334.72;30;
RM-40TailleC4R6;0;334.59;30;
RM-40TailleW3R32;0;334.33;30;
RM-40TailleC3R30;0;334.29;30;
RM-40DecR151;0;334.16;30;
RM-40TailleW3R17;0;334;30;
RM-40TailleC1R13;0;333.93;30;
RM-40TailleC1R16;0;333.93;30;
RM-40TailleC1R17;0;333.93;30;
RM-40TailleC1R20;0;333.93;30;
RM-40TailleC1R21;0;333.93;30;
RM-40TailleC1R24;0;333.93;30;
RM-40TailleC1R25;0;333.93;30;
RM-40TailleC1R7;0;333.93;30;
RM-40TailleC1R9;0;333.93;30;
RM-40TailleW1R23;0;333.73;30;
RM-40TailleC4R9;0;333.68;30;
RM-40TailleW5R27;0;333.59;30;
RM-40TailleW3R27;0;333.53;30;
RM-40TailleW6R11;0;333.51;30;
RM-40TailleC3R26;0;333.42;30;
RM-40TailleC1R48;0;333.31;30;
RM-40TailleC4R15;0;333.3;30;
RM-40TailleStE1R14;0;333.14;30;
RM-40TailleStE1R19;0;333.13;30;
RM-40TailleStE2R10;0;333.08;30;
RM-40TailleC3R27;0;332.99;30;
RM-40TailleC1R64;0;332.95;30;
RM-40TailleC1R23;0;332.85;30;
RM-40TailleC3R21;0;332.82;30;
RM-40TailleC3R20;0;332.66;30;
RM-40TailleW5R26;0;332.6;30;
RM-40TailleC4R1;0;332.35;30;
RM-40TailleW2R7;0;332.3;30;
RM-40TailleW1R31;0;332.25;30;
RM-40DecR65;0;332.2;30;
RM-40TailleC4R10;0;332.18;30;
RM-60TrStNEER4;0;331.73;30;
RM-40TailleW5R25;0;331.7;30;
RM-40TailleW3R25;0;331.59;30;
RM-40DecR61;0;331.54;30;
RM-40DecR56;0;331.44;30;
RM-40TailleW4R1;0;331.4;30;
RM-40TailleW4R10;0;331.4;30;
RM-40TailleW4R11;0;331.4;30;
RM-40TailleW4R12;0;331.4;30;
RM-40TailleW4R13;0;331.4;30;
RM-40TailleW4R2;0;331.4;30;
RM-40TailleW4R3;0;331.4;30;
RM-40TailleW4R4;0;331.4;30;
RM-40TailleW4R5;0;331.4;30;
RM-40TailleW4R6;0;331.4;30;
RM-40TailleW4R7;0;331.4;30;
RM-40TailleW4R8;0;331.4;30;
RM-40TailleW4R9;0;331.4;30;
RM-40TailleC3R13;0;331.25;30;
RM-40TailleC3R22;0;331.2;30;
RM-40TailleW6R13;0;331.2;30;
RM-40DecR34;0;331.15;30;
RM-40TailleW1R14;0;331.08;30;
RM-40TailleW5R1;0;331;30;
RM-40TailleW5R10;0;331;30;
RM-40TailleW5R11;0;331;30;
RM-40TailleW5R12;0;331;30;
RM-40TailleW5R13;0;331;30;
RM-40TailleW5R14;0;331;30;
RM-40TailleW5R15;0;331;30;
RM-40TailleW5R16;0;331;30;
RM-40TailleW5R17;0;331;30;
RM-40TailleW5R18;0;331;30;
RM-40TailleW5R19;0;331;30;
RM-40TailleW5R2;0;331;30;
RM-40TailleW5R20;0;331;30;
RM-40TailleW5R21;0;331;30;
RM-40TailleW5R22;0;331;30;
RM-40TailleW5R23;0;331;30;
RM-40TailleW5R3;0;331;30;
RM-40TailleW5R4;0;331;30;
RM-40TailleW5R7;0;331;30;
RM-40TailleW5R8;0;331;30;
RM-40TailleW5R9;0;331;30;
RM-100taille4ET1R4;0;331;30;
RM-100taille4ET1R5;0;331;30;
RM-100taille4ET1R6;0;331;30;
RM-100taille4ET1R7;0;331;30;
RM-100taille4ET1R8;0;331;30;
RM-100taille4ET1R9;0;331;30;
RM-100taille4ET1R10;0;331;30;
RM-100taille4ET1R11;0;331;30;
RM-100taille4ET1R12;0;331;30;
RM-100taille4ET1R13;0;331;30;
RM-100taille4ET1R14;0;331;30;
RM-100taille4ET1R15;0;331;30;
RM-100taille4ET1R16;0;331;30;
RM-100taille4ET1R17;0;331;30;
RM-100taille4ET1R18;0;331;30;
RM-100taille4ET1R19;0;331;30;
RM-100taille4ET1R20;0;331;30;
RM-100taille4ET1R21;0;331;30;
RM-100taille4ET1R22;0;331;30;
RM-100taille4ET1R23;0;331;30;
RM-100taille4ET1R24;0;331;30;
RM-100taille4ET1R25;0;331;30;
RM-100taille4ET1R26;0;331;30;
RM-100taille4ET1R27;0;331;30;
RM-100taille4ET1R28;0;331;30;
RM-100taille4ET1R29;0;331;30;
RM-100taille4ET1R30;0;331;30;
RM-40TailleW1R24;0;330.93;30;
RM-40DecR154;0;330.88;30;
RM-40TailleW6R12;0;330.87;30;
RM-40TailleW6R24;0;330.84;30;
RM-40TailleW3R26;0;330.81;30;
RM-40TailleStW1R27;0;330.8;30;
RM-40TailleC4R11;0;330.73;30;
RM-40TailleStW3R16;0;330.6;30;
RM-40TailleW6R22;0;330.55;30;
RM-40TailleW5R28;0;330.48;30;
RM-40TailleW6R23;0;330.44;30;
RM-40TailleC3R23;0;330.38;30;
RM-40TailleW5R24;0;330.37;30;
RM-40TailleW5R29;0;330.27;30;
RM-40TailleW6R10;0;330.05;30;
RM-100Taille3WAFR13;0;330;30;
RM-100Taille3WAFR14;0;330;30;
RM-100Taille3WAFR15;0;330;30;
RM-100Taille3WAFR16;0;330;30;
RM-100Taille3WAFR17;0;330;30;
RM-100Taille3WAFR18;0;330;30;
RM-100Taille3WAFR19;0;330;30;
RM-100Taille3WAFR20;0;330;30;
RM-100Taille3WAFR21;0;330;30;
RM-100Taille3WAFR22;0;330;30;
RM-100Taille3WAFR23;0;330;30;
RM-100Taille3WAFR24;0;330;30;
RM-40TailleW6R14;0;329.94;30;
RM-40TailleC4R8;0;329.88;30;
RM-40DecR180;0;329.82;30;
RM-40DecR28;0;329.67;30;
RM-40TailleStW3R15;0;329.6;30;
RM-40TailleW3R5;0;329.49;30;
RM-40TailleW1R27;0;329.37;30;
RM-40TailleW3R1;0;329.37;30;
RM-40TailleStW1R26;0;329.36;30;
RM-40DecR66;0;329.34;30;
RM-40TailleC3R19;0;329.28;30;
RM-40TailleW6R3;0;329.26;30;
RM-40TailleW2R6;0;329.19;30;
RM-40TailleW6R5;0;329.04;30;
RM-40TailleW6R21;0;328.8;30;
RM-40TailleC1R45;0;328.77;30;
RM-40DecR44;0;328.7;30;
RM-40DecR74;0;328.59;30;
RM-40TailleW3R2;0;328.55;30;
RM-40TailleC1R44;0;328.53;30;
RM-40TailleC1R22;0;328.43;30;
RM-40TailleStE1R4;0;328.39;30;
RM-40TailleW6R18;0;328.26;30;
RM-40TailleC3R10;0;328.22;30;
RM-40TailleC3R18;0;328.17;30;
RM-40DecR57;0;328.14;30;
RM-40TailleC1R47;0;328.11;30;
RM-40TailleW6R20;0;328.07;30;
RM-40TailleW6R25;0;328.04;30;
RM-40DecR190;0;328;30;
RM-80TailleAcEE3R1;0;328;30;
RM-80TailleAcEE3R2;0;328;30;
RM-80TailleAcEE3R3;0;328;30;
RM-80TailleAcEE3R4;0;328;30;
RM-80TailleAcEE3R5;0;328;30;
RM-40DecR153;0;327.93;30;
RM-40TailleW6R1;0;327.89;30;
RM-40TailleW6R9;0;327.79;30;
RM-40DecR64;0;327.77;30;
RM-40TailleC1R46;0;327.74;30;
RM-40TailleW6R2;0;327.73;30;
RM-40TailleW6R19;0;327.66;30;
RM-40TailleStE1R6;0;327.51;30;
RM-40TailleC4R2;0;327.49;30;
RM-40TailleC1R8;0;327.45;30;
RM-40TailleW6R4;0;327.45;30;
RM-40TailleW2R38;0;327.43;30;
RM-40TailleW6R6;0;327.42;30;
RM-40TailleC1R39;0;327.4;30;
RM-40TailleC4R4;0;327.39;30;
RM-40TailleW6R15;0;327.36;30;
RM-40TailleW6R8;0;327.27;30;
RM-40DecR67;0;327.13;30;
RM-40DecR78;0;327.11;30;
RM-125taille1WT1R5;0;327;30;
RM-125taille1WT1R6;0;327;30;
RM-125taille1WT1R7;0;327;30;
RM-125taille1WT1R8;0;327;30;
RM-40TailleW3R3;0;326.97;30;
RM-40TailleC1R43;0;326.96;30;
RM-40TailleC1R18;0;326.94;30;
RM-40DecR99;0;326.9;30;
RM-40DecR62;0;326.88;30;
RM-40TailleW6R17;0;326.77;30;
RM-40TailleC2R8;0;326.56;30;
RM-40TailleW3R31;0;326.45;30;
RM-40TailleStW3R13;0;326.4;30;
RM-40TailleW6R7;0;326.4;30;
RM-40TailleW6R16;0;326.24;30;
RM-40TailleStW1R25;0;326.15;30;
RM-40TailleC3R11;0;326.14;30;
RM-40TailleW3R24;0;326.12;30;
RM-40TailleC1R53;0;326.07;30;
RM-80TrAcEWR4;0;326;30;
RM-80TrAcEWR5;0;326;30;
RM-80TrAcEWR6;0;326;30;
RM-80TrAcEWR7;0;326;30;
RM-80TrAcEWR8;0;326;30;
RM-80TrAcEWR9;0;326;30;
RM-80TrAcEWR10;0;326;30;
RM-80TrAcEWR11;0;326;30;
RM-80TrAcEWR12;0;326;30;
RM-80TrAcEWR13;0;326;30;
RM-80TrAcEWR14;0;326;30;
RM-80TrAcEWR15;0;326;30;
RM-80TrAcEWR16;0;326;30;
RM-80TrAcEWR17;0;326;30;
RM-80TrAcEWR18;0;326;30;
RM-80TrAcEWR19;0;326;30;
RM-40TailleC1R19;0;325.74;30;
RM-40TailleC3R12;0;325.64;30;
RM-40TailleStW2R2;0;325.6;30;
RM-40TailleStW3R14;0;325.6;30;
RM-40TailleW3R4;0;325.39;30;
RM-40TailleC1R58;0;325.37;30;
RM-40DecR12;0;325.36;30;
RM-40DecR175;0;325.32;30;
RM-40TailleC4R3;0;325.26;30;
RM-40TailleC2R15;0;325.13;30;
RM-57TrWStR64;0;327.05;20;
RM-40TailleEO5R1;0;325;30;
RM-40TailleEO5R2;0;325;30;
RM-40TailleEO5R3;0;325;30;
RM-40TailleEO5R4;0;325;30;
RM-40TailleEO5R5;0;325;30;
RM-40TailleEO5R6;0;325;30;
RM-40TailleEO5R7;0;325;30;
RM-40TailleEO5R8;0;325;30;
RM-40TailleEO5R9;0;325;30;
RM-40TailleEO5R10;0;325;30;
RM-40TailleEO5R11;0;325;30;
RM-40TailleEO5R12;0;325;30;
RM-40TailleEO5R13;0;325;30;
RM-40TailleEO5R14;0;325;30;
RM-40TailleEO5R15;0;325;30;
RM-40TailleEO5R16;0;325;30;
RM-40TailleEO5R17;0;325;30;
RM-40TailleEO5R18;0;325;30;
RM-125Taille1TrWFR10;0;325;30;
RM-125Taille1TrWFR5;0;325;30;
RM-125Taille1TrWFR6;0;325;30;
RM-125Taille1TrWFR7;0;325;30;
RM-125Taille1TrWFR8;0;325;30;
RM-125Taille1TrWFR9;0;325;30;
RM-40TailleStW2R4;0;324.9;30;
RM-40TailleW3R23;0;324.9;30;
RM-40TailleC1R35;0;324.86;30;
RM-40DecR15;0;324.69;30;
RM-40TailleStW3R12;0;324.6;30;
RM-40TailleStW2R13;0;324.5;30;
RM-40TailleStW2R3;0;324.5;30;
RM-40TailleStW2R1;0;324.4;30;
RM-40DecR11;0;324.34;30;
RM-40TailleStW3R11;0;324.2;30;
RM-80TrAcEER18;0;324.2;30;
RM-80TrAcEER19;0;324.2;30;
RM-80TrAcEER20;0;324.2;30;
RM-80TrAcEER21;0;324.2;30;
RM-40TailleC1R15;0;324;30;
RM-40TailleEO4R10;0;324;30;
RM-40TailleEO4R11;0;324;30;
RM-40TailleEO4R12;0;324;30;
RM-40TailleEO4R13;0;324;30;
RM-40TailleEO4R14;0;324;30;
RM-40TailleEO4R15;0;324;30;
RM-40TailleEO4R16;0;324;30;
RM-40TailleEO4R17;0;324;30;
RM-40TailleEO4R18;0;324;30;
RM-40TailleEO4R19;0;324;30;
RM-40TailleEO4R20;0;324;30;
RM-40TailleEO4R4;0;324;30;
RM-40TailleEO4R5;0;324;30;
RM-40TailleEO4R6;0;324;30;
RM-40TailleEO4R7;0;324;30;
RM-40TailleEO4R8;0;324;30;
RM-40TailleEO4R9;0;324;30;
RM-60TrStNEWR9;0;323.77;30;
RM-40TailleStW2R9;0;323.6;30;
RM-40TailleE1R13;0;323.53;30;
RM-60TrStNEWR11;0;323.47;30;
RM-40TailleC1R61;0;323.46;30;
RM-40TailleC4R5;0;323.24;30;
RM-40DecR13;0;323.19;30;
RM-40TailleE1R21;0;323.12;30;
RM-40TailleStW2R8;0;323;30;
RM-40TailleW3R8;0;322.82;30;
RM-40TailleStW2R6;0;322.7;30;
RM-40TailleE2R17;0;322.6;30;
RM-40TailleE2R19;0;322.6;30;
RM-40TailleE2R20;0;322.6;30;
RM-40TailleE2R25;0;322.6;30;
RM-40TailleE2R27;0;322.6;30;
RM-40TailleE2R30;0;322.6;30;
RM-40TailleStW2R5;0;322.5;30;
RM-40TailleStW2R7;0;322.5;30;
RM-40TailleStW2R10;0;322.4;30;
RM-60TrStNEWR10;0;322.36;30;
RM-40TailleStW2R11;0;322.3;30;
RM-40TailleStW2R16;0;322.3;30;
RM-60TrStNEER5;0;322.09;30;
RM-40-StNE-TREFR32;0;322;30;
RM-40-StNE-TREFR33;0;322;30;
RM-40-StNE-TREFR34;0;322;30;
RM-40-StNE-TREFR35;0;322;30;
RM-40-StNE-TREFR36;0;322;30;
RM-40-StNE-TREFR37;0;322;30;
RM-40-StNE-TREFR38;0;322;30;
RM-40-StNE-TREFR39;0;322;30;
RM-40-StNE-TREFR40;0;322;30;
RM-40-StNE-TREFR41;0;322;30;
RM-40-StNE-TREFR42;0;322;30;
RM-40TailleW3R6;0;321.97;30;
RM-40TailleW1R11;0;321.53;30;
RM-40TailleE1R22;0;321.46;30;
RM-40TailleStW2R12;0;321.4;30;
RM-40TailleW1R2;0;321.28;30;
RM-40TailleE1R29;0;320.98;30;
RM-40TailleE1R19;0;320.93;30;
RM-40TailleW3R7;0;320.52;30;
RM-40TailleStW2R17;0;320.5;30;
RM-40TailleStW2R19;0;320.5;30;
RM-40TailleE1R35;0;320.39;30;
RM-40TailleW1R4;0;320.05;30;
RM-125Taille2TrWFR14;0;320;30;
RM-125Taille2TrWFR15;0;320;30;
RM-125Taille2TrWFR16;0;320;30;
RM-125Taille2TrWFR17;0;320;30;
RM-125Taille2TrWFR18;0;320;30;
RM-125Taille2TrWFR19;0;320;30;
RM-125Taille2TrWFR20;0;320;30;
RM-125Taille2TrWFR21;0;320;30;
RM-125Taille2TrWFR22;0;320;30;
RM-125Taille2TrWFR23;0;320;30;
RM-125Taille2TrWFR24;0;320;30;
RM-125Taille2TrWFR25;0;320;30;
RM-125Taille2TrWFR26;0;320;30;
RM-125Taille2TrWFR27;0;320;30;
RM-125Taille2TrWFR28;0;320;30;
RM-125Taille2TrWFR29;0;320;30;
RM-125Taille2TrWFR30;0;320;30;
RM-125Taille2TrWFR31;0;320;30;
RM-125Taille2TrWFR32;0;320;30;
RM-125Taille2TrWFR33;0;320;30;
RM-125Taille2TrWFR34;0;320;30;
RM-125Taille2TrWFR35;0;320;30;
RM-125Taille2TrWFR36;0;320;30;
RM-125Taille2TrWFR37;0;320;30;
RM-125Taille2TrWFR38;0;320;30;
RM-60TrStNEER7;0;319.84;30;
RM-40TailleW3R9;0;319.83;30;
RM-60TrStNEWR8;0;319.82;30;
RM-40TailleW3R15;0;319.72;30;
RM-60TrStNEER8;0;319.69;30;
RM-40TailleW3R14;0;319.67;30;
RM-40TailleC1R11;0;319.58;30;
RM-60TrStNEER30;0;319.53;30;
RM-40TailleE1R28;0;319.33;30;
RM-40TailleStW2R15;0;319.3;30;
RM-40TailleStW2R14;0;319.2;30;
RM-60TrStNEER12;0;319.09;30;
RM-40TailleW3R10;0;319.04;30;
RM-40TailleC1R14;0;319;30;
RM-40TailleW3R11;0;318.99;30;
RM-60TrStNEWR7;0;318.94;30;
RM-40DecR84;0;318.66;30;
RM-60TrStNEER6;0;318.61;30;
RM-60TrStNEER14;0;318.34;30;
RM-40TailleStW2R18;0;318.3;30;
RM-60TrStNEER31;0;318.2;30;
RM-60TrStNEER32;0;318.2;30;
RM-60TrStNEER33;0;318.2;30;
RM-60TrStNEER34;0;318.2;30;
RM-60TrStNEER35;0;318.2;30;
RM-60TrStNEER36;0;318.2;30;
RM-60TrStNEER37;0;318.2;30;
RM-60TrStNEER38;0;318.2;30;
RM-60TrStNEER39;0;318.2;30;
RM-60TrStNEER40;0;318.2;30;
RM-60TrStNEER41;0;318.2;30;
RM-60TrStNEER42;0;318.2;30;
RM-60TrStNEER43;0;318.2;30;
RM-60TrStNEER44;0;318.2;30;
RM-60TrStNEER45;0;318.2;30;
RM-60TrStNEER13;0;318.09;30;
RM-60TrStNEER9;0;317.99;30;
RM-40TailleE1R18;0;317.84;30;
RM-40TailleW3R13;0;317.73;30;
RM-60TrStNEER12Bis;0;317.54;30;
RM-60TrStNEER29;0;317.52;30;
RM-60TrStNEER10;0;317.48;30;
RM-60TrStNEWR1;0;317.45;30;
RM-60TrStNEWR2;0;317.1;30;
RM-60TrStNEWR3;0;316.83;30;
RM-60TrStNEER11;0;316.71;30;
RM-60TrStNEER28;0;316.36;30;
RM-40DecR8;0;316.29;30;
RM-40TailleC1R10;0;316.18;30;
RM-60TrStNEER27;0;316.11;30;
RM-60TailleStNEE2R1;0;316;30;
RM-60TailleStNEE2R10;0;316;30;
RM-60TailleStNEE2R11;0;316;30;
RM-60TailleStNEE2R12;0;316;30;
RM-60TailleStNEE2R13;0;316;30;
RM-60TailleStNEE2R14;0;316;30;
RM-60TailleStNEE2R15;0;316;30;
RM-60TailleStNEE2R16;0;316;30;
RM-60TailleStNEE2R17;0;316;30;
RM-60TailleStNEE2R18;0;316;30;
RM-60TailleStNEE2R19;0;316;30;
RM-60TailleStNEE2R2;0;316;30;
RM-60TailleStNEE2R3;0;316;30;
RM-60TailleStNEE2R4;0;316;30;
RM-60TailleStNEE2R5;0;316;30;
RM-60TailleStNEE2R6;0;316;30;
RM-60TailleStNEE2R7;0;316;30;
RM-60TailleStNEE2R8;0;316;30;
RM-60TailleStNEE2R9;0;316;30;
RM-40TailleW3R12;0;315.97;30;
RM-60TailleStNEE1R10;0;315.78;30;
RM-60TailleStNEE1R11;0;315.78;30;
RM-60TailleStNEE1R12;0;315.78;30;
RM-60TailleStNEE1R13;0;315.78;30;
RM-60TailleStNEE1R14;0;315.78;30;
RM-60TailleStNEE1R15;0;315.78;30;
RM-60TailleStNEE1R16;0;315.78;30;
RM-60TailleStNEE1R17;0;315.78;30;
RM-60TailleStNEE1R18;0;315.78;30;
RM-60TailleStNEE1R19;0;315.78;30;
RM-60TailleStNEE1R20;0;315.78;30;
RM-60TailleStNEE1R21;0;315.78;30;
RM-60TailleStNEE1R22;0;315.78;30;
RM-60TailleStNEE1R23;0;315.78;30;
RM-60TailleStNEE1R24;0;315.78;30;
RM-60TailleStNEE1R25;0;315.78;30;
RM-60TailleStNEE1R26;0;315.78;30;
RM-60TailleStNEE1R27;0;315.78;30;
RM-60TailleStNEE1R28;0;315.78;30;
RM-60TailleStNEE1R29;0;315.78;30;
RM-60TailleStNEE1R30;0;315.78;30;
RM-60TailleStNEE1R31;0;315.78;30;
RM-60TailleStNEE1R32;0;315.78;30;
RM-60TailleStNEE1R4;0;315.78;30;
RM-60TailleStNEE1R5;0;315.78;30;
RM-60TailleStNEE1R6;0;315.78;30;
RM-60TailleStNEE1R7;0;315.78;30;
RM-60TailleStNEE1R8;0;315.78;30;
RM-60TailleStNEE1R9;0;315.78;30;
RM-60TailleStNEW1R1;0;315.78;30;
RM-60TailleStNEW1R2;0;315.78;30;
RM-60TailleStNEW1R3;0;315.78;30;
RM-60TrStNEWR6;0;315.39;30;
RM-40TailleC1R12;0;314.99;30;
RM-60TrStNEER20;0;314.81;30;
RM-60TrStNEER15;0;313.98;30;
RM-60TrStNEER19;0;313.47;30;
RM-60TrStNEWR5;0;313.39;30;
RM-60TrStNEER16;0;312.97;30;
RM-60TrStNEER22;0;312.87;30;
RM-60TrStNEER26;0;312.75;30;
RM-60TrStNEER21;0;312.48;30;
RM-60TrStNEER24;0;312.1;30;
RM-60TrStNEWR4;0;312.07;30;
RM-60TrStNEER18;0;312.06;30;
RM-60TrStNEER17;0;311.98;30;
RM-60TrStNEER23;0;311.72;30;
RM-60TrStNEER25;0;309.85;30;
RM-129-SPB2-FR1;0;151;30;
RM-129-SPB2-FR2;0;151;30;
RM-129-SPB2-FR3;0;151;30;
RM-129-SPB2-FR4;0;151;30;
RM-129-SPB2-FR5;0;151;30;
RM-129-SPB2-FR6;0;151;30;
RM-129-SPB2-FR7;0;151;30;
RM-129-SPB2-FR8;0;151;30;
RM-129-SPB2-FR9;0;151;30;
RM-129-SPB2-FR10;0;151;30;
RM-129-SPB2-FR11;0;151;30;
RM-129-SPB2-FR12;0;151;30;
RM-129-SPB2-FR13;0;151;30;
RM-129-SPB2-FR14;0;151;30;
RM-108-SPB3-FR1;0;143;30;
RM-108-SPB3-FR2;0;143;30;
RM-108-SPB3-FR3;0;143;30;
RM-108-SPB3-FR4;0;143;30;
RM-108-SPB3-FR5;0;143;30;
RM-108-SPB3-FR6;0;143;30;
RM-108-SPB3-FR15;0;143;30;
RM-108-SPB3-FR16;0;143;30;
RM-108-SPB3-FR17;0;143;30;
RM-108-SPB3-FR18;0;143;30;
RM-108-SPB3-FR19;0;143;30;
RM-108-SPB3-FR20;0;143;30;
RM-108-SPB3-FR21;0;143;30;
RM-108-SPB3-FR22;0;143;30;
RM-108-SPB3-FR23;0;143;30;
RM-57TrStEER21;0;2.55;30;
RM-57TrStEER20;0;2.35;30;
RM-57TrStEER19;0;1.64;30;
RM-57TailleStEE5R11;0;357;28;
RM-57TailleStEE5R12;0;357;28;
RM-57TailleStEE3R16;0;356.92;28;
RM-57TailleStEE3R17;0;356.34;28;
RM-57TailleStEE5R10;0;356;28;
RM-57TailleStEE5R9;0;356;28;
RM-57TailleStEE3R18;0;355.48;28;
RM-57TailleStEER22;0;354.8;28;
RM-57TailleStEER18;0;354.71;28;
RM-57TailleStEER17;0;354.69;28;
RM-57TailleStEER20;0;354.63;28;
RM-57TailleStEER23;0;354.53;28;
RM-57TailleStEER19;0;354.49;28;
RM-57TailleStEER16;0;354.38;28;
RM-57TailleStEE3R20;0;354.32;28;
RM-57TailleStEER21;0;354.24;28;
RM-57TailleStEE3R19;0;354.19;28;
RM-57TailleStEE3R15;0;353.56;28;
RM-57TailleStEER15;0;353.02;28;
RM-57TailleStEE3R21;0;352.4;28;
RM-57TailleStEE4R8;0;351.32;28;
RM-57TailleStEE5R8;0;351;28;
RM-57TailleStEE4R9;0;350.73;28;
RM-57TailleStEE4R1;0;350.18;28;
RM-57TailleStEE3R14;0;349.33;28;
RM-57TailleStEE4R2;0;349.1;28;
RM-57TailleStEE4R4;0;349.06;28;
RM-57TailleStEE4R5;0;349.01;28;
RM-57TailleStEE4R3;0;347.77;28;
RM-57TailleStEE3R22;0;347.3;28;
RM-57TailleStEE4R7;0;347.18;28;
RM-57TailleStEE5R5;0;347;28;
RM-57TailleStEE4R12;0;346.85;28;
RM-57TailleStEE3R8;0;346.33;28;
RM-57TailleStEE3R23;0;346;28;
RM-57TailleStEE5R1;0;346;28;
RM-57TailleStEE5R4;0;346;28;
RM-57TailleStEE5R7;0;346;28;
RM-57TailleStEER6;0;345.79;28;
RM-57TailleStEE3R24;0;345.7;28;
RM-57TailleStEE3R7;0;345.58;28;
RM-57TailleStEER11;0;345.44;28;
RM-57TailleStEE3R6;0;345.37;28;
RM-57TailleStEE4R11;0;345.35;28;
RM-57TailleStEE4R6;0;345.28;28;
RM-57TailleStEE3R9;0;345.23;28;
RM-57TailleStEER7;0;345.12;28;
RM-57TailleStEE5R6;0;345;28;
RM-57TailleStEER3;0;344.92;28;
RM-57TailleStEE3R13;0;344.81;28;
RM-57TailleStEE3R12;0;344.62;28;
RM-57TailleStEE4R10;0;344.58;28;
RM-80TrExWEFR2;0;320;20;
RM-57TailleStEER1;0;344.4;28;
RM-57TailleStEER9;0;344.26;28;
RM-57TailleStEE2R1;0;344.04;28;
RM-57TailleStEE2R10;0;344.04;28;
RM-57TailleStEE2R11;0;344.04;28;
RM-57TailleStEE2R12;0;344.04;28;
RM-57TailleStEE2R13;0;344.04;28;
RM-57TailleStEE2R14;0;344.04;28;
RM-57TailleStEE2R15;0;344.04;28;
RM-57TailleStEE2R16;0;344.04;28;
RM-57TailleStEE2R17;0;344.04;28;
RM-57TailleStEE2R18;0;344.04;28;
RM-57TailleStEE2R19;0;344.04;28;
RM-57TailleStEE2R2;0;344.04;28;
RM-57TailleStEE2R20;0;344.04;28;
RM-57TailleStEE2R21;0;344.04;28;
RM-57TailleStEE2R22;0;344.04;28;
RM-57TailleStEE2R23;0;344.04;28;
RM-57TailleStEE2R24;0;344.04;28;
RM-57TailleStEE2R3;0;344.04;28;
RM-57TailleStEE2R4;0;344.04;28;
RM-57TailleStEE2R5;0;344.04;28;
RM-57TailleStEE2R6;0;344.04;28;
RM-57TailleStEE2R7;0;344.04;28;
RM-57TailleStEE2R8;0;344.04;28;
RM-57TailleStEE2R9;0;344.04;28;
RM-57TailleStEER2;0;344.01;28;
RM-57TailleStEE5R2;0;344;28;
RM-57TailleStEE5R3;0;344;28;
RM-57TailleStEER14;0;343.83;28;
RM-57TailleStEE3R4;0;343.8;28;
RM-57TailleStEE3R1;0;343.7;28;
RM-57TailleStEE3R2;0;343.7;28;
RM-57TailleStEE3R3;0;343.7;28;
RM-57TailleStEER12;0;343.24;28;
RM-57TailleStEE3R5;0;343.1;28;
RM-57TailleStEER10;0;342.83;28;
RM-57TailleStEER13;0;342.33;28;
RM-57TailleStEE3R10;0;341.93;28;
RM-57TailleStEE3R11;0;341.87;28;
RM-57TailleStEW3R13;0;341.68;28;
RM-40TailleC3R14;0;341.56;28;
RM-57TailleStEER5;0;341.55;28;
RM-57TailleStEER8;0;341.25;28;
RM-57TrStEWR26;0;340.01;28;
RM-57TailleStEER4;0;339.91;28;
RM-57TailleStEW3R11;0;339.78;28;
RM-57TailleStEW3R10;0;339.41;28;
RM-40TailleC2R17;0;337.23;28;
RM-40TailleC3R15;0;336.67;28;
RM-57TailleStEW3R8;0;336.59;28;
RM-57TailleStEW3R15;0;336.51;28;
RM-57TrStEWR23;0;336.42;28;
RM-57TrStEWR25;0;336.4;28;
RM-40TailleC4R19;0;336.39;28;
RM-57TailleStEW3R9;0;336.05;28;
RM-57TailleStEW3R12;0;335.95;28;
RM-57TrStEWR29;0;335.7;28;
RM-57TrStEWR28;0;335.48;28;
RM-57TrStEWR27;0;335.36;28;
RM-57TrStEWR24;0;335.13;28;
RM-40TailleC4R14;0;335.02;28;
RM-57TrStEWR32;0;334.99;28;
RM-57TrStEWR31;0;334.84;28;
RM-57TrStEWR30;0;334.68;28;
RM-40DecR146;0;334.54;28;
RM-40TailleC3R28;0;334.52;28;
RM-40TailleC4R12;0;334.2;28;
RM-40TailleC4R13;0;334.1;28;
RM-40TailleC4R18;0;333.8;28;
RM-57TailleStEW3R14;0;333.7;28;
RM-40DecR147;0;333.41;28;
RM-40DecR169;0;331.24;28;
RM-40TailleC2R16;0;330.58;28;
RM-40TailleC4R27;0;329.5;28;
RM-40TailleC3R2;0;328.7;28;
RM-40TailleC6R8;0;328.23;28;
RM-40TailleC4R26;0;328.18;28;
RM-40TailleC6R5;0;328.16;28;
RM-40TailleC6R4;0;328.05;28;
RM-40TailleC6R6;0;328.03;28;
RM-40TailleC6R10;0;328.01;28;
RM-40TailleC6R1;0;327.84;28;
RM-40TailleC6R2;0;327.73;28;
RM-40TailleC6R3;0;327.68;28;
RM-40TailleC6R7;0;326.95;28;
RM-40TailleC6R9;0;326.88;28;
RM-40TailleC3R3;0;326.75;28;
RM-40TailleC3R16;0;326.13;28;
RM-80TrAcEWR1;0;326;28;
RM-80TrAcEWR2;0;326;28;
RM-80TrAcEWR3;0;326;28;
RM-40TailleC3R1;0;325.67;28;
RM-40TailleC2R25;0;325.08;28;
RM-40TailleC4R25;0;323.45;28;
RM-40TailleC4R23;0;323.28;28;
RM-40TailleC4R21;0;322.33;28;
RM-40TailleC3R4;0;322.31;28;
RM-40TailleC4R22;0;322.23;28;
RM-40TailleC4R20;0;321.79;28;
RM-40TailleC3R5;0;320.67;28;
RM-40TailleC2R22;0;319.6;28;
RM-40TailleC4R24;0;319.28;28;
RM-80TailleAcE6R5;0;319;28;
RM-80TailleAcE6R6;0;319;28;
RM-80TailleAcE6R7;0;319;28;
RM-80TailleAcE6R8;0;319;28;
RM-80TailleAcE6R9;0;319;28;
RM-80TailleAcE6R10;0;319;28;
RM-80TailleAcE6R11;0;319;28;
RM-40TailleC3R17;0;317.99;28;
RM-70SPL-TREFR14;0;172;28;
RM-70SPL-TREFR15;0;172;28;
RM-70SPL-TREFR16;0;172;28;
RM-70SPL-TREFR17;0;172;28;
RM-70SPL-TREFR18;0;172;28;
RM-70SPL-TREFR19;0;172;28;
RM-70SPL-TREFR20;0;172;28;
RM-70SPL-TREFR21;0;172;28;
RM-70SPL-TREFR22;0;172;28;
RM-70SPL-TRWFR0;0;156;28;
RM-70SPL-TRWFR1;0;156;28;
RM-70SPL-TRWFR2;0;156;28;
RM-70SPL-TRWFR3;0;156;28;
RM-70SPL-TRWFR4;0;156;28;
RM-70SPL-TRWFR5;0;156;28;
RM-70SPL-TRWFR6;0;156;28;
RM-70SPL-TRWFR7;0;156;28;
RM-70SPL-TRWFR8;0;156;28;
RM-70SPL-TRWFR9;0;156;28;
RM-70SPL-TRWFR10;0;156;28;
RM-100TailleAWE2R8;0;330.6;27;
RMF12;0;358;26;
RMF9;0;291;26;
RM-40TailleE4R2;0;350.5;25;
RM-40TailleE4R5;0;349.56;25;
RM-40TailleC1R51;0;348.27;25;
RM-40TailleE4R1;0;348.2;25;
RM-57TailleStEWR9;0;345.05;25;
RM-40TailleE4R3;0;344.1;25;
RM-57TailleStEW2R10;0;344.04;25;
RM-57TailleStEW2R11;0;344.04;25;
RM-57TailleStEW2R12;0;344.04;25;
RM-57TailleStEW2R13;0;344.04;25;
RM-57TailleStEW2R14;0;344.04;25;
RM-57TailleStEW2R15;0;344.04;25;
RM-57TailleStEW2R16;0;344.04;25;
RM-57TailleStEW2R17;0;344.04;25;
RM-57TailleStEW2R18;0;344.04;25;
RM-57TailleStEW2R19;0;344.04;25;
RM-57TailleStEW2R20;0;344.04;25;
RM-57TailleStEW2R21;0;344.04;25;
RM-57TailleStEW2R22;0;344.04;25;
RM-57TailleStEW2R23;0;344.04;25;
RM-57TailleStEWR8;0;343.68;25;
RM-57TrStEWR0;0;343.6;25;
RM-100TailleAWE3R1;0;343;25;
RM-100TailleAWE3R2;0;343;25;
RM-57TrStEWR21;0;342.7;25;
RM-57TailleStEWR7;0;342.19;25;
RM-40TailleE4R4;0;341.71;25;
RM-57TailleStEWR6;0;341.33;25;
RM-57TailleStEWR10;0;340.23;25;
RM-57TrStEWR1;0;340.08;25;
RM-57TailleStEWR11;0;340.07;25;
RM-40TailleE4R32;0;339.9;25;
RM-40DecR43;0;339.81;25;
RM-57TailleStEWR5;0;339.27;25;
RM-57TrStEWR20;0;339.2;25;
RM-40TailleE4R29;0;339.04;25;
RM-57TailleStEWR3;0;339.03;25;
RM-57TailleStEWR15;0;338.99;25;
RM-57TailleStEWR2;0;338.92;25;
RM-40TailleE4R34;0;338.89;25;
RM-40TailleE4R31;0;338.85;25;
RM-40TailleE4R30;0;338.76;25;
RM-57TailleStEWR14;0;338.75;25;
RM-40DecR41;0;338.65;25;
RM-57TrStEWR19;0;338.47;25;
RM-57TailleStEWR1;0;338.46;25;
RM-57TailleStEW3R1;0;338.45;25;
RM-40DecR111;0;338.39;25;
RM-40TailleE4R36;0;338.39;25;
RM-57TailleStEWR12;0;338.15;25;
RM-40TailleW1R46;0;338.07;25;
RM-40TailleW1R47;0;338.02;25;
RM-57TrStEWR22;0;337.78;25;
RM-57TailleStEW3R5;0;337.66;25;
RM-57TailleStEWR13;0;337.29;25;
RM-57TrStEWR15;0;337.24;25;
RM-57TailleStEWR16;0;337.09;25;
RM-57TailleStEWR4;0;336.88;25;
RM-57TailleStEW3R4;0;336.87;25;
RM-40TailleE4R37;0;336.84;25;
RM-40TailleStE1R13;0;336.84;25;
RM-40TrStWRp9R6;0;336.71;25;
RM-40TailleStW1R28;0;336.7;25;
RM-40TrStWRp9R6Bis;0;336.67;25;
RM-40TailleStW1R29;0;336.59;25;
RM-40TailleE4R33;0;336.2;25;
RM-57TrStEWR14;0;336.16;25;
RM-57TrStEWR7;0;335.95;25;
RM-57TrStEWR18;0;335.72;25;
RM-57TrStEWR17;0;335.55;25;
RM-57TrStEWR5;0;335.52;25;
RM-40TailleStW1R30;0;335.49;25;
RM-57TrStEWR2;0;335.35;25;
RM-57TailleStEW3R2;0;335.34;25;
RM-57TailleStEW3R3;0;335.34;25;
RM-40TailleStE1R12;0;335.2;25;
RM-57TrStEWR6;0;335.2;25;
RM-40DecR115;0;335.16;25;
RM-40TrStWRp9R5;0;335.01;25;
RM-40TailleStE1R16;0;335;25;
RM-57TrStEWR4;0;335;25;
RM-40TrStWRp9R9;0;334.99;25;
RM-40TrStWRp9R7;0;334.94;25;
RM-57TrStEWR3;0;334.87;25;
RM-57TailleStEWR17;0;334.54;25;
RM-57TailleStEW3R7;0;334.01;25;
RM-100Taille3EAFR7;0;334;25;
RM-100Taille3EAFR8;0;334;25;
RM-100Taille3EAFR9;0;334;25;
RM-100Taille3EAFR10;0;334;25;
RM-100Taille3EAFR11;0;334;25;
RM-100Taille3EAFR12;0;334;25;
RM-40DecR161;0;333.63;25;
RM-57TailleStEW3R6;0;333.33;25;
RM-40TailleStE2R3;0;333.22;25;
RM-40TailleStE1R15;0;333.03;25;
RM-40DecR160;0;332.97;25;
RM-40TailleEO2R32;0;332.7;25;
RM-40TailleW2R31;0;332.69;25;
RM-40TrStWRp9R8;0;332.34;25;
RM-40TailleStE2R2;0;332.31;25;
RM-40TailleStE2R1;0;332.17;25;
RM-40TailleStE1R17;0;331.96;25;
RM-40TailleEO2R33;0;331.92;25;
RM-40TrStWRp9R4;0;331.84;25;
RM-40TailleStE2R6;0;331.74;25;
RM-40TailleStE1R18;0;331.63;25;
RM-40DecR31;0;331.62;25;
RM-40DecR162;0;331.55;25;
RM-40TailleStE2R4;0;331.25;25;
RM-40DecR133;0;330.72;25;
RM-40TailleE4R35;0;330.68;25;
RM-40TrStWRp9R2;0;330.66;25;
RM-40TailleW1R28;0;330.65;25;
RM-100TailleAWE1R11;0;330.6;25;
RM-100TailleAWE1R12;0;330.6;25;
RM-100TailleAWE1R13;0;330.6;25;
RM-100TailleAWE1R14;0;330.6;25;
RM-100TailleAWE2R9;0;330.6;25;
RM-100TailleAWE2R10;0;330.6;25;
RM-40TailleStE2R5;0;330.56;25;
RM-40TailleW1R13;0;330.54;25;
RM-40TailleW1R10;0;330.12;25;
RM-40TailleW1R30;0;330.04;25;
RM-80TailleExW4R9;0;330;25;
RM-80TailleExW4R10;0;330;25;
RM-80TailleExW4R11;0;330;25;
RM-80TailleExW4R12;0;330;25;
RM-80TailleExW4R13;0;330;25;
RM-80TailleExW4R14;0;330;25;
RM-80TailleExW4R15;0;330;25;
RM-80TailleExW4R16;0;330;25;
RM-80TailleExW4R17;0;330;25;
RM-40TailleEO2R13;0;329.96;25;
RM-40TailleW2R25;0;329.83;25;
RM-40TailleW2R33;0;329.7;25;
RM-40TrStWRp9R1;0;329.7;25;
RM-40TailleEO2R31;0;329.58;25;
RM-40DecR90;0;329.51;25;
RM-40TrStWRp8R8;0;329.44;25;
RM-40TrStWRp9R3;0;329.39;25;
RM-40TailleEO2R19;0;329.3;25;
RM-40DecR119;0;329.2;25;
RM-40TailleW2R18;0;329.18;25;
RM-40TailleEO2R18;0;329.17;25;
RM-40TrStWRp9R10;0;329.11;25;
RM-40TailleEO2R30;0;329.03;25;
RM-40TailleW1R17;0;329.02;25;
RM-40TailleStE2R7;0;328.9;25;
RM-40TailleW2R5;0;328.77;25;
RM-40TailleC2R35;0;328.75;25;
RM-40TailleStE1R5;0;328.75;25;
RM-40TailleW1R18;0;328.54;25;
RM-40TrStWRp9R1Bis;0;328.51;25;
RM-40TailleE4R48;0;328.46;25;
RM-40DecR117;0;328.4;25;
RM-40DecR100;0;328.2;25;
RM-40TailleEO2R17;0;328.18;25;
RM-80TailleAcEE3R6;0;328;25;
RM-80TailleAcEE3R7;0;328;25;
RM-80TailleAcEE3R8;0;328;25;
RM-80TailleAcEE3R9;0;328;25;
RM-80TailleAcEE3R10;0;328;25;
RM-80TailleAcEE3R11;0;328;25;
RM-80TailleAcEE3R12;0;328;25;
RM-80TailleAcEE4R1;0;328;25;
RM-80TailleAcEE4R2;0;328;25;
RM-80TailleAcEE4R3;0;328;25;
RM-80TailleAcEE4R4;0;328;25;
RM-80TailleAcEE4R5;0;328;25;
RM-80TailleAcEE4R6;0;328;25;
RM-80TailleAcEE4R7;0;328;25;
RM-80TailleAcEE4R8;0;328;25;
RM-80TailleAcEE4R9;0;328;25;
RM-100TailleACW2R19;0;328;25;
RM-100TailleACW2R20;0;328;25;
RM-100TailleACW2R21;0;328;25;
RM-100TailleACW2R22;0;328;25;
RM-100TailleACW2R23;0;328;25;
RM-40TailleC2R33;0;327.9;25;
RM-40TailleStE1R8;0;327.71;25;
RM-40TailleC2R34;0;327.62;25;
RM-40TailleW1R25;0;327.6;25;
RM-40DecR122;0;327.59;25;
RM-40TailleEO2R25;0;327.52;25;
RM-40TailleC2R36;0;327.51;25;
RM-40TailleE4R38;0;327.49;25;
RM-40DecR93Bis;0;327.43;25;
RM-40TailleC2R41;0;327.27;25;
RM-40TrStWRp8R7;0;327.17;25;
RM-40TailleEO2R14;0;327.13;25;
RM-40TailleEO2R29;0;326.96;25;
RM-40TrStWRp9R14Bis;0;326.86;25;
RM-40TailleW1R26;0;326.24;25;
RM-40TrStWRp8R6;0;326.01;25;
RM-80TailleAcEW1R1;0;326;25;
RM-80TailleAcEW1R2;0;326;25;
RM-80TailleAcEW1R3;0;326;25;
RM-80TailleAcEW1R4;0;326;25;
RM-80TailleAcEW1R8;0;326;25;
RM-80TailleAcEW1R11;0;326;25;
RM-80TailleAcEW1R12;0;326;25;
RM-80TailleAcEW1R13;0;326;25;
RM-80TailleAcEW1R14;0;326;25;
RM-80TailleAcEW1R15;0;326;25;
RM-80TailleAcEW2R1;0;326;25;
RM-80TailleAcEW2R2;0;326;25;
RM-80TailleAcEW2R3;0;326;25;
RM-80TailleAcEW2R4;0;326;25;
RM-80TailleAcEW2R5;0;326;25;
RM-80TailleAcEW2R6;0;326;25;
RM-80TailleAcEW2R7;0;326;25;
RM-40TailleEO2R16;0;325.83;25;
RM-40TrStWRp8R3;0;325.78;25;
RM-40TailleC2R31;0;325.71;25;
RM-40TailleE4R49;0;325.55;25;
RM-40TailleEO2R15;0;325.55;25;
RM-40TrStWRp9R13Bis;0;325.48;25;
RM-40TailleE3R20;0;325.45;25;
RM-40TailleE3R11;0;324.93;25;
RM-40TailleC2R37;0;324.92;25;
RM-40TailleE3R1;0;324.86;25;
RM-40TailleC1R38;0;324.62;25;
RM-40TrStWRp8R2;0;324.59;25;
RM-40TrStWRp8R5;0;324.32;25;
RM-80TrAcEER22;0;324.2;25;
RM-80TrAcEER23;0;324.2;25;
RM-80TrAcEER24;0;324.2;25;
RM-80TrAcEER25;0;324.2;25;
RM-80TrAcEER26;0;324.2;25;
RM-80TrAcEER27;0;324.2;25;
RM-80TrAcEER28;0;324.2;25;
RM-80TrAcEER29;0;324.2;25;
RM-80TrAcEER30;0;324.2;25;
RM-80TrAcEER31;0;324.2;25;
RM-80TrAcEER32;0;324.2;25;
RM-80TrAcEER33;0;324.2;25;
RM-80TrAcEER34;0;324.2;25;
RM-80TrAcEER35;0;324.2;25;
RM-80TrAcEER36;0;324.2;25;
RM-80TrAcEER37;0;324.2;25;
RM-80TrAcEER38;0;324.2;25;
RM-40TailleE5R1;0;324;25;
RM-40TailleE5R10;0;324;25;
RM-40TailleE5R11;0;324;25;
RM-40TailleE5R12;0;324;25;
RM-40TailleE5R13;0;324;25;
RM-40TailleE5R14;0;324;25;
RM-40TailleE5R15;0;324;25;
RM-40TailleE5R16;0;324;25;
RM-40TailleE5R2;0;324;25;
RM-40TailleE5R3;0;324;25;
RM-40TailleE5R4;0;324;25;
RM-40TailleE5R5;0;324;25;
RM-40TailleE5R6;0;324;25;
RM-40TailleE5R7;0;324;25;
RM-40TailleE5R8;0;324;25;
RM-40TailleE5R9;0;324;25;
RM-40TrStWRp8R1;0;323.93;25;
RM-40TrStWRp9R11;0;323.93;25;
RM-40TailleC1R63;0;323.92;25;
RM-40TailleE3R21;0;323.85;25;
RM-40TailleE4R42;0;323.76;25;
RM-40TailleEO2R28;0;323.75;25;
RM-40TailleE3R3;0;323.72;25;
RM-40TailleE4R12;0;323.6;25;
RM-40TailleEO2R27;0;323.55;25;
RM-40TailleE3R14;0;323.42;25;
RM-40TailleE1R34;0;323.25;25;
RM-40TailleEO2R24;0;323.15;25;
RM-40TailleE1R31;0;322.93;25;
RM-40DecR98;0;322.9;25;
RM-40TrStWRp8R4;0;322.81;25;
RM-40TailleE3R23;0;322.69;25;
RM-40TailleE4R39;0;322.63;25;
RM-40TailleC2R30;0;322.61;25;
RM-40TailleE2R12;0;322.6;25;
RM-40TailleE2R15;0;322.6;25;
RM-40TailleE2R16;0;322.6;25;
RM-40TailleE2R21;0;322.6;25;
RM-40TailleE2R24;0;322.6;25;
RM-40TailleE2R32;0;322.6;25;
RM-40TailleE2R41;0;322.6;25;
RM-40TailleE4R14;0;322.57;25;
RM-40TailleE4R13;0;322.57;25;
RM-40DecR97;0;322.46;25;
RM-40TailleE4R46;0;322.35;25;
RM-40TailleE4R40;0;322.34;25;
RM-40TailleW2R1;0;322.17;25;
RM-100Taille1W5R14;0;322;25;
RM-100Taille1W5R15;0;322;25;
RM-100Taille1W5R16;0;322;25;
RM-100Taille1W5R17;0;322;25;
RM-100Taille1W5R18;0;322;25;
RM-100Taille1W5R19;0;322;25;
RM-100Taille1W5R20;0;322;25;
RM-100Taille1W5R21;0;322;25;
RM-100Taille1W5R22;0;322;25;
RM-100Taille1W5R23;0;322;25;
RM-100Taille1W5R24;0;322;25;
RM-100Taille1W5R25;0;322;25;
RM-100Taille1W5R26;0;322;25;
RM-100Taille1W5R27;0;322;25;
RM-100Taille1W5R28;0;322;25;
RM-100Taille1W5R29;0;322;25;
RM-100Taille1W5R30;0;322;25;
RM-100Taille1W5R31;0;322;25;
RM-100Taille1W5R32;0;322;25;
RM-100Taille1W5R33;0;322;25;
RM-100Taille1W5R34;0;322;25;
RM-100Taille1W5R35;0;322;25;
RM-100Taille1W5R36;0;322;25;
RM-100Taille1W5R37;0;322;25;
RM-100Taille1W5R38;0;322;25;
RM-100Taille1W5R39;0;322;25;
RM-100Taille1W5R40;0;322;25;
RM-40-StNE-TREFR31;0;322;25;
RM-40TailleE4R11;0;321.94;25;
RM-40TailleE1R30;0;321.83;25;
RM-40TailleE4R28;0;321.8;25;
RM-40TailleE1R36;0;321.73;25;
RM-40TailleE4R7;0;321.71;25;
RM-40TailleE3R2;0;321.71;25;
RM-40TailleEO2R1;0;321.67;25;
RM-40TailleE4R41;0;321.56;25;
RM-40TailleE1R26;0;321.5;25;
RM-40TailleE1R27;0;321.5;25;
RM-40TailleE4R21;0;321.47;25;
RM-40TailleEO2R3;0;321.46;25;
RM-40TailleE3R16;0;321.46;25;
RM-40TailleEO2R8;0;321.36;25;
RM-40TailleEO2R9;0;321.31;25;
RM-40TailleE4R26;0;321.23;25;
RM-40TailleE4R6;0;321.19;25;
RM-40TailleEO2R26;0;321.18;25;
RM-40TailleE4R19;0;321.09;25;
RM-40TailleE4R10;0;321.05;25;
RM-40TailleE4R25;0;321.05;25;
RM-40TailleEO2R2;0;321.01;25;
RM-40DecR187;0;321;25;
RM-80TrStNWR1;0;321;25;
RM-80TrStNWR2;0;321;25;
RM-80TrStNWR3;0;321;25;
RM-80TrStNWR4;0;321;25;
RM-80TrStNWR5;0;321;25;
RM-80TrStNWR6;0;321;25;
RM-80TrStNWR7;0;321;25;
RM-80TrStNWR8;0;321;25;
RM-80TrStNWR9;0;321;25;
RM-80TrStNWR10;0;321;25;
RM-80TrStNWR11;0;321;25;
RM-80TrStNWR12;0;321;25;
RM-80TrStNWR13;0;321;25;
RM-80TrStNWR14;0;321;25;
RM-80TrStNWR15;0;321;25;
RM-40TailleEO2R20;0;320.92;25;
RM-40TailleE4R47;0;320.86;25;
RM-40TailleC1R60;0;320.83;25;
RM-40TailleEO2R23;0;320.62;25;
RM-40TailleE1R15;0;320.5;25;
RM-40TailleE4R27;0;320.44;25;
RM-40TailleE4R17;0;320.42;25;
RM-40TailleEO2R22;0;320.38;25;
RM-40TailleE4R24;0;320.32;25;
RM-40TailleEO2R12;0;320.19;25;
RM-40DecR186;0;320.14;25;
RM-40TailleEO2R21;0;320.1;25;
RM-40TailleE1R16;0;320.06;25;
RM-40TailleEO2R4;0;320.05;25;
RM-40TailleC1R57;0;319.94;25;
RM-40TailleE3R5;0;319.9;25;
RM-40TailleE3R4;0;319.88;25;
RM-40TailleE1R11;0;319.87;25;
RM-40TailleE1R14;0;319.73;25;
RM-40TailleE4R18;0;319.7;25;
RM-40TailleEO2R11;0;319.48;25;
RM-40TailleEO2R10;0;319.46;25;
RM-40DecR185;0;319.45;25;
RM-40TailleE4R16;0;319.39;25;
RM-40TailleE3R6;0;319.38;25;
RM-40DecR184;0;319.28;25;
RM-40TailleC2R38;0;319.26;25;
RM-40TailleE4R22;0;319.19;25;
RM-40TailleE4R43;0;319.19;25;
RM-40TailleE3R12;0;319.14;25;
RM-40TailleW2R4;0;319.1;25;
RM-40TailleEO2R6;0;319;25;
RM-80TailleAcE6R16;0;319;25;
RM-80TailleAcE6R17;0;319;25;
RM-80TailleAcE6R18;0;319;25;
RM-80TailleAcE6R19;0;319;25;
RM-40TailleE4R23;0;318.9;25;
RM-40TailleE3R7;0;318.56;25;
RM-40TailleE4R9;0;318.47;25;
RM-40TailleEO2R5;0;318.29;25;
RM-40TailleE4R8;0;318.27;25;
RM-40DecR182;0;318.05;25;
RM-40TailleE4R20;0;317.84;25;
RM-40TailleE4R15;0;317.74;25;
RM-40TailleE4R44;0;317.39;25;
RM-40DecR183;0;316.91;25;
RM-40DecR181;0;316.42;25;
RM-40TailleC2R44;0;315.52;25;
RM-40TailleE4R45;0;314.99;25;
RM-40TailleC2R46;0;314.72;25;
RM-40TailleC2R40;0;313.78;25;
RMF3;0;287.44;25;
RM-70SPL-TRWFR21;0;156;25;
RM-70SPL-TRWFR22;0;156;25;
RM-70SPL-TRWFR23;0;156;25;
RM-70SPL-TRWFR24;0;156;25;
RM-70SPL-TRWFR25;0;156;25;
RM-70SPL-TRWFR26;0;156;25;
RM-70SPL-TRWFR27;0;156;25;
RM-70SPL-TRWFR28;0;156;25;
RM-70SPL-TRWFR29;0;156;25;
RM-70SPL-TRWFR30;0;156;25;
RM-70SPL-TRWFR31;0;156;25;
RM-70SPL-TRWFR32;0;156;25;
RM-70SPL-TRWFR33;0;156;25;
RM-70SPL-TRWFR34;0;156;25;
RM-129-SPB2-FR15;0;151;25;
RM-129-SPB2-FR16;0;151;25;
RM-129-SPB2-FR17;0;151;25;
RM-129-SPB2-FR18;0;151;25;
RM-129-SPB2-FR19;0;151;25;
RM-129-SPB2-FR20;0;151;25;
RM-129-SPB2-FR21;0;151;25;
RM-129-SPB2-FR22;0;151;25;
RM-129-SPB2-FR23;0;151;25;
RM-129-SPB2-FR24;0;151;25;
RM-129-SPB2-FR25;0;151;25;
RM-129-SPB2-FR26;0;151;25;
RM-129-SPB2-FR27;0;151;25;
RM-129-SPB2-FR28;0;151;25;
RM-100taille4ET1R31;0;331;24;
RM-100taille4ET1R32;0;331;24;
RM-100taille4ET1R33;0;331;24;
RM-100taille4ET1R34;0;331;24;
RM-100taille4ET1R35;0;331;24;
RM-100taille4ET1R36;0;331;24;
RM-100taille4ET1R37;0;331;24;
RM-100taille4ET1R38;0;331;24;
RM-100taille4ET1R39;0;331;24;
RM-40DecR140;0;330.8;24;
RM-40DecR141;0;330.7;24;
RM-40DecR150;0;328.94;24;
RM-40DecR142;0;327.9;24;
RM-125Taille1TrWFR28;0;326;24;
RM-125Taille1TrWFR29;0;326;24;
RM-125Taille1TrWFR30;0;326;24;
RM-100taille4ET1R47;0;321;24;
RM-100taille4ET1R48;0;321;24;
RM-100taille4ET1R49;0;321;24;
RM-100taille4ET1R50;0;321;24;
RM-100taille4ET1R51;0;321;24;
RM-100taille4ET1R52;0;321;24;
RM-100taille4ET1R40;0;305;24;
RM-100taille4ET1R41;0;305;24;
RM-100taille4ET1R42;0;305;24;
RM-100taille4ET1R43;0;305;24;
RM-100taille4ET1R44;0;305;24;
RM-100taille4ET1R45;0;305;24;
RM-100taille4ET1R46;0;305;24;
RM-40DecR145;0;333.11;23;
RM-40DecR149;0;332.32;23;
RM-40TailleC2R19;0;343.07;22;
RM-40TailleC2R20;0;341.81;22;
RM-40TailleC2R18;0;341.45;22;
RM-40TailleC2R21;0;338.25;22;
RM-40TailleC2R24;0;335.64;22;
RM-60TailleStSW1R11;0;335;22;
RM-60TailleStSW1R12;0;335;22;
RM-60TailleStSW1R13;0;335;22;
RM-60TailleStSW1R14;0;335;22;
RM-60TailleStSW1R15;0;335;22;
RM-60TailleStSW1R16;0;335;22;
RM-60TailleStSW1R17;0;335;22;
RM-60TailleStSW1R18;0;335;22;
RM-60TailleStSW1R19;0;335;22;
RM-60TailleStSW1R20;0;335;22;
RM-60TailleStSW1R21;0;335;22;
RM-60TailleStSW2R11;0;335;22;
RM-60TailleStSW2R12;0;335;22;
RM-60TailleStSW2R13;0;335;22;
RM-60TailleStSW2R14;0;335;22;
RM-60TailleStSW2R15;0;335;22;
RM-60TailleStSW2R16;0;335;22;
RM-60TailleStSW2R17;0;335;22;
RM-60TailleStSW2R18;0;335;22;
RM-40DecR174;0;334.41;22;
RM-40DecR178;0;334.4;22;
RM-40DecR72;0;332.25;22;
RM-40TailleC2R47;0;331.77;22;
RM-40TailleC2R48;0;331.61;22;
RM-40DecR152;0;331.1;22;
RM-100TailleAWE2R7;0;330.6;22;
RM-40DecR195;0;330.02;22;
RM-40TailleC2R45;0;329.25;22;
RM-100TailleACW2R18;0;328;22;
RM-40DecR197;0;327.68;22;
RM-40DecR192;0;327.64;22;
RM-40TailleC2R43;0;327.17;22;
RM-80TailleAcEW3R1;0;326;22;
RM-80TailleAcEW3R2;0;326;22;
RM-80TailleAcEW3R3;0;326;22;
RM-80TailleAcEW3R4;0;326;22;
RM-80TailleAcEW3R5;0;326;22;
RM-80TailleAcEW3R6;0;326;22;
RM-80TailleAcEW3R7;0;326;22;
RM-80TailleAcEW3R8;0;326;22;
RM-80TailleAcEW3R9;0;326;22;
RM-80TailleAcEW3R10;0;326;22;
RM-80TailleAcEW3R11;0;326;22;
RM-80TailleAcEW3R12;0;326;22;
RM-80TailleAcEW3R13;0;326;22;
RM-40TailleC2R32;0;325.76;22;
RM-40TailleC2R26;0;325.51;22;
RM-40TailleC2R28;0;324.96;22;
RM-40TailleC1R65;0;324.64;22;
RM-40TailleC1R72;0;324.47;22;
RM-40DecR71;0;324.24;22;
RM-40DecR79;0;324.11;22;
RM-80TailleAcEE2R12;0;324;22;
RM-80TailleAcEE2R13;0;324;22;
RM-80TailleAcEE2R14;0;324;22;
RM-80TailleAcEE2R15;0;324;22;
RM-80TailleAcEE2R16;0;324;22;
RM-80TailleAcEE2R17;0;324;22;
RM-80TailleAcEE2R18;0;324;22;
RM-80TailleAcEE2R19;0;324;22;
RM-80TailleAcEE2R20;0;324;22;
RM-80TailleAcEE2R21;0;324;22;
RM-80TailleAcEE2R22;0;324;22;
RM-40DecR45;0;323.91;22;
RM-40DecR77;0;323.25;22;
RM-40DecR88;0;323.03;22;
RM-40TailleC2R27;0;323;22;
RM-40TailleC2R39;0;323;22;
RM-40TailleE3R28;0;322.99;22;
RM-40TailleE3R26;0;322.87;22;
RM-40DecR75;0;322.78;22;
RM-40TailleE2R11;0;322.6;22;
RM-40TailleE2R18;0;322.6;22;
RM-40TailleE2R3;0;322.6;22;
RM-40TailleE2R31;0;322.6;22;
RM-40TailleE2R34;0;322.6;22;
RM-40TailleE2R35;0;322.6;22;
RM-40TailleE2R36;0;322.6;22;
RM-40TailleE2R37;0;322.6;22;
RM-40TailleE2R38;0;322.6;22;
RM-40TailleE2R39;0;322.6;22;
RM-40TailleE2R4;0;322.6;22;
RM-40TailleE2R40;0;322.6;22;
RM-40TailleE2R9;0;322.6;22;
RM-40DecR39;0;322.59;22;
RM-40TailleE1R23;0;322.58;22;
RM-40TailleC1R66;0;322.52;22;
RM-40TailleE1R20;0;322.32;22;
RM-40DecR53;0;322.28;22;
RM-40DecR58;0;322.12;22;
RM-40TailleC1R67;0;322.11;22;
RM-40DecR87Bis;0;322.1;22;
RM-40DecR68;0;321.86;22;
RM-40DecR54;0;321.79;22;
RM-40TailleW1R8;0;321.41;22;
RM-40DecR85;0;320.91;22;
RM-40TailleE1R17;0;320.71;22;
RM-40TailleE3R22;0;320.58;22;
RM-40TailleE1R12;0;320.49;22;
RM-40TailleC2R29;0;320.46;22;
RM-40DecR70;0;320.36;22;
RM-40TailleE3R24;0;320.33;22;
RM-40TailleC2R42;0;320.18;22;
RM-40DecR69;0;320.1;22;
RM-80TrExWWR0;0;320;22;
RM-80TrExWWFR1;0;320;22;
RM-80TrExWWFR2;0;320;22;
RM-80TrExWWFR3;0;320;22;
RM-80TrExWWFR4;0;320;22;
RM-80TrExWWFR5;0;320;22;
RM-40TailleE3R25;0;319.97;22;
RM-40TailleE3R19;0;319.62;22;
RM-40TailleC1R69;0;319.59;22;
RM-40TailleC1R70;0;319.42;22;
RM-40TailleW1R7;0;319.34;22;
RM-80TailleAcE6R12;0;319;22;
RM-80TailleAcE6R13;0;319;22;
RM-80TailleAcE6R14;0;319;22;
RM-80TailleAcE6R15;0;319;22;
RM-40TailleC1R71;0;318.89;22;
RM-40DecR155;0;318;22;
RM-70SPL-TREFR23;0;172;22;
RM-70SPL-TREFR24;0;172;22;
RM-70SPL-TREFR25;0;172;22;
RM-70SPL-TREFR26;0;172;22;
RM-70SPL-TREFR27;0;172;22;
RM-70SPL-TREFR28;0;172;22;
RM-70SPL-TREFR29;0;172;22;
RM-70SPL-TREFR30;0;172;22;
RM-70SPL-TREFR31;0;172;22;
RMF1;0;318.92;21;
RM-57TrWStR38;0;346.54;20;
RM-40DecR199;0;340.71;20;
RM-40TailleW1R44;0;340.49;20;
RM-40DecR198;0;340.16;20;
RM-40TailleW1R43;0;339.35;20;
RM-40DecR139;0;338.88;20;
RM-40DecR143;0;337.56;20;
RM-57TrWStR39;0;337.31;20;
RM-40TailleW1R45;0;337.3;20;
RM-57TrWStR40;0;336.75;20;
RM-57TrWStR52;0;336.55;20;
RM-40DecR148;0;335.55;20;
RM-60TailleStSW1R1;0;335;20;
RM-60TailleStSW1R2;0;335;20;
RM-60TailleStSW1R3;0;335;20;
RM-60TailleStSW1R4;0;335;20;
RM-60TailleStSW1R5;0;335;20;
RM-60TailleStSW1R6;0;335;20;
RM-60TailleStSW1R7;0;335;20;
RM-60TailleStSW1R8;0;335;20;
RM-60TailleStSW1R9;0;335;20;
RM-60TailleStSW1R10;0;335;20;
RM-60TailleStSW2R1;0;335;20;
RM-60TailleStSW2R2;0;335;20;
RM-60TailleStSW2R3;0;335;20;
RM-60TailleStSW2R4;0;335;20;
RM-60TailleStSW2R5;0;335;20;
RM-60TailleStSW2R6;0;335;20;
RM-60TailleStSW2R7;0;335;20;
RM-60TailleStSW2R8;0;335;20;
RM-60TailleStSW2R9;0;335;20;
RM-60TailleStSW2R10;0;335;20;
RM-60TailleStSW3R9;0;335;20;
RM-60TailleStSW3R10;0;335;20;
RM-60TailleStSW3R11;0;335;20;
RM-60TailleStSW3R12;0;335;20;
RM-60TailleStSW3R13;0;335;20;
RM-60TailleStSW3R19;0;335;20;
RM-60TailleStSW3R20;0;335;20;
RM-60TailleStSW3R21;0;335;20;
RM-60TailleStSW3R22;0;335;20;
RM-60TailleStSW5R1;0;335;20;
RM-60TailleStSW5R2;0;335;20;
RM-60TailleStSW5R3;0;335;20;
RM-60TailleStSW5R4;0;335;20;
RM-60TailleStSW5R5;0;335;20;
RM-60TailleStSW5R6;0;335;20;
RM-60TailleStSW5R7;0;335;20;
RM-60TailleStSW5R8;0;335;20;
RM-60TailleStSW5FR1;0;335;20;
RM-60TailleStSW5FR2;0;335;20;
RM-60TailleStSW5FR3;0;335;20;
RM-60TailleStSW5FR4;0;335;20;
RM-60TailleStSW5FR5;0;335;20;
RM-60TailleStSW5FR6;0;335;20;
RM-60TailleStSW5R15;0;335;20;
RM-60TailleStSW5R16;0;335;20;
RM-60TailleStSW5R17;0;335;20;
RM-60TailleStSW5R18;0;335;20;
RM-60TailleStSW5R19;0;335;20;
RM-60TailleStSW5R20;0;335;20;
RM-60TailleStSW5R21;0;335;20;
RM-60TailleStSW5R22;0;335;20;
RM-60TailleStSW5R23;0;335;20;
RM-108Taille3TrWPW;0;335;20;
RM-108Taille3TrEPE;0;335;20;
RM-108Taille3TrEFR1;0;335;20;
RM-108Taille3TrEFR2;0;335;20;
RM-108Taille3TrEFR3;0;335;20;
RM-108Taille3TrEFR4;0;335;20;
RM-108Taille3TrEFR5;0;335;20;
RM-108Taille3TrEFR6;0;335;20;
RM-108Taille3TrEFR7;0;335;20;
RM-108Taille3TrEFR8;0;335;20;
RM-108Taille3TrEFR9;0;335;20;
RM-108Taille3TrEFR10;0;335;20;
RM-108Taille3TrEFR11;0;335;20;
RM-40DecR112;0;334.9;20;
RM-40DecR144;0;334.61;20;
RM-40DecR108;0;333.3;20;
RM-40DecR134;0;333.12;20;
RM-60Taille3W11FR1;0;333;20;
RM-60Taille3W11FR2;0;333;20;
RM-60Taille3W11FR3;0;333;20;
RM-60Taille3W11FR4;0;333;20;
RM-60Taille3W11FR5;0;333;20;
RM-60Taille3W11FR6;0;333;20;
RM-60Taille3W11FR7;0;333;20;
RM-60Taille3W11FR8;0;333;20;
RM-60Taille3W11FR9;0;333;20;
RM-60Taille3W11FR10;0;333;20;
RM-60Taille3W11FR11;0;333;20;
RM-60Taille3W11FR12;0;333;20;
RM-60Taille3W11FR13;0;333;20;
RM-60Taille3W11FR14;0;333;20;
RM-60Taille3W11FR15;0;333;20;
RM-60Taille3W11FR16;0;333;20;
RM-60Taille3W11FR17;0;333;20;
RM-60Taille3W11R3;0;333;20;
RM-60Taille3W11R4;0;333;20;
RM-60Taille3W11R7;0;333;20;
RM-60Taille3W11R9;0;333;20;
RM-60Taille3E11R1;0;333;20;
RM-60Taille3E11R2;0;333;20;
RM-60Taille3E11R5;0;333;20;
RM-60Taille3E11R6;0;333;20;
RM-60Taille3E11R8;0;333;20;
RM-60Taille3E11R10;0;333;20;
RM-60Taille3E11R11;0;333;20;
RM-60Taille3E11R12;0;333;20;
RM-60Taille3E11R13;0;333;20;
RM-60Taille3E11R14;0;333;20;
RM-60Taille3E11R15;0;333;20;
RM-60Taille3E11R16;0;333;20;
RM-60Taille3E11R17;0;333;20;
RM-60Taille3E11R18;0;333;20;
RM-60Taille3E11R19;0;333;20;
RM-60Taille3E11R20;0;333;20;
RM-60Taille3E11R21;0;333;20;
RM-60Taille3E11R22;0;333;20;
RM-60Taille3E11R23;0;333;20;
RM-60Taille3E11R24;0;333;20;
RM-60Taille3E11R25;0;333;20;
RM-60Taille3E11R26;0;333;20;
RM-60Taille3E11R27;0;333;20;
RM-60Taille3E11R28;0;333;20;
RM-40DecR106;0;332.76;20;
RM-57TrWStR44;0;332.32;20;
RM-57TrWStR42;0;331.91;20;
RM-40DecR107;0;331.69;20;
RM-40DecR127;0;331.43;20;
RM-57TrWStR53;0;330.97;20;
RM-57TrWStR43;0;330.86;20;
RM-40TailleStW1R18;0;330.75;20;
RM-100TailleAWE1R9;0;330.6;20;
RM-100TailleAWE1R10;0;330.6;20;
RM-40DecR135;0;330.57;20;
RM-57TrWStR51;0;330.33;20;
RM-40DecR126;0;330.2;20;
RM-57TrWStR45;0;330.04;20;
RM-40DecR125;0;329.86;20;
RM-40DecR113;0;329.57;20;
RM-57TrWStR50;0;329.25;20;
RM-40TailleStW1R21;0;328.61;20;
RM-100TailleACW2R17;0;328;20;
RM-40TailleStW1R20;0;327.33;20;
RM-100TailleAWE3R3;0;327;20;
RM-100TailleAWE3R4;0;327;20;
RM-100TailleAWE3R5;0;327;20;
RM-100TailleAWE3R6;0;327;20;
RM-100TailleAWE3R7;0;327;20;
RM-100TailleAWE3R8;0;327;20;
RM-100taille4WT1R2;0;327;20;
RM-100taille4WT1R3;0;327;20;
RM-100taille4WT1R4;0;327;20;
RM-100taille4WT1R5;0;327;20;
RM-125taille1ET1R1;0;327;20;
RM-125taille1ET1R2;0;327;20;
RM-125taille1ET1R3;0;327;20;
RM-125taille1ET1R4;0;327;20;
RM-125taille1ET1R5;0;327;20;
RM-125taille1ET1R6;0;327;20;
RM-125taille1ET1R7;0;327;20;
RM-125taille1ET1R8;0;327;20;
RM-125taille1ET1R10;0;327;20;
RM-125taille1ET1R11;0;327;20;
RM-125taille1ET1R12;0;327;20;
RM-125taille1ET1R13;0;327;20;
RM-125taille1ET1R14;0;327;20;
RM-125taille1ET1R15;0;327;20;
RM-125taille1WT2R1;0;327;20;
RM-125taille1WT2R2;0;327;20;
RM-125taille1WT2R3;0;327;20;
RM-125taille1WT2R4;0;327;20;
RM-125taille1WT2R5;0;327;20;
RM-125taille1WT2R6;0;327;20;
RM-125taille1WT2R7;0;327;20;
RM-125taille1WT2R8;0;327;20;
RM-125taille1WT2R9;0;327;20;
RM-125taille1WT2R10;0;327;20;
RM-125taille1WT2R11;0;327;20;
RM-40TailleStW1R19;0;326.86;20;
RM-57TrWStR54;0;326.65;20;
RM-40DecR95;0;326.59;20;
RM-57TrWStR55;0;326.05;20;
RM-40DecR91;0;325.81;20;
RM-57TrWStR63;0;325.67;20;
RM-40DecR124;0;325.63;20;
RM-57TrWStR62;0;324.99;20;
RM-40TailleW2R34;0;324.95;20;
RM-40TailleW2R28;0;324.9;20;
RM-40TailleW2R35;0;324.67;20;
RM-40DecR102;0;324.65;20;
RM-57TrWStR57;0;324.43;20;
RM-40TailleE1R1;0;324.07;20;
RM-57TrWStR75;0;323.96;20;
RM-40TailleW2R2;0;323.91;20;
RM-57TrWStR56;0;323.78;20;
RM-40TailleStW1R23;0;323.67;20;
RM-57TrWStR48;0;323.62;20;
RM-40DecR123;0;323.49;20;
RM-57TrWStR74;0;323.43;20;
RM-40DecR92;0;323.42;20;
RM-40TailleE1R2;0;323.27;20;
RM-57TrWStR59;0;323.26;20;
RM-57TrWStR46;0;323.22;20;
RM-40DecR105;0;323.17;20;
RM-57TrWStR73;0;322.99;20;
RM-40TailleW2R17;0;322.94;20;
RM-57TrWStR60;0;322.83;20;
RM-40TailleW1R3;0;322.71;20;
RM-40DecR93;0;322.68;20;
RM-57TrWStR61;0;322.66;20;
RM-40TailleE2R1;0;322.6;20;
RM-40TailleE2R10;0;322.6;20;
RM-40TailleE2R13;0;322.6;20;
RM-40TailleE2R14;0;322.6;20;
RM-40TailleE2R2;0;322.6;20;
RM-40TailleE2R22;0;322.6;20;
RM-40TailleE2R26;0;322.6;20;
RM-40TailleE2R28;0;322.6;20;
RM-40TailleE2R29;0;322.6;20;
RM-40TailleE2R5;0;322.6;20;
RM-40TailleE2R6;0;322.6;20;
RM-40TailleE2R7;0;322.6;20;
RM-40TailleE2R8;0;322.6;20;
RM-40TailleE1R10;0;322.56;20;
RM-40TailleStW1R22;0;322.5;20;
RM-40TailleW1R1;0;322.36;20;
RM-40TailleE1R4;0;322.33;20;
RM-40-StNE-TREFR27;0;322;20;
RM-40-StNE-TREFR28;0;322;20;
RM-40-StNE-TREFR29;0;322;20;
RM-40-StNE-TREFR30;0;322;20;
RM-40TailleW2R3;0;321.95;20;
RM-40TailleE1R9;0;321.94;20;
RM-40TailleW2R14;0;321.86;20;
RM-40TailleW1R5;0;321.75;20;
RM-40TailleE1R25;0;321.54;20;
RM-57TrWStR47;0;321.51;20;
RM-57TrWStR58;0;321.44;20;
RM-40DecR104;0;321.29;20;
RM-57TrWStR66;0;321.27;20;
RM-40TailleE1R3;0;321.21;20;
RM-40TailleStW1R24;0;321.21;20;
RM-40TailleW2R21;0;320.87;20;
RM-57TrWStR49;0;320.87;20;
RM-40TailleC1R42;0;320.84;20;
RM-40DecR109;0;320.83;20;
RM-40TailleW2R23;0;320.8;20;
RM-40DecR103;0;320.58;20;
RM-40DecR120;0;320.46;20;
RM-40TailleE1R24;0;320.4;20;
RM-40DecR101;0;320.35;20;
RM-40TailleE1R8;0;320.23;20;
RM-57TrWStR72;0;320.19;20;
RM-80TrExWER0;0;320;20;
RM-80TrExWEFR1;0;320;20;
RM-80TrExWEFR3;0;320;20;
RM-80TrExWEFR4;0;320;20;
RM-80TrExWEFR5;0;320;20;
RM-80TrExWEFR6;0;320;20;
RM-80TrExWEFR7;0;320;20;
RM-80TrExWEFR8;0;320;20;
RM-80TrExWEFR9;0;320;20;
RM-80TrExWEFR10;0;320;20;
RM-80TrExWEFR11;0;320;20;
RM-80TrExWEFR12;0;320;20;
RM-80TrExWEFR13;0;320;20;
RM-80TrExWEFR14;0;320;20;
RM-80TrExWEFR15;0;320;20;
RM-74-StNE-TRWFR10;0;320;20;
RM-74-StNE-TRWFR11;0;320;20;
RM-74-StNE-TRWFR12;0;320;20;
RM-74-StNE-TRWFR13;0;320;20;
RM-74-StNE-TRWFR14;0;320;20;
RM-57TrWStR65;0;319.86;20;
RM-57TrWStR70;0;319.85;20;
RM-40TailleE1R5;0;319.46;20;
RM-57TrWStR67;0;319.14;20;
RM-40TailleC1R52;0;319.01;20;
RM-60TailleAcCE6R6;0;319;20;
RM-60TailleAcCE6R8;0;319;20;
RM-80TailleAcE6R20;0;319;20;
RM-80TailleAcE6R21;0;319;20;
RM-80TailleAcE6R22;0;319;20;
RM-40TailleE1R6;0;318.69;20;
RM-57TrWStR69;0;317.88;20;
RM-57TrWStR71;0;317.69;20;
RM-57TrWStR68;0;317.17;20;
RM-40TailleE1R7;0;316.16;20;
RM-40DecR110;0;315.9;20;
RM-40DecR114;0;315.29;20;
RM-40DecR116;0;313.98;20;
RM-40DecR121;0;313.66;20;
RM-40DecR118;0;312.1;20;
RM-70SPL-TRWFR35;0;156;20;
RM-70SPL-TRWFR36;0;156;20;
RM-70SPL-TRWFR37;0;156;20;
RM-70SPL-TRWFR38;0;156;20;
RM-70SPL-TRWFR39;0;156;20;
RM-70SPL-TRWFR40;0;156;20;
RM-70SPL-TRWFR41;0;156;20;
RM-70SPL-TRWFR43;0;156;20;
RM-70SPL-TRWFR44;0;156;20;
RM-70SPL-TRWFR45;0;156;20;
RM-129-SPB2-FR29;0;151;20;
RM-129-SPB2-FR30;0;151;20;
RM-129-SPB2-FR31;0;151;20;
RM-129-SPB2-FR32;0;151;20;
RM-129-SPB2-FR33;0;151;20;
RM-129-SPB2-FR34;0;151;20;
RM-129-SPB2-FR35;0;151;20;
RM-129-SPB2-FR36;0;151;20;
RM-129-SPB2-FR37;0;151;20;
RM-129-SPB2-FR38;0;151;20;
RM-129-SPB2-FR39;0;151;20;
RM-129-SPB2-FR40;0;151;20;
RM-129-SPB2-FR41;0;151;20;
RM-129-SPB2-FR42;0;151;20;
RM-129-SPB2-FR43;0;151;20;
RM-129-SPB2-FR44;0;151;20;
RM-129-SPB2-FR45;0;151;20;
RM-129-SPB2-FR46;0;151;20;
RM-129-SPB2-FR47;0;151;20;
RM-129-SPB2-FR48;0;151;20;
RM-108-SPB3-FR7;0;143;20;
RM-108-SPB3-FR8;0;143;20;
RM-108-SPB3-FR9;0;143;20;
RM-108-SPB3-FR10;0;143;20;
RM-108-SPB3-FR11;0;143;20;
RM-108-SPB3-FR12;0;143;20;
RM-108-SPB3-FR13;0;143;20;
RM-108-SPB3-FR14;0;143;20;
RM-100TailleAWW1R21;0;321;19;
RM-40DecR194;0;341.37;18;
RM-40DecR46;0;340.66;18;
RM-40DecR193;0;340.44;18;
RM-40TailleW1R42;0;340.1;18;
RM-40TailleW1R41;0;339.86;18;
RM-40DecR50;0;339.32;18;
RM-40DecR196;0;339.2;18;
RM-40DecR189;0;339.12;18;
RM-40TailleStW1R14;0;338.6;18;
RM-40TailleStW1R10;0;337.4;18;
RM-40DecR179;0;337.35;18;
RM-40TailleStW1R9;0;336.87;18;
RM-40TailleStW1R11;0;336.32;18;
RM-40DecR94;0;336.2;18;
RM-40TailleStW1R12;0;336.19;18;
RM-40DecR89;0;335.67;18;
RM-40TailleStW1R13;0;335.56;18;
RM-40DecR85Bis;0;335.51;18;
RM-40TailleStW1R8;0;335.32;18;
RM-40TailleStW1R7;0;334.83;18;
RM-40TailleStW1R6;0;334.64;18;
RM-40DecR87;0;334.2;18;
RM-40DecR86;0;333.75;18;
RM-40DecR82;0;333.6;18;
RM-40DecR159;0;333.53;18;
RM-40DecR191;0;332.03;18;
RM-40DecR81;0;331.27;18;
RM-40DecR188;0;330.87;18;
RM-100TailleAWE2R6;0;330.6;18;
RM-40TailleW1R9;0;329.21;18;
RM-100TailleACW2R16;0;328;18;
RM-40DecR170;0;327.77;18;
RM-40DecR176;0;326.59;18;
RM-40DecR171;0;326.45;18;
RM-40TailleW1R6;0;326.3;18;
RM-40DecR29;0;326.06;18;
RM-40TailleW1R12;0;325.89;18;
RM-40DecR172;0;325.47;18;
RM-40DecR26;0;324.67;18;
RM-40DecR177;0;324.57;18;
RM-40DecR25;0;324.44;18;
RM-80TailleAcEE1R5;0;324;18;
RM-80TailleAcEE1R6;0;324;18;
RM-80TailleAcEE1R7;0;324;18;
RM-80TailleAcEE1R9;0;324;18;
RM-80TailleAcEE1R10;0;324;18;
RM-80TailleAcEE1R16;0;324;18;
RM-80TailleAcEE1R17;0;324;18;
RM-80TailleAcEE1R18;0;324;18;
RM-40DecR201;0;323.21;18;
RM-40DecR24;0;322.51;18;
RM-40-StNE-TREFR24;0;322;18;
RM-40-StNE-TREFR25;0;322;18;
RM-40-StNE-TREFR26;0;322;18;
RM-40DecR30;0;321.93;18;
RM-100TailleAWW1R18;0;321;18;
RM-100TailleAWW1R19;0;321;18;
RM-100TailleAWW1R20;0;321;18;
RM-100TailleAWW1R22;0;321;18;
RM-40DecR27;0;320.88;18;
RM-40DecR36;0;320.75;18;
RM-80TrExWWFR6;0;320;18;
RM-80TrExWWFR7;0;320;18;
RM-80TrExWWFR8;0;320;18;
RM-80TrExWWFR9;0;320;18;
RM-80TrExWWFR10;0;320;18;
RM-125Taille2TrEFR14;0;320;18;
RM-125Taille2TrEFR15;0;320;18;
RM-125Taille2TrEFR16;0;320;18;
RM-125Taille2TrEFR17;0;320;18;
RM-125Taille2TrEFR18;0;320;18;
RM-125Taille2TrEFR19;0;320;18;
RM-125Taille2TrEFR20;0;320;18;
RM-125Taille2TrEFR21;0;320;18;
RM-125Taille2TrEFR22;0;320;18;
RM-125Taille2TrEFR23;0;320;18;
RM-125Taille2TrEFR24;0;320;18;
RM-125Taille2TrEFR25;0;320;18;
RM-125Taille2TrEFR26;0;320;18;
RM-125Taille2TrEFR27;0;320;18;
RM-125Taille2TrEFR28;0;320;18;
RM-125Taille2TrEFR29;0;320;18;
RM-125Taille2TrEFR30;0;320;18;
RM-125Taille2TrEFR31;0;320;18;
RM-125Taille2TrEFR32;0;320;18;
RM-125Taille2TrEFR33;0;320;18;
RM-125Taille2TrEFR34;0;320;18;
RM-125Taille2TrEFR35;0;320;18;
RM-125Taille2TrEFR36;0;320;18;
RM-125Taille2TrEFR37;0;320;18;
RM-40DecR173;0;319.01;18;
RM-40-StNE-TREFR12;0;310;18;
RM-40-StNE-TREFR13;0;310;18;
RM-40-StNE-TREFR14;0;310;18;
RM-40-StNE-TREFR15;0;310;18;
RM-40-StNE-TREFR16;0;310;18;
RM-40-StNE-TREFR17;0;310;18;
RM-40-StNE-TREFR18;0;310;18;
RM-40-StNE-TREFR19;0;310;18;
RM-40-StNE-TREFR20;0;310;18;
RM-40-StNE-TREFR21;0;310;18;
RM-70SPL-TREFR32;0;172;18;
RM-70SPL-TREFR33;0;172;18;
RM-70SPL-TREFR34;0;172;18;
RM-70SPL-TREFR35;0;172;18;
RM-70SPL-TREFR36;0;172;18;
RM-70SPL-TREFR37;0;172;18;
RM-70SPL-TREFR38;0;172;18;
RM-70SPL-TREFR39;0;172;18;
RM-70SPL-TREFR40;0;172;18;
RM-70SPL-TREFR41;0;172;18;
RM-70SPL-TREFR42;0;172;18;
RM-70SPL-TRWFR11;0;156;18;
RM-70SPL-TRWFR12;0;156;18;
RM-70SPL-TRWFR13;0;156;18;
RM-70SPL-TRWFR14;0;156;18;
RM-70SPL-TRWFR15;0;156;18;
RM-70SPL-TRWFR16;0;156;18;
RM-70SPL-TRWFR17;0;156;18;
RM-70SPL-TRWFR18;0;156;18;
RM-70SPL-TRWFR19;0;156;18;
RM-70SPL-TRWFR20;0;156;18;
RM-60TailleStSW3R14;0;335;17;
RM-60TailleStSW3R15;0;335;17;
RM-60TailleStSW3R16;0;335;17;
RM-60TailleStSW3R17;0;335;17;
RM-60TailleStSW3R18;0;335;17;
RM-60TailleStSW4R4;0;335;17;
RM-60TailleStSW4R5;0;335;17;
RM-60TailleStSW4R6;0;335;17;
RM-60TailleStSW4R7;0;335;17;
RM-60TailleStSW4R8;0;335;17;
RM-60TailleStSW4R9;0;335;17;
RM-60TailleStSW4R10;0;335;17;
RM-60TailleStSW4R11;0;335;17;
RM-60TailleStSW4R12;0;335;17;
RM-60TailleStSW4R13;0;335;17;
RM-60TailleStSW4R14;0;335;17;
RM-60TailleStSW4R15;0;335;17;
RM-60TailleStSW4R16;0;335;17;
RM-60TailleStSW4R17;0;335;17;
RM-60TailleStSW4R18;0;335;17;
RM-40-StNE-TREFR43;0;322;17;
RM-40-StNE-TREFR44;0;322;17;
RM-40-StNE-TREFR45;0;322;17;
RM-40-StNE-TREFR46;0;322;17;
RM-40-StNE-TREFR47;0;322;17;
RM-40-StNE-TREFR48;0;322;17;
RM-100TailleAWW1R17;0;321;17;
RM-100TailleAWW1R23;0;321;17;
RM-100TailleACW2R15;0;328;16;
RM-100TailleAWW1R16;0;321;16;
RM-60TrAcWWR41;0;347.53;15;
RM-60TrAcWWR42;0;347.53;15;
RM-60TrAcWWR43;0;347.53;15;
RM-60TrAcWWR44;0;347.53;15;
RM-60TrAcWWR45;0;347.53;15;
RM-60TrAcWWR46;0;347.53;15;
RM-60TrAcWWR47;0;343.28;15;
RM-60TrAcWWR48;0;343.28;15;
RM-60TrAcWWR49;0;343.28;15;
RM-60TrAcWWR50;0;343.28;15;
RM-60TrAcWWR51;0;343.28;15;
RM-60TrAcWWR29;0;340.89;15;
RM-60TrAcWWR30;0;340.89;15;
RM-60TrAcWWR31;0;340.89;15;
RM-40TrStWRp7R3;0;340.81;15;
RM-125Taille2TrEPE;0;340;15;
RM-125Taille2TrEFR1;0;340;15;
RM-125Taille2TrEFR2;0;340;15;
RM-125Taille2TrEFR3;0;340;15;
RM-125Taille2TrEFR4;0;340;15;
RM-125Taille2TrEFR5;0;340;15;
RM-125Taille2TrEFR6;0;340;15;
RM-125Taille2TrEFR7;0;340;15;
RM-125Taille2TrEFR8;0;340;15;
RM-40TrStWRp7R4;0;339.16;15;
RM-40TrStWRp7R2;0;338.19;15;
RM-40TrStWRp7R9;0;337.08;15;
RM-40TrStWRp7R8;0;336.95;15;
RM-40TrStWRp7R7;0;336.49;15;
RM-40TrStWRp7R5;0;336.47;15;
RM-40TrStWRp7R14;0;336.45;15;
RM-40TrStWRp7R6;0;336.15;15;
RM-70SPL-TRWFR49;0;336;15;
RM-70SPL-TRWFR50;0;336;15;
RM-70SPL-TRWFR51;0;336;15;
RM-70SPL-TRWFR52;0;336;15;
RM-70SPL-TRWFR53;0;336;15;
RM-70SPL-TRWFR54;0;336;15;
RM-70SPL-TRWFR55;0;336;15;
RM-70SPL-TRWFR56;0;336;15;
RM-70SPL-TRWFR57;0;336;15;
RM-70SPL-TRWFR58;0;336;15;
RM-70SPL-TRWFR59;0;336;15;
RM-70SPL-TRWFR60;0;336;15;
RM-40TrStWRp7R13;0;335.48;15;
RM-40TailleStW1R4;0;335.32;15;
RM-40TrStWRp7R1;0;335.15;15;
RM-60TrAcWWR59;0;335;15;
RM-60TrAcWWR60;0;335;15;
RM-60TrAcWWR61;0;335;15;
RM-60TrAcWWR62;0;335;15;
RM-60TrAcWWR63;0;335;15;
RM-60TrAcWWR64;0;335;15;
RM-60TrAcWWR65;0;335;15;
RM-60TrAcWWR66;0;335;15;
RM-60TrAcWWR67;0;335;15;
RM-60TrAcWWR68;0;335;15;
RM-60TrAcWWR69;0;335;15;
RM-60TrAcWWR70;0;335;15;
RM-60TrAcWWR71;0;335;15;
RM-60TrAcWWR72;0;335;15;
RM-60TrAcWWR73;0;335;15;
RM-60TrAcWWR74;0;335;15;
RM-60TrAcWWR75;0;335;15;
RM-60TrAcWWR76;0;335;15;
RM-60TrAcWWR77;0;335;15;
RM-60TrAcWWR78;0;335;15;
RM-60TrAcWWR79;0;335;15;
RM-60TrAcWWR80;0;335;15;
RM-60TailleStSW3R1;0;335;15;
RM-60TailleStSW3R2;0;335;15;
RM-60TailleStSW3R3;0;335;15;
RM-60TailleAcWW10R3;0;335;15;
RM-60TailleAcWW10R4;0;335;15;
RM-60TailleAcWW10R5;0;335;15;
RM-60TailleAcWW10R6;0;335;15;
RM-60TailleAcWW10R7;0;335;15;
RM-60TailleAcWW10R8;0;335;15;
RM-60TailleAcWW10R9;0;335;15;
RM-60TailleAcWW10R10;0;335;15;
RM-60TailleAcWW10R11;0;335;15;
RM-60TailleAcWW10R12;0;335;15;
RM-60TailleAcWW10R13;0;335;15;
RM-40TailleStW1R5;0;334.8;15;
RM-60TrStSWR2;0;334;15;
RM-60TrStSWR3;0;334;15;
RM-60TrStSWR4;0;334;15;
RM-60TrStSWR5;0;334;15;
RM-60TrStSWR6;0;334;15;
RM-60TrStSWR7;0;334;15;
RM-60TrStSWR8;0;334;15;
RM-60TrStSWR9;0;334;15;
RM-60TrStSWR10;0;334;15;
RM-60TrStSWR12;0;334;15;
RM-60TrStSWR13;0;334;15;
RM-60TrStSWR14;0;334;15;
RM-60TrStSWR15;0;334;15;
RM-60TrStSWR16;0;334;15;
RM-60TrStSWR17;0;334;15;
RM-60TrStSWR18;0;334;15;
RM-60TrStSWR19;0;334;15;
RM-60TrStSWR20;0;334;15;
RM-60TailleAcWW1R24;0;334;15;
RM-60TailleAcWW1R25;0;334;15;
RM-60TailleAcWW1R26;0;334;15;
RM-60TailleAcWW1R27;0;334;15;
RM-60TailleAcWW1R28;0;334;15;
RM-60TailleAcWW1R29;0;334;15;
RM-60TailleAcWW1R30;0;334;15;
RM-60TailleAcWW1R31;0;334;15;
RM-60TailleAcWW1R33;0;334;15;
RM-60TailleAcWW1R34;0;334;15;
RM-60TailleAcWW1R35;0;334;15;
RM-60TailleAcWW1R36;0;334;15;
RM-60TailleAcWW2R5;0;334;15;
RM-60TailleAcWW2R6;0;334;15;
RM-60TailleAcWW2R7;0;334;15;
RM-60TailleAcWW2R8;0;334;15;
RM-60TailleAcWW2R9;0;334;15;
RM-60TailleAcWW2R10;0;334;15;
RM-60TailleAcWW2R11;0;334;15;
RM-60TailleAcWW2R12;0;334;15;
RM-60TailleAcWW6R25;0;334;15;
RM-60TailleAcWW6R26;0;334;15;
RM-60TailleAcWW6R27;0;334;15;
RM-60TailleAcWW6R28;0;334;15;
RM-60TailleAcWW6R29;0;334;15;
RM-60TailleAcWW6R30;0;334;15;
RM-60TailleAcWW6R31;0;334;15;
RM-60TailleAcWW6R32;0;334;15;
RM-60TailleAcWW6R33;0;334;15;
RM-60TailleAcWW6R34;0;334;15;
RM-60TailleAcWW6R35;0;334;15;
RM-60TailleAcWW6R37;0;334;15;
RM-60TailleAcWW6R38;0;334;15;
RM-60TailleAcWW6R39;0;334;15;
RM-40TrStWRp7R12;0;333.75;15;
RM-80TailleAcWW1R26;0;333.4;15;
RM-80TailleAcWW1R27;0;333.4;15;
RM-80TrER20;0;333;15;
RM-80TrER21;0;333;15;
RM-80TrER22;0;333;15;
RM-80TrER23;0;333;15;
RM-80TrER24;0;333;15;
RM-80TrER25;0;333;15;
RM-60TrAcWWR81;0;333;15;
RM-60TrAcWWR82;0;333;15;
RM-60TrAcWWR83;0;333;15;
RM-60TrAcWWR84;0;333;15;
RM-60TrAcWWR85;0;333;15;
RM-60TrAcWWR86;0;333;15;
RM-60TrAcWWR87;0;333;15;
RM-60Taille3E11R29;0;333;15;
RM-60Taille3E11R30;0;333;15;
RM-60Taille3E11R31;0;333;15;
RM-60Taille3E11R32;0;333;15;
RM-60Taille3E11R33;0;333;15;
RM-60Taille3E11R34;0;333;15;
RM-40TailleStW1R3;0;332.74;15;
RM-40TailleStW1R15;0;332.67;15;
RM-80TrWR41;0;332;15;
RM-80TailleAcWE1R1;0;331.5;15;
RM-80TailleAcWE1R2;0;331.5;15;
RM-80TailleAcWE1R3;0;331.5;15;
RM-80TailleAcWE1R4;0;331.5;15;
RM-40TrStWRp7R11;0;331.49;15;
RM-40TailleStW1R17;0;331.16;15;
RM-40TrStWRp7R10;0;331.07;15;
RM-60TrStSWR21;0;331;15;
RM-60TrStSWR22;0;331;15;
RM-60TrStSWR23;0;331;15;
RM-60TrStSWR24;0;331;15;
RM-60TrStSWR25;0;331;15;
RM-60TrStSWR26;0;331;15;
RM-60TrStSWR27;0;331;15;
RM-60TrStSWR28;0;331;15;
RM-60TrStSWR29;0;331;15;
RM-60TrStSWR30;0;331;15;
RM-60TrStSWR31;0;331;15;
RM-40TailleStW1R16;0;330.98;15;
RM-40TailleStW1R2;0;330.94;15;
RM-40TailleStW1R1;0;330.7;15;
RM-100TailleAWE1R7;0;330.6;15;
RM-100TailleAWE1R8;0;330.6;15;
RM-80TailleExW1R1;0;330;15;
RM-80TailleExW1R2;0;330;15;
RM-80TailleExW1R3;0;330;15;
RM-80TailleExW1R4;0;330;15;
RM-80TailleExW1R5;0;330;15;
RM-80TailleExW1R6;0;330;15;
RM-80TailleExW1R7;0;330;15;
RM-80TailleExW1R8;0;330;15;
RM-80TailleExW1R9;0;330;15;
RM-80TailleExW1R10;0;330;15;
RM-80TailleExW2R1;0;330;15;
RM-80TailleExW2R2;0;330;15;
RM-80TailleExW2R3;0;330;15;
RM-80TailleExW3R1;0;330;15;
RM-80TailleExW3R2;0;330;15;
RM-80TailleExW3R3;0;330;15;
RM-80TailleExW3R4;0;330;15;
RM-80TailleExW3R5;0;330;15;
RM-80TailleExW3R6;0;330;15;
RM-80TailleExW3R7;0;330;15;
RM-80TailleExW3R8;0;330;15;
RM-80TailleExW3R9;0;330;15;
RM-80TailleExW3R10;0;330;15;
RM-80TailleExW3R11;0;330;15;
RM-80TailleExW3R12;0;330;15;
RM-80TailleExW3R13;0;330;15;
RM-80TailleExW3R14;0;330;15;
RM-80TailleExW3R15;0;330;15;
RM-80TailleExW3R16;0;330;15;
RM-80TailleExW3R17;0;330;15;
RM-80TailleExW3R18;0;330;15;
RM-80TailleExW3R19;0;330;15;
RM-80TailleExW3R20;0;330;15;
RM-80TailleExW3R21;0;330;15;
RM-80TailleExW3R22;0;330;15;
RM-80TailleExW3R23;0;330;15;
RM-80TailleExW3R24;0;330;15;
RM-80TailleExW3R25;0;330;15;
RM-80TailleExW3R26;0;330;15;
RM-80TailleExW3R27;0;330;15;
RM-80TailleExW3R28;0;330;15;
RM-80TailleExW3R29;0;330;15;
RM-80TailleExW3R30;0;330;15;
RM-80TailleExW3R31;0;330;15;
RM-80TailleExW3R32;0;330;15;
RM-80TailleExW4R18;0;330;15;
RM-80TailleExW4R19;0;330;15;
RM-80TrER10;0;329;15;
RM-80TrER11;0;329;15;
RM-80TrER12;0;329;15;
RM-80TrER13;0;329;15;
RM-80TrER14;0;329;15;
RM-80TrER15;0;329;15;
RM-80TrER16;0;329;15;
RM-80TrER18;0;329;15;
RM-80TrER19;0;329;15;
RM-80TrER2;0;329;15;
RM-80TrER4;0;329;15;
RM-80TrER6;0;329;15;
RM-80TrER8;0;329;15;
RM-80TrER9;0;329;15;
RM-80TrWR40;0;329;15;
RM-60TrAcWWR32;0;328.84;15;
RM-60TrAcWWR33;0;328.84;15;
RM-60TrAcWWR34;0;328.84;15;
RM-60TrAcWWR35;0;328.84;15;
RM-60TrAcWWR36;0;328.84;15;
RM-60TrAcWWR37;0;328.84;15;
RM-60TrAcWWR38;0;328.84;15;
RM-60TrAcWWR39;0;328.84;15;
RM-60TrAcWWR40;0;328.84;15;
RM-60TrWAcC1;0;328;15;
RM-60TrWAcC10;0;328;15;
RM-60TrWAcC11;0;328;15;
RM-60TrWAcC12;0;328;15;
RM-60TrWAcC13;0;328;15;
RM-60TrWAcC2;0;328;15;
RM-60TrWAcC3;0;328;15;
RM-60TrWAcC4;0;328;15;
RM-60TrWAcC5;0;328;15;
RM-60TrWAcC6;0;328;15;
RM-60TrWAcC7;0;328;15;
RM-60TrWAcC8;0;328;15;
RM-60TrWAcC9;0;328;15;
RM-60TrAcWER52;0;328;15;
RM-100TailleACE1R19;0;328;15;
RM-100TailleACE1R20;0;328;15;
RM-40TrStWRp7WR3;0;327.03;15;
RM-60TrAcWER53;0;327;15;
RM-60TrAcWWR52;0;327;15;
RM-60TailleAcWE1R1;0;327;15;
RM-60TailleAcWE1R2;0;327;15;
RM-60TailleAcWE1R3;0;327;15;
RM-60TailleAcWE4R1;0;327;15;
RM-60TailleAcWE4R2;0;327;15;
RM-60TailleAcWE4R3;0;327;15;
RM-60TailleAcWE4R4;0;327;15;
RM-60TailleAcWE4R5;0;327;15;
RM-60TailleAcWE4R6;0;327;15;
RM-60TailleAcWE4R7;0;327;15;
RM-60TailleAcWE4R8;0;327;15;
RM-40TrStWRp7WR4;0;326.29;15;
RM-60TrAcWWR57;0;326;15;
RM-100TailleACE4R11;0;326;15;
RM-100TailleACE4R12;0;326;15;
RM-100TailleACE4R13;0;326;15;
RM-40TrStWRp7WR7;0;325.91;15;
RM-40TrStWRp7WR6;0;325.31;15;
RM-60TrAcWWR53;0;325;15;
RM-60TrAcWWR55;0;325;15;
RM-60TrAcWWR56;0;325;15;
RM-40TrStWRp7WR2;0;324.22;15;
RM-40TrStWRp7WR5;0;324.13;15;
RM-60TrAcWWR54;0;324;15;
RM-60TrAcWWR58;0;324;15;
RM-60TrAcWWR20;0;323.97;15;
RM-60TrAcWWR21;0;323.97;15;
RM-60TrAcWWR22;0;323.97;15;
RM-60TrAcWWR23;0;323.97;15;
RM-60TrAcWWR25;0;323.97;15;
RM-60TrAcWWR27;0;323.97;15;
RM-60TrAcWWR28;0;323.97;15;
RM-40TrStWRp7WR1;0;323.43;15;
RM-80TrWR39;0;323;15;
RM-60TrStSWR0;0;323;15;
RM-60TrStSWR1;0;323;15;
RM-60TrAcWER54;0;323;15;
RM-60TrAcWER59;0;322;15;
RM-80TrWR1;0;321;15;
RM-80TrWR11;0;321;15;
RM-80TrWR12;0;321;15;
RM-80TrWR13;0;321;15;
RM-80TrWR14;0;321;15;
RM-80TrWR15;0;321;15;
RM-80TrWR2;0;321;15;
RM-80TrWR3;0;321;15;
RM-80TrWR4;0;321;15;
RM-80TrWR5;0;321;15;
RM-80TrWR6;0;321;15;
RM-80TrWR32;0;321;15;
RM-80TrWR33;0;321;15;
RM-80TrWR34;0;321;15;
RM-80TrWR35;0;321;15;
RM-80TrWR36;0;321;15;
RM-80TrWR37;0;321;15;
RM-80TrWR38;0;321;15;
RM-60TrAcWER55;0;321;15;
RM-60TrAcWER64;0;321;15;
RM-60TrAcWER65;0;321;15;
RM-60TrAcWER66;0;321;15;
RM-60TrAcWER67;0;321;15;
RM-60TrAcWER68;0;321;15;
RM-60TrAcWER69;0;321;15;
RM-100TailleAWW1R13;0;321;15;
RM-100TailleAWW1R14;0;321;15;
RM-100TailleAWW1R15;0;321;15;
RM-100TailleAWW1R24;0;321;15;
RM-40DecR38;0;320.46;15;
RM-40DecR40;0;320.36;15;
RM-40DecR35;0;320.12;15;
RM-60TrAcWER56;0;320;15;
RM-80TrExWWFR11;0;320;15;
RM-80TrExWWFR12;0;320;15;
RM-80TrExWWFR13;0;320;15;
RM-80TrExWWFR14;0;320;15;
RM-80TrExWWFR15;0;320;15;
RM-80TrExWWFR16;0;320;15;
RM-40DecR158;0;319.68;15;
RM-40DecR157;0;319.2;15;
RM-60TrAcWER58;0;319;15;
RM-60TrAcWER63;0;319;15;
RM-60TailleAcCE6R4;0;319;15;
RM-60TailleAcCE6R5;0;319;15;
RM-60TrAcWER57;0;318;15;
RM-60TrAcWER60;0;318;15;
RM-60TrAcWER61;0;318;15;
RM-80Taille1WT3R1;0;318;15;
RM-80Taille1WT3R10;0;318;15;
RM-80Taille1WT3R11;0;318;15;
RM-80Taille1WT3R2;0;318;15;
RM-80Taille1WT4R1;0;318;15;
RM-80Taille1WT3R12;0;318;15;
RM-80Taille1WT3R3;0;318;15;
RM-80Taille1WT4R2;0;318;15;
RM-80Taille1WT5R1;0;318;15;
RM-80Taille1WT3R13;0;318;15;
RM-80Taille1WT3R4;0;318;15;
RM-80Taille1WT4R3;0;318;15;
RM-80Taille1WT5R2;0;318;15;
RM-80Taille1WT3R14;0;318;15;
RM-80Taille1WT3R5;0;318;15;
RM-80Taille1WT5R3;0;318;15;
RM-80Taille1WT3R15;0;318;15;
RM-80Taille1WT3R6;0;318;15;
RM-80Taille1WT5R4;0;318;15;
RM-80Taille1WT3R7;0;318;15;
RM-80Taille1WT5R5;0;318;15;
RM-80Taille1WT3R8;0;318;15;
RM-80Taille1WT3R9;0;318;15;
RM-40DecR156;0;317.9;15;
RM-60TrAcWER62;0;317;15;
RM-40DecR59;0;316.08;15;
RM-60TailleStNEE4R29;0;316;15;
RM-60TailleStNEE4R30;0;316;15;
RM-60TailleStNEE4R31;0;316;15;
RM-60TailleStNEE4R32;0;316;15;
RM-60TailleStNEE4R33;0;316;15;
RM-60TailleStNEE5R1;0;316;15;
RM-60TailleStNEE5R2;0;316;15;
RM-60TailleStNEE5R3;0;316;15;
RM-60TailleStNEE5R4;0;316;15;
RM-60TailleStNEE5R5;0;316;15;
RM-60TailleStNEE5R6;0;316;15;
RM-60TailleStNEE5R7;0;316;15;
RM-60TailleStNEE5R8;0;316;15;
RM-60TailleStNEE5R9;0;316;15;
RM-60TailleStNEE5R10;0;316;15;
RM-60TailleStNEE5R11;0;316;15;
RM-60TailleStNEE5R12;0;316;15;
RM-60TailleStNEE5R13;0;316;15;
RM-60TailleStNEE5R14;0;316;15;
RM-60TailleStNEE5R15;0;316;15;
RM-60TailleStNEE5R16;0;316;15;
RM-60TailleStNEE5R17;0;316;15;
RM-60TailleStNEE5R18;0;316;15;
RM-60TailleStNEE5R19;0;316;15;
RM-60TailleStNEE5R20;0;316;15;
RM-60TailleStNEE5R21;0;316;15;
RM-60TailleStNEE5R22;0;316;15;
RM-80TrWR10;0;303;15;
RM-80TrWR7;0;303;15;
RM-80TrWR8;0;303;15;
RM-80TrWR9;0;303;15;
RM-70SPL-TRWFR46;0;156;15;
RM-70SPL-TRWFR48;0;156;15;
RM-108-SPB3-FR24;0;143;15;
RM-108-SPB3-FR25;0;143;15;
RM-108-SPB3-FR26;0;143;15;
RM-108-SPB3-FR27;0;143;15;
RM-108-SPB3-FR28;0;143;15;
RM-108-SPB3-FR29;0;143;15;
RM-108-SPB3-FR30;0;143;15;
RM-108-SPB3-FR31;0;143;15;
RM-108-SPB3-FR32;0;143;15;
RM-108-SPB3-FR33;0;143;15;
RM-108-SPB3-FR34;0;143;15;
RM-108-SPB3-FR42;0;143;15;
RM-108-SPB3-FR43;0;143;15;
RM-108-SPB3-FR44;0;143;15;
RM-108-SPB3-FR45;0;143;15;
RM-108-SPB3-FR46;0;143;15;
RM-108-SPB3-FR47;0;143;15;
RM-108-SPB3-FR48;0;143;15;
RM-108-SPB3-FR49;0;143;15;
RM-108-SPB3-FR50;0;143;15;
RM-118-SPB4-FR10;0;143;15;
RM-118-SPB4-FR11;0;143;15;
RM-118-SPB4-FR12;0;143;15;
RM-118-SPB4-FR13;0;143;15;
RM-118-SPB4-FR14;0;143;15;
RM-118-SPB4-FR15;0;143;15;
RM-118-SPB4-FR16;0;143;15;
RM-83-StNE-TREF1;0;133;15;
RM-83-StNE-TREF2;0;133;15;
RM-83-StNE-TREF3;0;133;15;
RM-83-StNE-TREF4;0;133;15;
RM-83-StNE-TREF5;0;133;15;
RM-83-StNE-TREF6;0;133;15;
RM-83-StNE-TREF7;0;133;15;
RM-83-StNE-TREF8;0;133;15;
RM-83-StNE-TREF9;0;133;15;
RM-83-StNE-TREF10;0;133;15;
RMF5;0;20.17;15;
RM-80TailleAcWW1R4;0;333.4;14;
RM-80TailleAcWW1R5;0;333.4;14;
RM-80TailleAcWW1R7;0;333.4;14;
RM-80TailleAcWW1R8;0;333.4;14;
RM-40TailleE1R48;0;331.37;14;
RM-40TailleE1R49;0;330.64;14;
RM-100TailleAWE2R5;0;330.6;14;
RM-100TrWP;0;330;14;
RM-100TrWFR1;0;330;14;
RM-100TrWFR2;0;330;14;
RM-100TrWFR3;0;330;14;
RM-100TrWFR4;0;330;14;
RM-100TrWFR5;0;330;14;
RM-100TrWFR6;0;330;14;
RM-100TrWFR7;0;330;14;
RM-100TrWFR8;0;330;14;
RM-100TrWFR9;0;330;14;
RM-100TrWFR10;0;330;14;
RM-100TrWFR11;0;330;14;
RM-100TrWFR12;0;330;14;
RM-100TrWFR13;0;330;14;
RM-100TrWFR14;0;330;14;
RM-100TrWFR15;0;330;14;
RM-100TrWFR16;0;330;14;
RM-100TrWFR17;0;330;14;
RM-100TrWFR18;0;330;14;
RM-100TrWFR19;0;330;14;
RM-100TrWFR20;0;330;14;
RM-100TrWFR21;0;330;14;
RM-100TrWFR22;0;330;14;
RM-100TrWFR23;0;330;14;
RM-100TrWFR24;0;330;14;
RM-100TrWFR25;0;330;14;
RM-100TrWFR26;0;330;14;
RM-100TrWFR27;0;330;14;
RM-100TrWFR28;0;330;14;
RM-100TrWFR29;0;330;14;
RM-100TrWFR30;0;330;14;
RM-100TrWFR31;0;330;14;
RM-100TrWFR32;0;330;14;
RM-100TrWFR33;0;330;14;
RM-100TrWFR34;0;330;14;
RM-100TrWFR35;0;330;14;
RM-100TrWFR36;0;330;14;
RM-100TrWFR37;0;330;14;
RM-100TrWFR38;0;330;14;
RM-100TrWFR39;0;330;14;
RM-100TrWFR40;0;330;14;
RM-100TrWFR41;0;330;14;
RM-100TrWFR42;0;330;14;
RM-100TrWFR43;0;330;14;
RM-100TrWFR44;0;330;14;
RM-100TrWFR45;0;330;14;
RM-100TrWFR46;0;330;14;
RM-100TrWFR47;0;330;14;
RM-100TrWFR48;0;330;14;
RM-100TrWFR49;0;330;14;
RM-40TailleE1R47;0;328.04;14;
RM-100TailleACW1R18;0;328;14;
RM-100TailleACW1R20;0;328;14;
RM-100TailleACW1R21;0;328;14;
RM-100TailleACW2R1;0;328;14;
RM-100TailleACW2R2;0;328;14;
RM-100TailleACW2R3;0;328;14;
RM-100TailleACW2R4;0;328;14;
RM-100TailleACW2R5;0;328;14;
RM-100TailleACW2R6;0;328;14;
RM-100TailleACW2R11;0;328;14;
RM-100TailleACW2R12;0;328;14;
RM-100TailleACW2R13;0;328;14;
RM-100TailleACW2R14;0;328;14;
RM-40TailleE1R45;0;327.21;14;
RM-40TailleE1R46;0;327.21;14;
RM-40TailleE1R51;0;324.68;14;
RM-80TrAcWR27;0;324;14;
RM-80TrAcWR28;0;324;14;
RM-80TrAcWR29;0;324;14;
RM-80TrAcWR30;0;324;14;
RM-40TailleE1R50;0;323.83;14;
RM-100TailleAWW1R10;0;321;14;
RM-100TailleAWW1R11;0;321;14;
RM-100TailleAWW1R12;0;321;14;
RM-60TailleStSW3R4;0;335;13;
RM-60TailleStSW3R5;0;335;13;
RM-60TailleStSW3R6;0;335;13;
RM-60TailleStSW3R7;0;335;13;
RM-60TailleStSW3R8;0;335;13;
RM-100TailleACW2R7;0;328;13;
RM-100Taille3EAFR27;0;331;12.5;
RM-100Taille3EAFR28;0;331;12.5;
RM-100Taille3EAFR29;0;331;12.5;
RM-100Taille3EAFR30;0;331;12.5;
RM-100Taille3EAFR31;0;331;12.5;
RM-100Taille3EAFR32;0;331;12.5;
RM-100Taille3EAFR33;0;331;12.5;
RM-100Taille3EAFR34;0;331;12.5;
RM-100Taille3EAFR35;0;331;12.5;
RM-100Taille3EAFR37;0;331;12.5;
RM-100Taille3EAFR38;0;331;12.5;
RM-100Taille3EAFR39;0;331;12.5;
RM-100Taille3EAFR40;0;331;12.5;
RM-100Taille3EAFR41;0;331;12.5;
RM-100Taille3EAFR42;0;331;12.5;
RM-100Taille3EAFR43;0;331;12.5;
RM-100Taille3EAFR44;0;331;12.5;
RM-100Taille3EAFR45;0;331;12.5;
RM-100Taille3EAFR46;0;331;12.5;
RM-100Taille3EAFR47;0;331;12.5;
RM-100Taille3EAFR48;0;331;12.5;
RM-100Taille3EAFR49;0;331;12.5;
RM-100Taille3EAFR50;0;331;12.5;
RM-100Taille3EAFR51;0;331;12.5;
RM-100Taille3EAFR52;0;331;12.5;
RM-100Taille3EAFR53;0;331;12.5;
RM-100Taille3EAFR54;0;331;12.5;
RM-100Taille3EAFR55;0;331;12.5;
RM-100Taille3EAFR56;0;331;12.5;
RM-100Taille3EAFR57;0;331;12.5;
RM-100Taille3EAFR58;0;331;12.5;
RM-100Taille3EAFR59;0;331;12.5;
RM-100Taille3EAFR60;0;331;12.5;
RM-100Taille3EAFR61;0;331;12.5;
RM-100Taille3EAFR62;0;331;12.5;
RM-100Taille3EAFR63;0;331;12.5;
RM-80TrWR68;0;342;12;
RM-80TrWR69;0;342;12;
RM-80TrWR70;0;342;12;
RM-80TrWR67;0;339;12;
RM-80TrWR45;0;338;12;
RM-80TrAcER0;0;336;12;
RM-80TrAcWR0;0;336;12;
RM-80TrAcWR1;0;336;12;
RM-80TrAcWR2;0;336;12;
RM-80TrAcWR3;0;336;12;
RM-80TrAcWR4;0;336;12;
RM-80TrAcWR5;0;336;12;
RM-80TrAcWR6;0;336;12;
RM-80TrAcWR7;0;336;12;
RM-80TrAcWR8;0;336;12;
RM-80TrAcWR9;0;336;12;
RM-80TrAcWR10;0;336;12;
RM-80TrAcWR11;0;336;12;
RM-80TrAcWR12;0;336;12;
RM-80TrAcWR13;0;336;12;
RM-80TrAcWR14;0;336;12;
RM-80TrAcWR15;0;336;12;
RM-80TrAcWR16;0;336;12;
RM-80TrWR42;0;335;12;
RM-80TrWR43;0;335;12;
RM-80TrWR44;0;335;12;
RM-80TrWR46;0;334;12;
RM-80TrWR47;0;334;12;
RM-80TrWR48;0;334;12;
RM-80TrWR49;0;334;12;
RM-80TrWR50;0;334;12;
RM-80TrWR51;0;334;12;
RM-80TrWR52;0;334;12;
RM-80TrWR53;0;334;12;
RM-80TrWR54;0;334;12;
RM-80TrWR55;0;334;12;
RM-80TrWR56;0;334;12;
RM-80TrWR57;0;334;12;
RM-80TrWR58;0;334;12;
RM-80TrWR59;0;334;12;
RM-80TrWR60;0;334;12;
RM-80TrWR61;0;334;12;
RM-80TrWR62;0;334;12;
RM-80TrWR63;0;334;12;
RM-80TrWR64;0;334;12;
RM-80TrWR65;0;334;12;
RM-80TrWR66;0;334;12;
RM-60TailleAcWW1R1;0;334;12;
RM-60TailleAcWW1R2;0;334;12;
RM-60TailleAcWW1R3;0;334;12;
RM-60TailleAcWW1R8;0;334;12;
RM-60TailleAcWW1R6;0;334;12;
RM-60TailleAcWW1R4;0;334;12;
RM-60TailleAcWW1R5;0;334;12;
RM-60TailleAcWW1R7;0;334;12;
RM-60TailleAcWW1R9;0;334;12;
RM-60TailleAcWW1R10;0;334;12;
RM-60TailleAcWW1R11;0;334;12;
RM-60TailleAcWW1R12;0;334;12;
RM-60TailleAcWW1R13;0;334;12;
RM-60TailleAcWW1R14;0;334;12;
RM-60TailleAcWW1R15;0;334;12;
RM-60TailleAcWW1R16;0;334;12;
RM-60TailleAcWW1R17;0;334;12;
RM-60TailleAcWW1R18;0;334;12;
RM-60TailleAcWW1R19;0;334;12;
RM-60TailleAcWW1R20;0;334;12;
RM-60TailleAcWW1R21;0;334;12;
RM-60TailleAcWW1R22;0;334;12;
RM-60TailleAcWW1R23;0;334;12;
RM-60TailleAcWW2R2;0;334;12;
RM-60TailleAcWW2R3;0;334;12;
RM-60TailleAcWW2R4;0;334;12;
RM-80TailleAcWW1R1;0;333.4;12;
RM-80TailleAcWW1R2;0;333.4;12;
RM-80TailleAcWW1R3;0;333.4;12;
RM-80TailleAcWW1R6;0;333.4;12;
RM-80TailleAcWW1R9;0;333.4;12;
RM-40DecR132;0;333.34;12;
RM-60TrAcWER29;0;332.09;12;
RM-60TrAcWER30;0;332.09;12;
RM-60TrAcWER31;0;332.09;12;
RM-60TrAcWER32;0;332.09;12;
RM-60TrAcWER33;0;332.09;12;
RM-60TrAcWER34;0;332.09;12;
RM-60TrAcWER35;0;332.09;12;
RM-60TrAcWER36;0;332.09;12;
RM-60TrAcWER37;0;332.09;12;
RM-80TailleAcWE3R18;0;331.5;12;
RM-80TailleAcWE3R19;0;331.5;12;
RM-40DecR131;0;330.5;12;
RM-60TrAcWER38;0;330.3;12;
RM-60TrAcWER39;0;330.3;12;
RM-60TrAcWER40;0;330.3;12;
RM-60TrAcWER41;0;330.3;12;
RM-60TrAcWER42;0;330.3;12;
RM-60TrAcWER43;0;330.3;12;
RM-60TrAcWER44;0;330.3;12;
RM-60TrAcWER45;0;330.3;12;
RM-60TrAcWER46;0;330.3;12;
RM-60TrAcWER47;0;330.3;12;
RM-60TrAcWER48;0;330.3;12;
RM-60TrAcWER49;0;330.3;12;
RM-60TrAcWER50;0;330.3;12;
RM-60TrAcWER51;0;330.3;12;
RM-40DecR136;0;330.11;12;
RM-80TrER26;0;330;12;
RM-80TrER27;0;330;12;
RM-80TrER28;0;330;12;
RM-80TrER29;0;330;12;
RM-60TailleAcCWR26;0;330;12;
RM-60TailleAcCWR27;0;330;12;
RM-60TailleAcCWR28;0;330;12;
RM-60TailleAcCWR29;0;330;12;
RM-60TailleAcCWR37;0;330;12;
RM-60TailleAcCWR38;0;330;12;
RM-60TailleAcCWR39;0;330;12;
RM-60TailleAcCWR40;0;330;12;
RM-60TailleAcCWR41;0;330;12;
RM-40DecR137;0;329.54;12;
RM-40DecR130;0;328.41;12;
RM-40DecR138;0;328.34;12;
RM-100TailleACW1R10;0;328;12;
RM-100TailleACW1R11;0;328;12;
RM-100TailleACW1R12;0;328;12;
RM-100TailleACW1R13;0;328;12;
RM-100TailleACW1R14;0;328;12;
RM-100TailleACW1R15;0;328;12;
RM-100TailleACW1R16;0;328;12;
RM-100TailleACW1R17;0;328;12;
RM-100TailleACE1R17;0;328;12;
RM-100TailleACE1R18;0;328;12;
RM-100TailleACE2R5;0;328;12;
RM-100TailleACW2R8;0;328;12;
RM-100TailleACW2R9;0;328;12;
RM-100TailleACW2R10;0;328;12;
RM-100TailleACE3R5;0;328;12;
RM-100TailleACE3R6;0;328;12;
RM-100TailleACW3R9;0;328;12;
RM-100TailleACW3R10;0;328;12;
RM-100TailleACW3R11;0;328;12;
RM-100TailleACW3R12;0;328;12;
RM-40DecR83;0;327.44;12;
RM-80TrER30;0;327;12;
RM-80TrER31;0;327;12;
RM-80TrER32;0;327;12;
RM-80TrER33;0;327;12;
RM-80TrER34;0;327;12;
RM-80TrER35;0;327;12;
RM-80TrER36;0;327;12;
RM-80TrER37;0;327;12;
RM-80TrER38;0;327;12;
RM-80TrER39;0;327;12;
RM-80TrER40;0;327;12;
RM-80TrER41;0;327;12;
RM-80TrER42;0;327;12;
RM-80TrER43;0;327;12;
RM-60TailleAcWE1R4;0;327;12;
RM-60TailleAcWE1R5;0;327;12;
RM-60TailleAcWE1R6;0;327;12;
RM-60TailleAcWE1R7;0;327;12;
RM-60TailleAcWE1R8;0;327;12;
RM-60TailleAcWE1R9;0;327;12;
RM-60TailleAcWE1R10;0;327;12;
RM-60TailleAcWE1R11;0;327;12;
RM-60TailleAcWE1R12;0;327;12;
RM-60TailleAcWE1R13;0;327;12;
RM-60TailleAcWE1R14;0;327;12;
RM-60TailleAcWE1R15;0;327;12;
RM-60TailleAcWE1R16;0;327;12;
RM-60TailleAcWE1R17;0;327;12;
RM-60TailleAcWE1R18;0;327;12;
RM-60TailleAcWE1R20;0;327;12;
RM-60TailleAcWE1R21;0;327;12;
RM-60TailleAcWE1R22;0;327;12;
RM-60TailleAcWE1R23;0;327;12;
RM-60TailleAcWE1R24;0;327;12;
RM-60TailleAcWE1R25;0;327;12;
RM-60TailleAcWE2R1;0;327;12;
RM-60TailleAcWE2R2;0;327;12;
RM-60TailleAcWE2R3;0;327;12;
RM-60TailleAcWE2R4;0;327;12;
RM-60TailleAcWE2R5;0;327;12;
RM-60TailleAcWE2R12;0;327;12;
RM-60TailleAcWE2R13;0;327;12;
RM-60TailleAcWE2R14;0;327;12;
RM-60TailleAcWE2R15;0;327;12;
RM-60TailleAcWE2R16;0;327;12;
RM-60TailleAcWE2R17;0;327;12;
RM-60TailleAcWE2R18;0;327;12;
RM-60TailleAcWE2R19;0;327;12;
RM-60TailleAcWE2R20;0;327;12;
RM-60TailleAcWE3R1;0;327;12;
RM-60TailleAcWE3R2;0;327;12;
RM-60TailleAcWE3R3;0;327;12;
RM-60TailleAcWE3R4;0;327;12;
RM-60TailleAcWE3R5;0;327;12;
RM-60TailleAcWE3R6;0;327;12;
RM-60TailleAcWE5R9;0;327;12;
RM-60TailleAcWE5R10;0;327;12;
RM-60TailleAcWE5R11;0;327;12;
RM-60TailleAcWE5R12;0;327;12;
RM-60TailleAcWE5R13;0;327;12;
RM-60TailleAcWE5R14;0;327;12;
RM-60TailleAcWE5R15;0;327;12;
RM-60TailleAcWE5R16;0;327;12;
RM-40DecR80;0;326.41;12;
RM-40DecR73;0;326.34;12;
RM-100TailleACE4R1;0;326;12;
RM-100TailleACE4R2;0;326;12;
RM-100TailleACE4R3;0;326;12;
RM-100TailleACE4R4;0;326;12;
RM-60TrAcWER16;0;325.72;12;
RM-60TrAcWER17;0;325.72;12;
RM-60TrAcWER18;0;325.72;12;
RM-60TrAcWER19;0;325.72;12;
RM-60TrAcWER20;0;325.72;12;
RM-60TrAcWER21;0;325.72;12;
RM-60TrAcWER22;0;325.72;12;
RM-60TrAcWER23;0;325.72;12;
RM-60TrAcWER24;0;325.72;12;
RM-60TrAcWER25;0;325.72;12;
RM-60TrAcWER26;0;325.72;12;
RM-60TrAcWER27;0;325.72;12;
RM-60TrAcWER28;0;325.72;12;
RM-57TrWStR98;0;325;12;
RM-57TrWStR99;0;325;12;
RM-80TrAcWR17;0;325;12;
RM-40DecR76;0;324.48;12;
RM-57TrWStR100;0;324;12;
RM-57TrWStR97;0;324;12;
RM-80TrAcWR18;0;324;12;
RM-80TrAcWR19;0;324;12;
RM-80TrAcWR20;0;324;12;
RM-80TrAcWR21;0;324;12;
RM-80TrAcWR22;0;324;12;
RM-80TrAcWR23;0;324;12;
RM-80TrAcWR24;0;324;12;
RM-80TrAcWR25;0;324;12;
RM-80TrAcWR26;0;324;12;
RM-80TrAcWR31;0;324;12;
RM-80TrAcWR32;0;324;12;
RM-80TrAcWR33;0;324;12;
RM-80TrAcWR34;0;324;12;
RM-80TrAcWR35;0;324;12;
RM-60TrAcWER7;0;324;12;
RM-60TrAcWER8;0;324;12;
RM-60TrAcWER9;0;324;12;
RM-60TrAcWER10;0;324;12;
RM-60TrAcWER11;0;324;12;
RM-60TrAcWER12;0;324;12;
RM-60TrAcWER13;0;324;12;
RM-60TrAcWER15;0;324;12;
RM-57TrWStR101;0;322;12;
RM-57TrWStR102;0;322;12;
RM-57TrWStR103;0;322;12;
RM-57TrWStR104;0;322;12;
RM-57TrWStR96;0;321;12;
RM-80TrWR16;0;321;12;
RM-80TrWR17;0;321;12;
RM-80TrWR18;0;321;12;
RM-80TrWR19;0;321;12;
RM-80TrWR20;0;321;12;
RM-80TrWR21;0;321;12;
RM-80TrWR22;0;321;12;
RM-80TrWR23;0;321;12;
RM-80TrWR24;0;321;12;
RM-80TrWR25;0;321;12;
RM-80TrWR26;0;321;12;
RM-80TrWR27;0;321;12;
RM-80TrWR28;0;321;12;
RM-80TrWR29;0;321;12;
RM-80TrWR30;0;321;12;
RM-80TrWR31;0;321;12;
RM-100TailleAWW1R1;0;321;12;
RM-100TailleAWW1R2;0;321;12;
RM-100TailleAWW1R3;0;321;12;
RM-100TailleAWW1R9;0;321;12;
RM-57TrWStR87;0;320.5;12;
RM-57TrWStR88;0;320.5;12;
RM-57TrWStR89;0;320.5;12;
RM-57TrWStR90;0;320.5;12;
RM-57TrWStR91;0;320.5;12;
RM-57TrWStR92;0;320.5;12;
RM-57TrWStR93;0;320.5;12;
RM-57TrWStR94;0;320.5;12;
RM-83-StNE-TREF11;0;310;12;
RM-83-StNE-TREF12;0;310;12;
RM-83-StNE-TREF13;0;310;12;
RM-83-StNE-TREF14;0;310;12;
RM-83-StNE-TREF15;0;310;12;
RM-83-StNE-TREF16;0;310;12;
RM-83-StNE-TREF17;0;310;12;
RM-83-StNE-TREF18;0;310;12;
RM-83-StNE-TREF19;0;310;12;
RM-83-StNE-TREF20;0;310;12;
RM-83-StNE-TREF21;0;310;12;
RM-83-StNE-TREF22;0;310;12;
RM-83-StNE-TREF23;0;310;12;
RM-83-StNE-TREF24;0;310;12;
RM-83-StNE-TREF25;0;310;12;
RM-83-StNE-TREF26;0;310;12;
RM-83-StNE-TREF27;0;310;12;
RM-83-StNE-TREF28;0;310;12;
RM-83-StNE-TREF29;0;310;12;
RM-83-StNE-TREF30;0;310;12;
RM-83-StNE-TREF31;0;310;12;
RM-83-StNE-TREF32;0;310;12;
RM-83-StNE-TREF33;0;310;12;
RM-83-StNE-TREF34;0;310;12;
RM-83-StNE-TREF35;0;310;12;
RM-83-StNE-TREF36;0;310;12;
RM-83-StNE-TREF37;0;310;12;
RM-83-StNE-TREF38;0;310;12;
RM-83-StNE-TREF39;0;310;12;
RM-83-StNE-TREF40;0;310;12;
RM-83-StNE-TREF41;0;310;12;
RM-83-StNE-TREF42;0;310;12;
RM-83-StNE-TREF43;0;310;12;
RM-83-StNE-TREF44;0;310;12;
RM-83-StNE-TREF45;0;310;12;
RM-83-StNE-TREF46;0;310;12;
RM-83-StNE-TREF47;0;310;12;
RM-83-StNE-TREF48;0;310;12;
RM-83-StNE-TREF49;0;310;12;
RM-83-StNE-TREF50;0;310;12;
RM-83-StNE-TREF51;0;310;12;
RM-83-StNE-TREF52;0;310;12;
RM-83-StNE-TREF53;0;310;12;
RM-83-StNE-TREF54;0;310;12;
RM-83-StNE-TREF55;0;310;12;
RM-83-StNE-TREF56;0;310;12;
RM-83-StNE-TREF57;0;310;12;
RM-83-StNE-TREF58;0;310;12;
RM-83-StNE-TREF59;0;310;12;
RM-83-StNE-TREF60;0;310;12;
RM-83-StNE-TREF61;0;310;12;
RM-83-StNE-TREF62;0;310;12;
RM-83-StNE-TREF63;0;310;12;
RM-83-StNE-TREF64;0;310;12;
RM-83-StNE-TRWF3;0;310;12;
RM-83-StNE-TRWF4;0;310;12;
RM-83-StNE-TRWF5;0;310;12;
RM-83-StNE-TRWF6;0;310;12;
RM-83-StNE-TRWF7;0;310;12;
RM-83-StNE-TRWF8;0;310;12;
RM-83-StNE-TRWF9;0;310;12;
RM-83-StNE-TRWF10;0;310;12;
RM-83-StNE-TRWF11;0;310;12;
RM-83-StNE-TRWF12;0;310;12;
RM-83-StNE-TRWF13;0;310;12;
RM-83-StNE-TRWF14;0;310;12;
RM-83-StNE-TRWF16;0;310;12;
RM-83-StNE-TRWF17;0;310;12;
RM-83-StNE-TRWF18;0;310;12;
RM-83-StNE-TRWF19;0;310;12;
RM-83-StNE-TRWF20;0;310;12;
RM-83-StNE-TRWF21;0;310;12;
RM-83-StNE-TRWF22;0;310;12;
RM-83-StNE-TRWF23;0;310;12;
RM-83-StNE-TRWF24;0;310;12;
RM-83-StNE-TRWF25;0;310;12;
RM-83-StNE-TRWF26;0;310;12;
RM-108-SPB3-FR35;0;143;12;
RM-108-SPB3-FR36;0;143;12;
RM-108-SPB3-FR37;0;143;12;
RM-108-SPB3-FR38;0;143;12;
RM-108-SPB3-FR39;0;143;12;
RM-108-SPB3-FR40;0;143;12;
RM-108-SPB3-FR41;0;143;12;
RM-118-SPB4-FR0;0;143;12;
RM-118-SPB4-FR1;0;143;12;
RM-118-SPB4-FR2;0;143;12;
RM-118-SPB4-FR3;0;143;12;
RM-118-SPB4-FR4;0;143;12;
RM-118-SPB4-FR6;0;143;12;
RM-118-SPB4-FR7;0;143;12;
RM-118-SPB4-FR8;0;143;12;
RM-118-SPB4-FR9;0;143;12;
RM-100TailleACE2R6;0;328;11;
RM-100TailleACW3R7;0;328;11;
RM-100TailleACW3R8;0;328;11;
RM-60TailleAcWW1R37;0;334;10;
RM-60TailleAcWW1R38;0;334;10;
RM-60TailleAcWW1R39;0;334;10;
RM-60TailleAcWW1R40;0;334;10;
RM-60TailleAcWW1R41;0;334;10;
RM-60TailleAcWW1R42;0;334;10;
RM-60TailleAcWW2R1;0;334;10;
RM-60TailleAcWW2R13;0;334;10;
RM-60TailleAcWW2R14;0;334;10;
RM-60TailleAcWW2R15;0;334;10;
RM-60TailleAcWW2R16;0;334;10;
RM-60TailleAcWW2R17;0;334;10;
RM-60TailleAcWW5R5;0;334;10;
RM-60TailleAcWW5R6;0;334;10;
RM-60TailleAcWW5R7;0;334;10;
RM-60TailleAcWW5R8;0;334;10;
RM-60TailleAcWW5R9;0;334;10;
RM-60TailleAcWW5R10;0;334;10;
RM-60TailleAcWW5R11;0;334;10;
RM-60TailleAcWW5R12;0;334;10;
RM-60TailleAcWW5R13;0;334;10;
RM-60TailleAcWW5R14;0;334;10;
RM-60TailleAcWW5R15;0;334;10;
RM-60TailleAcWW5R20;0;334;10;
RM-60TailleAcWW5R21;0;334;10;
RM-60TailleAcWW5R22;0;334;10;
RM-60TailleAcWW5R23;0;334;10;
RM-60TailleAcWW5R24;0;334;10;
RM-60TailleAcWW5R25;0;334;10;
RM-60TailleAcWW5R26;0;334;10;
RM-60TailleAcWW5R27;0;334;10;
RM-60TailleAcWW5R28;0;334;10;
RM-60TailleAcWW5R29;0;334;10;
RM-80TailleAcWW1R10;0;333.4;10;
RM-80TailleAcWW1R11;0;333.4;10;
RM-80TailleAcWW1R12;0;333.4;10;
RM-80TailleAcWW1R13;0;333.4;10;
RM-80TailleAcWW1R14;0;333.4;10;
RM-80TailleAcWW1R15;0;333.4;10;
RM-80TailleAcWW1R16;0;333.4;10;
RM-80TailleAcWW1R17;0;333.4;10;
RM-80TailleAcWW1R18;0;333.4;10;
RM-80TailleAcWW1R19;0;333.4;10;
RM-80TailleAcWW1R20;0;333.4;10;
RM-80TailleAcWW1R21;0;333.4;10;
RM-80TailleAcWW1R22;0;333.4;10;
RM-80TailleAcWW1R23;0;333.4;10;
RM-80TailleAcWW1R24;0;333.4;10;
RM-80TailleAcWW1R25;0;333.4;10;
RM-80TailleAcWW1R28;0;333.4;10;
RM-80TailleAcWW2R16;0;333.4;10;
RM-80TailleAcWW2R17;0;333.4;10;
RM-80TailleAcWW2R18;0;333.4;10;
RM-80TailleAcWW2R19;0;333.4;10;
RM-80TailleAcWW2R20;0;333.4;10;
RM-80TailleAcWW2R21;0;333.4;10;
RM-80TailleAcWW2R22;0;333.4;10;
RM-80TailleAcWW2R23;0;333.4;10;
RM-80TailleAcWW2R24;0;333.4;10;
RM-80TailleAcWW2R25;0;333.4;10;
RM-80TailleAcWW2R26;0;333.4;10;
RM-80TailleAcWW2R27;0;333.4;10;
RM-80TailleAcWW2R28;0;333.4;10;
RM-80TailleAcWW2R29;0;333.4;10;
RM-80TailleAcWW2R30;0;333.4;10;
RM-80TailleAcWW2R31;0;333.4;10;
RM-80TailleAcWW2R32;0;333.4;10;
RM-80TailleAcWW2R33;0;333.4;10;
RM-80TailleAcWW3R1;0;333.4;10;
RM-80TailleAcWW3R2;0;333.4;10;
RM-80TailleAcWW3R3;0;333.4;10;
RM-80TailleAcWW3R4;0;333.4;10;
RM-80TailleAcWW3R5;0;333.4;10;
RM-80TailleAcWW3R6;0;333.4;10;
RM-80TailleAcWW3R18;0;333.4;10;
RM-80TailleAcWW3R19;0;333.4;10;
RM-80TailleAcWW3R21;0;333.4;10;
RM-80TailleAcWW3R22;0;333.4;10;
RM-80TailleAcWW3R23;0;333.4;10;
RM-80TailleAcWW3R24;0;333.4;10;
RM-80TailleAcWW3R25;0;333.4;10;
RM-80TailleAcWW3R26;0;333.4;10;
RM-80TailleAcWW3R27;0;333.4;10;
RM-80TailleAcWW3R28;0;333.4;10;
RM-80TailleAcWW3R29;0;333.4;10;
RM-80TailleAcWW3R30;0;333.4;10;
RM-80TailleAcWW3R31;0;333.4;10;
RM-80TailleAcWW3R32;0;333.4;10;
RM-80TailleAcWW3R33;0;333.4;10;
RM-80TailleAcWW3R34;0;333.4;10;
RM-80TailleAcWW3R35;0;333.4;10;
RM-80TailleAcWW3R36;0;333.4;10;
RM-80TailleAcWW4R1;0;333.4;10;
RM-80TailleAcWW4R2;0;333.4;10;
RM-80TailleAcWW4R3;0;333.4;10;
RM-80TailleAcWW4R4;0;333.4;10;
RM-80TailleAcWW4R5;0;333.4;10;
RM-80TailleAcWW4R6;0;333.4;10;
RM-80TailleAcWW4R7;0;333.4;10;
RM-80TailleAcWW4R8;0;333.4;10;
RM-80TailleAcWW4R9;0;333.4;10;
RM-80TailleAcWW4R10;0;333.4;10;
RM-80TailleAcWW4R11;0;333.4;10;
RM-80TailleAcWW4R12;0;333.4;10;
RM-80TailleAcWW4R13;0;333.4;10;
RM-80TailleAcWW4R14;0;333.4;10;
RM-80TailleAcWW4R15;0;333.4;10;
RM-80TailleAcWW4R16;0;333.4;10;
RM-80TailleAcWW5R1;0;333.4;10;
RM-80TailleAcWW5R2;0;333.4;10;
RM-80TailleAcWW5R3;0;333.4;10;
RM-80TailleAcWW5R4;0;333.4;10;
RM-80TailleAcWW5R5;0;333.4;10;
RM-80TailleAcWW5R6;0;333.4;10;
RM-80TailleAcWW5R7;0;333.4;10;
RM-80TailleAcWW5R8;0;333.4;10;
RM-80TailleAcWW5R9;0;333.4;10;
RM-80TailleAcWW5R10;0;333.4;10;
RM-80TailleAcWW5R11;0;333.4;10;
RM-80TailleAcWW5R12;0;333.4;10;
RM-80TailleAcWW5R13;0;333.4;10;
RM-80TailleAcWW5R14;0;333.4;10;
RM-80TailleAcWW5R15;0;333.4;10;
RM-80TailleAcWW5R16;0;333.4;10;
RM-80TailleAcWW5R17;0;333.4;10;
RM-80TailleAcWW5R18;0;333.4;10;
RM-80TailleAcWW5R19;0;333.4;10;
RM-80TailleAcWW5R20;0;333.4;10;
RM-80TailleAcWW5R21;0;333.4;10;
RM-80TailleAcWW5R22;0;333.4;10;
RM-80TailleAcWW5R23;0;333.4;10;
RM-80TailleAcWW5R24;0;333.4;10;
RM-80TailleAcWW5R25;0;333.4;10;
RM-80TailleAcWW5R26;0;333.4;10;
RM-80TailleAcWW5R27;0;333.4;10;
RM-80TailleAcWW5R28;0;333.4;10;
RM-80TailleAcWW5R29;0;333.4;10;
RM-80TailleAcWW5R30;0;333.4;10;
RM-80TailleAcWW5R31;0;333.4;10;
RM-80TailleAcWW5R32;0;333.4;10;
RM-80TailleAcWW5R33;0;333.4;10;
RM-80TailleAcWW5R34;0;333.4;10;
RM-80TailleAcWW5R35;0;333.4;10;
RM-80TailleAcWW5R36;0;333.4;10;
RM-80TailleAcWW5R37;0;333.4;10;
RM-80TailleAcWW5R38;0;333.4;10;
RM-80TailleAcWW5R39;0;333.4;10;
RM-80TailleAcWW5R40;0;333.4;10;
RM-80TailleAcWW5R41;0;333.4;10;
RM-80TailleAcWW5R42;0;333.4;10;
RM-80TailleAcWW5R43;0;333.4;10;
RM-80TailleAcWW5R44;0;333.4;10;
RM-80TailleAcWW6R1;0;333.4;10;
RM-80TailleAcWW6R2;0;333.4;10;
RM-80TailleAcWW6R3;0;333.4;10;
RM-80TailleAcWW6R4;0;333.4;10;
RM-80TailleAcWW6R5;0;333.4;10;
RM-80TailleAcWW6R6;0;333.4;10;
RM-80TailleAcWW6R7;0;333.4;10;
RM-80TailleAcWW6R8;0;333.4;10;
RM-80TailleAcWW6R9;0;333.4;10;
RM-80TailleAcWW6R10;0;333.4;10;
RM-80TailleAcWW6R11;0;333.4;10;
RM-80TailleAcWW6R12;0;333.4;10;
RM-80TailleAcWW6R13;0;333.4;10;
RM-80TailleAcWW6R14;0;333.4;10;
RM-80TailleAcWW6R15;0;333.4;10;
RM-80TailleAcWW6R16;0;333.4;10;
RM-80TailleAcWW6R17;0;333.4;10;
RM-80TailleAcWW6R18;0;333.4;10;
RM-80TailleAcWW6R19;0;333.4;10;
RM-80TailleAcWW6R20;0;333.4;10;
RM-80TailleAcWW6R21;0;333.4;10;
RM-80TailleAcWW6R22;0;333.4;10;
RM-80TailleAcWW6R23;0;333.4;10;
RM-80TailleAcWW6R24;0;333.4;10;
RM-80TailleAcWW6R25;0;333.4;10;
RM-80TailleAcWW6R26;0;333.4;10;
RM-80TailleAcWW6R27;0;333.4;10;
RM-80TailleAcWW6R28;0;333.4;10;
RM-80TailleAcWW6R29;0;333.4;10;
RM-80TailleAcWW6R30;0;333.4;10;
RM-80TailleAcWW6R31;0;333.4;10;
RM-80TailleAcWW6R32;0;333.4;10;
RM-80TailleAcWW6R33;0;333.4;10;
RM-80TailleAcWW6R34;0;333.4;10;
RM-80TailleAcWW6R37;0;333.4;10;
RM-80TailleAcWW6R38;0;333.4;10;
RM-80TailleAcWW6R41;0;333.4;10;
RM-80TailleAcWW6R43;0;333.4;10;
RM-80TailleAcWW6R44;0;333.4;10;
RM-80TailleAcWW6R45;0;333.4;10;
RM-80TailleAcWW6R47;0;333.4;10;
RM-80TailleAcWW7R1;0;333.4;10;
RM-80TailleAcWW7R2;0;333.4;10;
RM-80TailleAcWW7R3;0;333.4;10;
RM-80TailleAcWW7R4;0;333.4;10;
RM-80TailleAcWW7R5;0;333.4;10;
RM-80TailleAcWW7R6;0;333.4;10;
RM-80TailleAcWW7R7;0;333.4;10;
RM-80TailleAcWW7R8;0;333.4;10;
RM-80TailleAcWW7R9;0;333.4;10;
RM-80TailleAcWW7R10;0;333.4;10;
RM-80TailleAcWW7R11;0;333.4;10;
RM-80TailleAcWW7R12;0;333.4;10;
RM-80TailleAcWW7R13;0;333.4;10;
RM-80TailleAcWW7R14;0;333.4;10;
RM-80TailleAcWW7R15;0;333.4;10;
RM-80TailleAcWW7R16;0;333.4;10;
RM-80TailleAcWW7R17;0;333.4;10;
RM-80TailleAcWW7R18;0;333.4;10;
RM-80TailleAcWW7R19;0;333.4;10;
RM-80TailleAcWW7R20;0;333.4;10;
RM-80TailleAcWW7R21;0;333.4;10;
RM-80TailleAcWW7R22;0;333.4;10;
RM-80TailleAcWW7R23;0;333.4;10;
RM-80TailleAcWW7R24;0;333.4;10;
RM-80TailleAcWW7R25;0;333.4;10;
RM-80TailleAcWW7R26;0;333.4;10;
RM-80TailleAcWW6R35;0;333.4;10;
RM-80TailleAcWW6R36;0;333.4;10;
RM-80TailleAcWW6R39;0;333.4;10;
RM-80TailleAcWW6R40;0;333.4;10;
RM-80TailleAcWW6R42;0;333.4;10;
RM-80TailleAcWW6R46;0;333.4;10;
RM-80TailleAcWW6R48;0;333.4;10;
RM-80TailleAcWW6R49;0;333.4;10;
RM-80TailleAcWW6R50;0;333.4;10;
RM-80TailleAcWW6R51;0;333.4;10;
RM-80TailleAcWW7R27;0;333.4;10;
RM-80TailleAcWW7R28;0;333.4;10;
RM-80TailleAcWW7R29;0;333.4;10;
RM-80TailleAcWW7R30;0;333.4;10;
RM-80TailleAcWW7R31;0;333.4;10;
RM-80TailleAcWW8R1;0;333.4;10;
RM-80TailleAcWW8R2;0;333.4;10;
RM-80TailleAcWW8R3;0;333.4;10;
RM-80TailleAcWW8R4;0;333.4;10;
RM-80TailleAcWW8R5;0;333.4;10;
RM-80TailleAcWW8R6;0;333.4;10;
RM-80TailleAcWW8R7;0;333.4;10;
RM-80TailleAcWW8R8;0;333.4;10;
RM-80TailleAcWW8R9;0;333.4;10;
RM-80TailleAcWE1R5;0;331.5;10;
RM-80TailleAcWE1R6;0;331.5;10;
RM-80TailleAcWE1R7;0;331.5;10;
RM-80TailleAcWE1R8;0;331.5;10;
RM-80TailleAcWE1R9;0;331.5;10;
RM-80TailleAcWE1R10;0;331.5;10;
RM-80TailleAcWE1R17;0;331.5;10;
RM-80TailleAcWE1R18;0;331.5;10;
RM-80TailleAcWE1R19;0;331.5;10;
RM-80TailleAcWE1R20;0;331.5;10;
RM-80TailleAcWE1R21;0;331.5;10;
RM-80TailleAcWE2R3;0;331.5;10;
RM-80TailleAcWE2R4;0;331.5;10;
RM-80TailleAcWE2R5;0;331.5;10;
RM-80TailleAcWE2R6;0;331.5;10;
RM-80TailleAcWE2R7;0;331.5;10;
RM-80TailleAcWE2R8;0;331.5;10;
RM-80TailleAcWE2R9;0;331.5;10;
RM-80TailleAcWE2R10;0;331.5;10;
RM-80TailleAcWE2R12;0;331.5;10;
RM-80TailleAcWE2R13;0;331.5;10;
RM-80TailleAcWE2R14;0;331.5;10;
RM-80TailleAcWE2R15;0;331.5;10;
RM-80TailleAcWE2R16;0;331.5;10;
RM-80TailleAcWE2R17;0;331.5;10;
RM-80TailleAcWE2R18;0;331.5;10;
RM-80TailleAcWE2R19;0;331.5;10;
RM-80TailleAcWE2R20;0;331.5;10;
RM-80TailleAcWE2R21;0;331.5;10;
RM-80TailleAcWE2R22;0;331.5;10;
RM-80TailleAcWE2R23;0;331.5;10;
RM-80TailleAcWE3R1;0;331.5;10;
RM-80TailleAcWE3R2;0;331.5;10;
RM-80TailleAcWE3R3;0;331.5;10;
RM-80TailleAcWE3R4;0;331.5;10;
RM-80TailleAcWE3R5;0;331.5;10;
RM-80TailleAcWE3R6;0;331.5;10;
RM-80TailleAcWE3R7;0;331.5;10;
RM-80TailleAcWE3R8;0;331.5;10;
RM-80TailleAcWE3R9;0;331.5;10;
RM-80TailleAcWE3R10;0;331.5;10;
RM-80TailleAcWE3R11;0;331.5;10;
RM-80TailleAcWE3R12;0;331.5;10;
RM-80TailleAcWE3R13;0;331.5;10;
RM-80TailleAcWE3R14;0;331.5;10;
RM-80TailleAcWE3R15;0;331.5;10;
RM-80TailleAcWE3R16;0;331.5;10;
RM-80TailleAcWE3R17;0;331.5;10;
RM-80TailleAcWE4R1;0;331.5;10;
RM-80TailleAcWE4R2;0;331.5;10;
RM-80TailleAcWE4R3;0;331.5;10;
RM-80TailleAcWE4R4;0;331.5;10;
RM-80TailleAcWE4R5;0;331.5;10;
RM-80TailleAcWE4R6;0;331.5;10;
RM-80TailleAcWE4R7;0;331.5;10;
RM-80TailleAcWE4R8;0;331.5;10;
RM-80TailleAcWE4R9;0;331.5;10;
RM-80TailleAcWE4R10;0;331.5;10;
RM-80TailleAcWE4R11;0;331.5;10;
RM-80TailleAcWE4R12;0;331.5;10;
RM-80TailleAcWE5R1;0;331.5;10;
RM-80TailleAcWE5R2;0;331.5;10;
RM-80TailleAcWE5R3;0;331.5;10;
RM-80TailleAcWE5R4;0;331.5;10;
RM-80TailleAcWE5R5;0;331.5;10;
RM-80TailleAcWE5R6;0;331.5;10;
RM-80TailleAcWE5R7;0;331.5;10;
RM-80TailleAcWE5R8;0;331.5;10;
RM-80TailleAcWE5R9;0;331.5;10;
RM-80TailleAcWE5R10;0;331.5;10;
RM-80TailleAcWE5R11;0;331.5;10;
RM-80TailleAcWE5R12;0;331.5;10;
RM-80TailleAcWE5R13;0;331.5;10;
RM-80TailleAcWE5R14;0;331.5;10;
RM-80TailleAcWE5R15;0;331.5;10;
RM-80TailleAcWE5R16;0;331.5;10;
RM-80TailleAcWE5R17;0;331.5;10;
RM-80TailleAcWE6R1;0;331.5;10;
RM-80TailleAcWE6R2;0;331.5;10;
RM-80TailleAcWE6R3;0;331.5;10;
RM-80TailleAcWE6R4;0;331.5;10;
RM-80TailleAcWE6R5;0;331.5;10;
RM-100TrAcWEFR1;0;330.6;10;
RM-100TrAcWEFR2;0;330.6;10;
RM-100TrAcWEFR3;0;330.6;10;
RM-100TrAcWEFR4;0;330.6;10;
RM-100TrAcWWFR1;0;330.6;10;
RM-100TrAcWWFR2;0;330.6;10;
RM-100TrAcWWFR3;0;330.6;10;
RM-100TrAcWWFR4;0;330.6;10;
RM-100TrAcWWFR5;0;330.6;10;
RM-100TrAcWEFR5;0;330.6;10;
RM-100TrAcWEFR6;0;330.6;10;
RM-100TrAcWEFR7;0;330.6;10;
RM-100TrAcWEFR8;0;330.6;10;
RM-100TrAcWEFR9;0;330.6;10;
RM-100TrAcWEFR10;0;330.6;10;
RM-100TrAcWEFR11;0;330.6;10;
RM-100TrAcWEFR12;0;330.6;10;
RM-100TrAcWEFR13;0;330.6;10;
RM-100TrAcWEFR14;0;330.6;10;
RM-100TrAcWEFR15;0;330.6;10;
RM-100TrAcWEFR16;0;330.6;10;
RM-100TrAcWEFR17;0;330.6;10;
RM-100TrAcWEFR18;0;330.6;10;
RM-100TrAcWEFR19;0;330.6;10;
RM-100TrAcWEFR20;0;330.6;10;
RM-100TrAcWEFR21;0;330.6;10;
RM-100TrAcWEFR22;0;330.6;10;
RM-100TailleAWE1R5;0;330.6;10;
RM-100TailleAWE1R6;0;330.6;10;
RM-100TailleAWE2R1;0;330.6;10;
RM-100TailleAWE2R2;0;330.6;10;
RM-100TailleAWE2R3;0;330.6;10;
RM-100TailleAWE2R4;0;330.6;10;
RM-60TailleAcCWR30;0;330;10;
RM-60TailleAcCWR31;0;330;10;
RM-60TailleAcCWR36;0;330;10;
RM-100TrEFR26;0;330;10;
RM-60TailleAcCWR42;0;330;10;
RM-60TailleAcCWR43;0;330;10;
RM-60TailleAcCWR44;0;330;10;
RM-60TailleAcCWR45;0;330;10;
RM-60TailleAcCWR46;0;330;10;
RM-60TailleAcCWR47;0;330;10;
RM-60TailleAcCWR48;0;330;10;
RM-60TailleAcCWR49;0;330;10;
RM-60TailleAcCW2R1;0;330;10;
RM-60TailleAcCW2R2;0;330;10;
RM-60TailleAcCW2R3;0;330;10;
RM-60TailleAcCW2R4;0;330;10;
RM-60TailleAcCW2R5;0;330;10;
RM-60TailleAcCW2R6;0;330;10;
RM-60TailleAcCW2R7;0;330;10;
RM-60TailleAcCW2R8;0;330;10;
RM-60TailleAcCW2R9;0;330;10;
RM-60TailleAcCW2R10;0;330;10;
RM-60TailleAcCW2R11;0;330;10;
RM-60TailleAcCW2R12;0;330;10;
RM-60TailleAcCW2R13;0;330;10;
RM-60TailleAcCW2R14;0;330;10;
RM-60TailleAcCW2R15;0;330;10;
RM-60TailleAcCW2R16;0;330;10;
RM-60TailleAcCW2R17;0;330;10;
RM-60TailleAcCW2R18;0;330;10;
RM-60TailleAcCW2R19;0;330;10;
RM-60TailleAcCW2R20;0;330;10;
RM-60TailleAcCW2R21;0;330;10;
RM-60TailleAcCW2R22;0;330;10;
RM-60TailleAcCW2R23;0;330;10;
RM-60TailleAcCW2R24;0;330;10;
RM-60TailleAcCW2R25;0;330;10;
RM-60TailleAcCW2R26;0;330;10;
RM-60TailleAcCW2R27;0;330;10;
RM-60TailleAcCW2R28;0;330;10;
RM-60TailleAcCW2R29;0;330;10;
RM-60TailleAcCW2R30;0;330;10;
RM-60TailleAcCW2R31;0;330;10;
RM-60TailleAcCW2R32;0;330;10;
RM-60TailleAcCW2R33;0;330;10;
RM-60TailleAcCW2R34;0;330;10;
RM-60TailleAcCW3R1;0;330;10;
RM-60TailleAcCW3R2;0;330;10;
RM-60TailleAcCW3R3;0;330;10;
RM-60TailleAcCW3R4;0;330;10;
RM-60TailleAcCW3R5;0;330;10;
RM-60TailleAcCW3R6;0;330;10;
RM-60TailleAcCW3R7;0;330;10;
RM-60TailleAcCW3R8;0;330;10;
RM-60TailleAcCW3R9;0;330;10;
RM-60TailleAcCW3R10;0;330;10;
RM-60TailleAcCW3R11;0;330;10;
RM-60TailleAcCW3R12;0;330;10;
RM-60TailleAcCW3R13;0;330;10;
RM-60TailleAcCW3R14;0;330;10;
RM-60TailleAcCW4R1;0;330;10;
RM-60TailleAcCW4R2;0;330;10;
RM-60TailleAcCW4R3;0;330;10;
RM-60TailleAcCW4R4;0;330;10;
RM-60TailleAcCW4R5;0;330;10;
RM-60TailleAcCW4R6;0;330;10;
RM-60TailleAcCW4R7;0;330;10;
RM-60TailleAcCW4R8;0;330;10;
RM-60TailleAcCW4R9;0;330;10;
RM-60TailleAcCW4R10;0;330;10;
RM-60TailleAcCW4R11;0;330;10;
RM-60TailleAcCW4R12;0;330;10;
RM-60TailleAcCW4R13;0;330;10;
RM-60TailleAcCW4R14;0;330;10;
RM-60TailleAcCW4R15;0;330;10;
RM-60TailleAcCW4R16;0;330;10;
RM-60TailleAcCW4R17;0;330;10;
RM-60TailleAcCW4R18;0;330;10;
RM-60TailleAcCW4R19;0;330;10;
RM-60TailleAcCW4R20;0;330;10;
RM-60TailleAcCW4R21;0;330;10;
RM-60TailleAcCW7R1;0;330;10;
RM-60TailleAcCW7R2;0;330;10;
RM-60TailleAcCW7R5;0;330;10;
RM-60TailleAcCW7R7;0;330;10;
RM-60TailleAcCW7R8;0;330;10;
RM-60TailleAcCW7R9;0;330;10;
RM-60TailleAcCW7R10;0;330;10;
RM-100TrEP;0;330;10;
RM-100TrEFR1;0;330;10;
RM-100TrEFR2;0;330;10;
RM-100TrEFR3;0;330;10;
RM-100TrEFR4;0;330;10;
RM-100TrEFR5;0;330;10;
RM-100TrEFR6;0;330;10;
RM-100TrEFR7;0;330;10;
RM-100TrEFR8;0;330;10;
RM-100TrEFR9;0;330;10;
RM-100TrEFR10;0;330;10;
RM-100TrEFR11;0;330;10;
RM-100TrEFR12;0;330;10;
RM-100TrEFR13;0;330;10;
RM-100TrEFR14;0;330;10;
RM-100TrEFR15;0;330;10;
RM-100TrEFR16;0;330;10;
RM-100TrEFR17;0;330;10;
RM-100TrEFR18;0;330;10;
RM-100TrEFR19;0;330;10;
RM-100TrEFR20;0;330;10;
RM-100TrEFR21;0;330;10;
RM-100TrEFR22;0;330;10;
RM-100TrEFR23;0;330;10;
RM-100TrEFR24;0;330;10;
RM-100TrEFR25;0;330;10;
RM-100TrEFR27;0;330;10;
RM-100TrEFR28;0;330;10;
RM-100TrEFR29;0;330;10;
RM-100TrEFR30;0;330;10;
RM-100TrEFR31;0;330;10;
RM-100TrEFR32;0;330;10;
RM-100TrEFR33;0;330;10;
RM-100TrEFR34;0;330;10;
RM-100TrEFR35;0;330;10;
RM-100TrEFR36;0;330;10;
RM-100TrEFR37;0;330;10;
RM-100TrEFR38;0;330;10;
RM-100TrEFR39;0;330;10;
RM-100TrEFR40;0;330;10;
RM-100TailleAWW2R1;0;330;10;
RM-100TailleAWW2R2;0;330;10;
RM-100TailleAWW2R3;0;330;10;
RM-100TailleAWW2R4;0;330;10;
RM-100TailleAWW2R5;0;330;10;
RM-100TailleAWW2R6;0;330;10;
RM-100TailleAWW2R7;0;330;10;
RM-100TailleAWW2R8;0;330;10;
RM-100TailleAWW2R9;0;330;10;
RM-100TailleAWW2R10;0;330;10;
RM-100TailleAWW2R11;0;330;10;
RM-100TailleACW1R1;0;328;10;
RM-100TailleACW1R2;0;328;10;
RM-100TailleACW1R3;0;328;10;
RM-100TailleACW1R4;0;328;10;
RM-100TailleACW1R5;0;328;10;
RM-100TailleACW1R6;0;328;10;
RM-100TailleACW1R7;0;328;10;
RM-100TailleACW1R8;0;328;10;
RM-100TailleACW1R9;0;328;10;
RM-100TailleACW1R19;0;328;10;
RM-100TailleACE1R13;0;328;10;
RM-100TailleACE1R16;0;328;10;
RM-100TailleACE1R21;0;328;10;
RM-100TailleACE2R4;0;328;10;
RM-100TailleACE2R7;0;328;10;
RM-100TailleACE2R8;0;328;10;
RM-100TailleACE3R1;0;328;10;
RM-100TailleACE3R2;0;328;10;
RM-100TailleACE3R9;0;328;10;
RM-100TailleACE3R10;0;328;10;
RM-100TailleACE3R11;0;328;10;
RM-100TailleACW3R1;0;328;10;
RM-100TailleACW3R2;0;328;10;
RM-100TailleACW3R3;0;328;10;
RM-100TailleACW3R4;0;328;10;
RM-100TailleACW3R5;0;328;10;
RM-100TailleACW3R6;0;328;10;
RM-60TailleAcWE2R6;0;327;10;
RM-60TailleAcWE2R7;0;327;10;
RM-60TailleAcWE2R8;0;327;10;
RM-60TailleAcWE2R9;0;327;10;
RM-60TailleAcWE2R10;0;327;10;
RM-60TailleAcWE2R11;0;327;10;
RM-60TailleAcWE3R7;0;327;10;
RM-60TailleAcWE3R8;0;327;10;
RM-60TailleAcWE3R9;0;327;10;
RM-60TailleAcWE3R10;0;327;10;
RM-60TailleAcWE3R11;0;327;10;
RM-60TailleAcWE3R12;0;327;10;
RM-60TailleAcWE3R13;0;327;10;
RM-60TailleAcWE3R14;0;327;10;
RM-60TailleAcWE3R15;0;327;10;
RM-60TailleAcWE3R16;0;327;10;
RM-60TailleAcWE3R17;0;327;10;
RM-60TailleAcWE3R18;0;327;10;
RM-60TailleAcWE3R19;0;327;10;
RM-60TailleAcWE3R20;0;327;10;
RM-60TailleAcWE5R1;0;327;10;
RM-60TailleAcWE5R2;0;327;10;
RM-60TailleAcWE5R3;0;327;10;
RM-60TailleAcWE5R4;0;327;10;
RM-60TailleAcWE5R5;0;327;10;
RM-60TailleAcWE5R6;0;327;10;
RM-60TailleAcWE5R7;0;327;10;
RM-60TailleAcWE5R8;0;327;10;
RM-60TailleAcWE8R21;0;327;10;
RM-60TailleAcWE8R22;0;327;10;
RM-60TailleAcWE8R23;0;327;10;
RM-60TailleAcWE8R24;0;327;10;
RM-60TailleAcWE8R25;0;327;10;
RM-60TailleAcWE8R26;0;327;10;
RM-60TailleAcWE8R27;0;327;10;
RM-60TailleAcWE8R28;0;327;10;
RM-60TailleAcWE8R29;0;327;10;
RM-60TailleAcWE8R30;0;327;10;
RM-60TailleAcWE8R31;0;327;10;
RM-60TailleAcWE8R32;0;327;10;
RM-60TailleAcWE8R33;0;327;10;
RM-60TrAcWWR0;0;326;10;
RM-60TrAcWWR2;0;326;10;
RM-60TrAcWWR3;0;326;10;
RM-60TrAcWWR4;0;326;10;
RM-60TrAcWWR15;0;326;10;
RM-60TrAcWWR16;0;326;10;
RM-60TrAcWWR17;0;326;10;
RM-60TrAcWWR18;0;326;10;
RM-60TrAcWWR19;0;326;10;
RM-100TailleACE4R5;0;326;10;
RM-100TailleACE4R6;0;326;10;
RM-100TailleACE4R7;0;326;10;
RM-125Taille1TrEPE;0;326;10;
RM-125Taille1TrEFR1;0;326;10;
RM-125Taille1TrEFR10;0;326;10;
RM-125Taille1TrEFR11;0;326;10;
RM-70SPL-TREFR6;0;160;10;
RM-125Taille1TrEFR2;0;326;10;
RM-125Taille1TrEFR20;0;326;10;
RM-125Taille1TrEFR12;0;326;10;
RM-125Taille1TrEFR21;0;326;10;
RM-125Taille1TrEFR3;0;326;10;
RM-125Taille1TrEFR13;0;326;10;
RM-125Taille1TrEFR22;0;326;10;
RM-125Taille1TrEFR4;0;326;10;
RM-125Taille1TrEFR14;0;326;10;
RM-125Taille1TrEFR23;0;326;10;
RM-125Taille1TrEFR5;0;326;10;
RM-125Taille1TrEFR15;0;326;10;
RM-125Taille1TrEFR24;0;326;10;
RM-125Taille1TrEFR6;0;326;10;
RM-125Taille1TrEFR16;0;326;10;
RM-125Taille1TrEFR25;0;326;10;
RM-125Taille1TrEFR7;0;326;10;
RM-125Taille1TrEFR17;0;326;10;
RM-125Taille1TrEFR26;0;326;10;
RM-125Taille1TrEFR8;0;326;10;
RM-125Taille1TrEFR18;0;326;10;
RM-125Taille1TrEFR27;0;326;10;
RM-125Taille1TrEFR9;0;326;10;
RM-125Taille1TrEFR19;0;326;10;
RM-125Taille1TrEFR28;0;326;10;
RM-67-StNE-TREFR56;0;326;10;
RM-67-StNE-TREFR57;0;326;10;
RM-67-StNE-TREFR58;0;326;10;
RM-67-StNE-TREFR59;0;326;10;
RM-67-StNE-TREFR60;0;326;10;
RM-67-StNE-TREFR61;0;326;10;
RM-67-StNE-TREFR62;0;326;10;
RM-67-StNE-TREFR63;0;326;10;
RM-67-StNE-TREFR64;0;326;10;
RM-67-StNE-TREFR65;0;326;10;
RM-67-StNE-TREFR66;0;326;10;
RM-67-StNE-TREFR67;0;326;10;
RM-67-StNE-TREFR68;0;326;10;
RM-67-StNE-TREFR69;0;326;10;
RM-67-StNE-TREFR70;0;326;10;
RM-67-StNE-TREFR71;0;326;10;
RM-67-StNE-TREFR72;0;326;10;
RM-67-StNE-TREFR73;0;326;10;
RM-67-StNE-TREFR74;0;326;10;
RM-67-StNE-TREFR75;0;326;10;
RM-67-StNE-TREFR76;0;326;10;
RM-67-StNE-TREFR77;0;326;10;
RM-67-StNE-TREFR78;0;326;10;
RM-67-StNE-TREFR79;0;326;10;
RM-67-StNE-TREFR80;0;326;10;
RM-67-StNE-TREFR81;0;326;10;
RM-67-StNE-TREFR82;0;326;10;
RM-67-StNE-TREFR83;0;326;10;
RM-67-StNE-TREFR84;0;326;10;
RM-67-StNE-TREFR85;0;326;10;
RM-67-StNE-TREFR86;0;326;10;
RM-67-StNE-TREFR87;0;326;10;
RM-67-StNE-TREFR88;0;326;10;
RM-67-StNE-TREFR89;0;326;10;
RM-67-StNE-TREFR90;0;326;10;
RM-67-StNE-TREFR91;0;326;10;
RM-67-StNE-TREFR92;0;326;10;
RM-67-StNE-TREFR93;0;326;10;
RM-67-StNE-TREFR94;0;326;10;
RM-67-StNE-TREFR95;0;326;10;
RM-67-StNE-TREFR96;0;326;10;
RM-67-StNE-TREFR97;0;326;10;
RM-67-StNE-TREFR98;0;326;10;
RM-67-StNE-TREFR99;0;326;10;
RM-67-StNE-TREFR100;0;326;10;
RM-67-StNE-TREFR101;0;326;10;
RM-67-StNE-TREFR102;0;326;10;
RM-67-StNE-TREFR103;0;326;10;
RM-67-StNE-TREFR104;0;326;10;
RM-67-StNE-TREFR105;0;326;10;
RM-67-StNE-TREFR106;0;326;10;
RM-100Taille1WT7R3;0;325;10;
RM-100Taille1WT7R1;0;325;10;
RM-100Taille1WT7R2;0;325;10;
RM-80TrAcWR41;0;324;10;
RM-80TrAcWR42;0;324;10;
RM-80TrAcWR43;0;324;10;
RM-80TrAcWR44;0;324;10;
RM-80TrAcWR45;0;324;10;
RM-80TrAcWR46;0;324;10;
RM-80TrAcWR47;0;324;10;
RM-80TailleAcEE1R19;0;324;10;
RM-80TailleAcEE1R20;0;324;10;
RM-80TailleAcEE1R21;0;324;10;
RM-80TailleAcEE1R22;0;324;10;
RM-80TailleAcEE1R23;0;324;10;
RM-80TailleAcEE1R24;0;324;10;
RM-80TailleAcEE1R25;0;324;10;
RM-80TailleAcEE1R26;0;324;10;
RM-80TailleAcEE1R27;0;324;10;
RM-80TailleAcEE1R28;0;324;10;
RM-80TailleAcEE1R29;0;324;10;
RM-80TailleAcEE1R30;0;324;10;
RM-80TailleAcEE1R31;0;324;10;
RM-80TailleAcEE1R32;0;324;10;
RM-80TailleAcEE1R33;0;324;10;
RM-80TailleAcEE1R34;0;324;10;
RM-80TailleAcEE1R35;0;324;10;
RM-80TailleAcEE1R36;0;324;10;
RM-80TailleAcEE1R37;0;324;10;
RM-80TailleAcEE1R38;0;324;10;
RM-60TailleAcCER15;0;322;10;
RM-60TailleAcCER16;0;322;10;
RM-60TailleAcCER17;0;322;10;
RM-60TailleAcCER18;0;322;10;
RM-60TailleAcCER19;0;322;10;
RM-60TailleAcCER20;0;322;10;
RM-60TailleAcCER21;0;322;10;
RM-60TailleAcCER22;0;322;10;
RM-60TailleAcCER23;0;322;10;
RM-40-StNE-TREFR49;0;322;10;
RM-40-StNE-TREFR50;0;322;10;
RM-40-StNE-TREFR51;0;322;10;
RM-40-StNE-TREFR52;0;322;10;
RM-40-StNE-TREFR53;0;322;10;
RM-40-StNE-TREFR54;0;322;10;
RM-40-StNE-TREFR55;0;322;10;
RM-40-StNE-TREFR56;0;322;10;
RM-40-StNE-TREFR57;0;322;10;
RM-40-StNE-TREFR58;0;322;10;
RM-40-StNE-TREFR59;0;322;10;
RM-40-StNE-TREFR60;0;322;10;
RM-40-StNE-TREFR61;0;322;10;
RM-40-StNE-TREFR62;0;322;10;
RM-40-StNE-TREFR63;0;322;10;
RM-40-StNE-TREFR64;0;322;10;
RM-40-StNE-TREFR65;0;322;10;
RM-40-StNE-TREFR66;0;322;10;
RM-40-StNE-TREFR67;0;322;10;
RM-100TrAcWWFR6;0;321;10;
RM-100TrAcWWFR7;0;321;10;
RM-100TrAcWWFR8;0;321;10;
RM-100TrAcWWFR9;0;321;10;
RM-100TrAcWWFR10;0;321;10;
RM-100TrAcWWFR11;0;321;10;
RM-100TrAcWWFR12;0;321;10;
RM-100TrAcWWFR13;0;321;10;
RM-100TrAcWWFR14;0;321;10;
RM-100TrAcWWFR15;0;321;10;
RM-100TrAcWWFR16;0;321;10;
RM-100TrAcWWFR17;0;321;10;
RM-100TrAcWWFR18;0;321;10;
RM-100TrAcWWFR19;0;321;10;
RM-100TrAcWWFR20;0;321;10;
RM-100TrAcWWFR21;0;321;10;
RM-100TrAcWWFR22;0;321;10;
RM-100TrAcWWFR23;0;321;10;
RM-100TrAcWWFR24;0;321;10;
RM-100TrAcWWFR25;0;321;10;
RM-100TrAcWWFR26;0;321;10;
RM-100TrAcWWFR27;0;321;10;
RM-100TrAcWWFR28;0;321;10;
RM-100TrAcWWFR29;0;321;10;
RM-100TrAcWWFR30;0;321;10;
RM-100TrAcWWFR31;0;321;10;
RM-100TrAcWWFR32;0;321;10;
RM-100TrAcWWFR33;0;321;10;
RM-100TrAcWWFR34;0;321;10;
RM-100TrAcWWFR35;0;321;10;
RM-100TrAcWWFR36;0;321;10;
RM-100TrAcWWFR37;0;321;10;
RM-100TrAcWWFR38;0;321;10;
RM-100TrAcWWFR39;0;321;10;
RM-100TrAcWWFR40;0;321;10;
RM-100TrAcWWFR41;0;321;10;
RM-100TrAcWWFR42;0;321;10;
RM-100TrAcWWFR43;0;321;10;
RM-100TrAcWWFR44;0;321;10;
RM-100TrAcWWFR45;0;321;10;
RM-100TrAcWWFR46;0;321;10;
RM-100TrAcWWFR47;0;321;10;
RM-100TrAcWWFR48;0;321;10;
RM-100TrAcWWFR49;0;321;10;
RM-100TrAcWWFR50;0;321;10;
RM-100TrAcWWFR51;0;321;10;
RM-100TrAcWWFR52;0;321;10;
RM-100TrAcWWFR53;0;321;10;
RM-100TrAcWWFR54;0;321;10;
RM-100TrAcWWFR55;0;321;10;
RM-100TrAcWWFR56;0;321;10;
RM-100TrAcWWFR57;0;321;10;
RM-100TrAcWWFR58;0;321;10;
RM-100TrAcWWFR59;0;321;10;
RM-100TrAcWWFR60;0;321;10;
RM-100TailleAWW1R4;0;321;10;
RM-100TailleAWW1R5;0;321;10;
RM-100TailleAWW1R8;0;321;10;
RM-74-StNE-TREFR1;0;320;10;
RM-74-StNE-TREFR2;0;320;10;
RM-74-StNE-TREFR3;0;320;10;
RM-74-StNE-TREFR4;0;320;10;
RM-74-StNE-TREFR5;0;320;10;
RM-74-StNE-TREFR6;0;320;10;
RM-74-StNE-TREFR7;0;320;10;
RM-74-StNE-TREFR8;0;320;10;
RM-74-StNE-TREFR9;0;320;10;
RM-74-StNE-TREFR10;0;320;10;
RM-74-StNE-TREFR17;0;320;10;
RM-74-StNE-TREFR18;0;320;10;
RM-74-StNE-TREFR19;0;320;10;
RM-74-StNE-TRWFR1;0;320;10;
RM-74-StNE-TRWFR2;0;320;10;
RM-74-StNE-TRWFR3;0;320;10;
RM-74-StNE-TRWFR4;0;320;10;
RM-74-StNE-TRWFR5;0;320;10;
RM-74-StNE-TRWFR6;0;320;10;
RM-74-StNE-TRWFR7;0;320;10;
RM-74-StNE-TRWFR8;0;320;10;
RM-74-StNE-TRWFR9;0;320;10;
RM-57-StNE-TRWFR2;0;320;10;
RM-70SPL-TREFR7;0;160;10;
RM-57-StNE-TRWFR3;0;320;10;
RM-57-StNE-TRWFR4;0;320;10;
RM-57-StNE-TRWFR5;0;320;10;
RM-60TailleAcCE6R1;0;319;10;
RM-60TailleAcCE6R7;0;319;10;
RM-60TailleAcCE6R9;0;319;10;
RM-60TailleAcCE6R16;0;319;10;
RM-60TailleAcCE6R17;0;319;10;
RM-60TailleAcCE6R18;0;319;10;
RM-60TailleAcCE6R19;0;319;10;
RM-60TailleAcCE6R20;0;319;10;
RM-60TailleAcCE6R21;0;319;10;
RM-60TailleAcCE6R22;0;319;10;
RM-60TailleAcCE6R23;0;319;10;
RM-60TailleAcCE6R24;0;319;10;
RM-60TailleAcCE6R25;0;319;10;
RM-60TailleAcCE6R26;0;319;10;
RM-60TailleAcCE6R27;0;319;10;
RM-60TailleAcCE6R28;0;319;10;
RM-60TailleAcCE6R29;0;319;10;
RM-60TailleAcCE2R1;0;318;10;
RM-60TailleAcCE2R2;0;318;10;
RM-60TailleAcCE2R3;0;318;10;
RM-60TailleAcCE2R4;0;318;10;
RM-60TailleAcCE2R5;0;318;10;
RM-60TailleAcCE2R6;0;318;10;
RM-60TailleAcCE2R7;0;318;10;
RM-60TailleAcCE2R8;0;318;10;
RM-60TailleAcCE2R9;0;318;10;
RM-60TailleAcCE2R10;0;318;10;
RM-60TailleAcCE2R11;0;318;10;
RM-60TailleAcCE2R12;0;318;10;
RM-60TailleAcCE2R13;0;318;10;
RM-60TailleAcCE2R14;0;318;10;
RM-60TailleAcCE2R15;0;318;10;
RM-60TailleAcCE2R17;0;318;10;
RM-60TailleAcCE2R18;0;318;10;
RM-60TailleAcCE2R19;0;318;10;
RM-60TailleAcCE2R20;0;318;10;
RM-60TailleAcCE2R21;0;318;10;
RM-60TailleAcCE2R22;0;318;10;
RM-60TailleAcCE2R23;0;318;10;
RM-60TailleAcCE2R24;0;318;10;
RM-60TailleAcCE2R25;0;318;10;
RM-60TailleAcCE2R26;0;318;10;
RM-60TailleAcCE2R27;0;318;10;
RM-60TailleAcCE2R28;0;318;10;
RM-60TailleAcCE2R29;0;318;10;
RM-60TailleAcCE2R30;0;318;10;
RM-60TailleAcCE2R31;0;318;10;
RM-60TailleAcCE2R32;0;318;10;
RM-60TailleAcCER1;0;317;10;
RM-60TailleAcCER2;0;317;10;
RM-60TailleAcCER3;0;317;10;
RM-60TailleAcCER4;0;317;10;
RM-60TailleAcCER5;0;317;10;
RM-60TailleAcCER6;0;317;10;
RM-60TailleAcCER7;0;317;10;
RM-60TailleAcCER8;0;317;10;
RM-60TailleAcCER9;0;317;10;
RM-60TailleAcCER10;0;317;10;
RM-60TailleAcCER11;0;317;10;
RM-60TailleAcCER12;0;317;10;
RM-60TailleAcCER13;0;317;10;
RM-60TailleAcCER14;0;317;10;
RM-67-StNE-TREFR1;0;315;10;
RM-67-StNE-TREFR2;0;315;10;
RM-67-StNE-TREFR3;0;315;10;
RM-67-StNE-TREFR4;0;315;10;
RM-67-StNE-TREFR5;0;315;10;
RM-67-StNE-TREFR6;0;315;10;
RM-67-StNE-TREFR7;0;315;10;
RM-67-StNE-TREFR8;0;315;10;
RM-67-StNE-TREFR9;0;315;10;
RM-67-StNE-TREFR10;0;315;10;
RM-67-StNE-TREFR11;0;315;10;
RM-67-StNE-TREFR12;0;315;10;
RM-67-StNE-TREFR13;0;315;10;
RM-67-StNE-TREFR14;0;315;10;
RM-67-StNE-TREFR15;0;315;10;
RM-67-StNE-TREFR16;0;315;10;
RM-67-StNE-TREFR17;0;315;10;
RM-67-StNE-TREFR18;0;315;10;
RM-67-StNE-TREFR19;0;315;10;
RM-67-StNE-TREFR20;0;315;10;
RM-67-StNE-TREFR21;0;315;10;
RM-67-StNE-TREFR22;0;315;10;
RM-67-StNE-TREFR23;0;315;10;
RM-67-StNE-TREFR24;0;315;10;
RM-67-StNE-TREFR25;0;315;10;
RM-67-StNE-TREFR26;0;315;10;
RM-40-StNE-TREFR1;0;310;10;
RM-40-StNE-TREFR2;0;310;10;
RM-40-StNE-TREFR3;0;310;10;
RM-40-StNE-TREFR4;0;310;10;
RM-40-StNE-TREFR5;0;310;10;
RM-40-StNE-TREFR6;0;310;10;
RM-40-StNE-TREFR7;0;310;10;
RM-40-StNE-TREFR8;0;310;10;
RM-40-StNE-TREFR9;0;310;10;
RM-40-StNE-TREFR10;0;310;10;
RM-40-StNE-TREFR11;0;310;10;
RM-70SPL-TREFR0;0;160;10;
RM-70SPL-TREFR1;0;160;10;
RM-70SPL-TREFR2;0;160;10;
RM-70SPL-TREFR3;0;160;10;
RM-70SPL-TREFR4;0;160;10;
RM-70SPL-TREFR5;0;160;10;
RM-70SPL-TREFR8;0;160;10;
RM-70SPL-TREFR9;0;160;10;
RM-70SPL-TREFR10;0;160;10;
RM-70SPL-TREFR11;0;160;10;
RM-70SPL-TREFR12;0;160;10;
RM-70SPL-TREFR13;0;160;10;
RM-108-SPB3-FR51;0;143;10;
RM-108-SPB3-FR52;0;143;10;
RM-108-SPB3-FR53;0;143;10;
RM-108-SPB3-FR54;0;143;10;
RM-108-SPB3-FR55;0;143;10;
RM-108-SPB3-FR56;0;143;10;
RM-108-SPB3-FR57;0;143;10;
RM-108-SPB3-FR58;0;143;10;
RM-108-SPB3-FR59;0;143;10;
RM-108-SPB3-FR60;0;143;10;
RM-108-SPB3-FR61;0;143;10;
RM-108-SPB3-FR62;0;143;10;
RM-108-SPB3-FR63;0;143;10;
RM-108-SPB3-FR64;0;143;10;
RM-108-SPB3-FR65;0;143;10;
RM-108-SPB3-FR66;0;143;10;
RM-108-SPB3-FR67;0;143;10;
RM-108-SPB3-FR68;0;143;10;
RM-108-SPB3-FR69;0;143;10;
RM-108-SPB3-FR70;0;143;10;
RM-108-SPB3-FR71;0;143;10;
RM-108-SPB3-FR72;0;143;10;
RM-118-SPB4-FR17;0;143;10;
RM-118-SPB4-FR18;0;143;10;
RM-118-SPB4-FR19;0;143;10;
RM-118-SPB4-FR20;0;143;10;
RM-60TailleAcWW10R17;0;334;9;
RM-60TailleAcWW10R18;0;334;9;
RM-60TailleAcWW10R19;0;334;9;
RM-60TailleAcWW10R20;0;334;9;
RM-60TailleAcWW10R21;0;334;9;
RM-57TrWStR81;0;327.17;9;
RM-57TrWStR80;0;327.01;9;
RM-60TailleAcWE6R12;0;327;9;
RM-60TailleAcWE6R13;0;327;9;
RM-60TailleAcWE6R14;0;327;9;
RM-60TailleAcWE6R15;0;327;9;
RM-60TailleAcWE6R16;0;327;9;
RM-60TailleAcWE6R17;0;327;9;
RM-60TailleAcWE6R18;0;327;9;
RM-60TailleAcWE6R19;0;327;9;
RM-60TailleAcWE6R20;0;327;9;
RM-60TailleAcWE6R21;0;327;9;
RM-60TailleAcWE7R8;0;327;9;
RM-60TailleAcWE7R9;0;327;9;
RM-60TailleAcWE7R10;0;327;9;
RM-60TailleAcWE7R11;0;327;9;
RM-60TailleAcWE7R12;0;327;9;
RM-60TailleAcWE7R13;0;327;9;
RM-60TailleAcWE7R14;0;327;9;
RM-60TailleAcWE7R15;0;327;9;
RM-60TailleAcWE8R1;0;327;9;
RM-60TailleAcWE8R2;0;327;9;
RM-60TailleAcWE8R3;0;327;9;
RM-60TailleAcWE8R4;0;327;9;
RM-60TailleAcWE8R5;0;327;9;
RM-60TailleAcWE8R6;0;327;9;
RM-60TailleAcWE8R7;0;327;9;
RM-60TailleAcWE8R8;0;327;9;
RM-60TailleAcWE8R9;0;327;9;
RM-60TailleAcWE8R10;0;327;9;
RM-60TailleAcWE8R11;0;327;9;
RM-60TailleAcWE8R12;0;327;9;
RM-60TailleAcWE8R13;0;327;9;
RM-60TailleAcWE8R14;0;327;9;
RM-60TailleAcWE8R15;0;327;9;
RM-60TailleAcWE8R16;0;327;9;
RM-60TailleAcWE8R17;0;327;9;
RM-60TailleAcWE8R18;0;327;9;
RM-60TailleAcWE8R19;0;327;9;
RM-60TailleAcWE8R20;0;327;9;
RM-60TailleAcWE9R1;0;327;9;
RM-60TailleAcWE9R2;0;327;9;
RM-60TailleAcWE9R3;0;327;9;
RM-60TailleAcWE9R4;0;327;9;
RM-60TailleAcWE9R5;0;327;9;
RM-60TailleAcWE9R6;0;327;9;
RM-60TailleAcWE9R7;0;327;9;
RM-60TailleAcWE9R8;0;327;9;
RM-60TailleAcWE9R9;0;327;9;
RM-60TailleAcWE9R10;0;327;9;
RM-60TailleAcWE9R11;0;327;9;
RM-60TailleAcWE9R12;0;327;9;
RM-60TailleAcWE9R13;0;327;9;
RM-57TrWStR79;0;326.49;9;
RM-57TrWStR78;0;325.9;9;
RM-57TrWStR76;0;324.94;9;
RM-57TrWStR77;0;323.47;9;
RM-57TrWStR82;0;320.5;9;
RM-57TrWStR83;0;320.5;9;
RM-57TrWStR84;0;320.5;9;
RM-57TrWStR85;0;320.5;9;
RM-57TrWStR86;0;320.5;9;
RM-40DecR167;0;355;8;
RM-40DecR63;0;353.52;8;
RM-40DecR168;0;353.36;8;
RM-40DecR166;0;343.87;8;
RM-40DecR55;0;341.61;8;
RM-40DecR165;0;334.9;8;
RM-40DecR60;0;331.83;8;
RM-80TailleAcWE2R1;0;331.5;8;
RM-80TailleAcWE2R2;0;331.5;8;
RM-60TailleAcCW5R1;0;330;8;
RM-60TailleAcCW5R2;0;330;8;
RM-60TailleAcCW5R3;0;330;8;
RM-60TailleAcCW5R4;0;330;8;
RM-60TailleAcCW5R5;0;330;8;
RM-60TailleAcCW5R6;0;330;8;
RM-60TailleAcCW5R7;0;330;8;
RM-60TailleAcCW5R8;0;330;8;
RM-60TailleAcCW5R9;0;330;8;
RM-60TailleAcCW5R10;0;330;8;
RM-60TailleAcCW5R11;0;330;8;
RM-60TailleAcCW5R12;0;330;8;
RM-60TailleAcCW5R15;0;330;8;
RM-60TailleAcCW5R16;0;330;8;
RM-60TailleAcCW5R19;0;330;8;
RM-60TailleAcCW5R20;0;330;8;
RM-60TailleAcCW5R21;0;330;8;
RM-60TailleAcCW5R22;0;330;8;
RM-60TailleAcCW5R23;0;330;8;
RM-60TailleAcCW5R24;0;330;8;
RM-60TailleAcCW5R25;0;330;8;
RM-60TailleAcCW5R26;0;330;8;
RM-60TailleAcCW5R27;0;330;8;
RM-60TailleAcCW5R28;0;330;8;
RM-60TailleAcCW7R3;0;330;8;
RM-60TailleAcCW7R4;0;330;8;
RM-60TailleAcCW7R6;0;330;8;
RM-60TailleAcCW7R11;0;330;8;
RM-60TailleAcCW7R12;0;330;8;
RM-60TailleAcCW7R13;0;330;8;
RM-60TailleAcCW7R14;0;330;8;
RM-60TailleAcCW8R1;0;330;8;
RM-60TailleAcCW8R2;0;330;8;
RM-60TailleAcCW8R3;0;330;8;
RM-60TailleAcCW8R4;0;330;8;
RM-60TailleAcCW8R5;0;330;8;
RM-60TailleAcCW8R6;0;330;8;
RM-100TailleACE1R15;0;328;8;
RM-100TailleACE2R3;0;328;8;
RM-60TailleAcWE2R21;0;327;8;
RM-60TailleAcWE2R22;0;327;8;
RM-60TailleAcWE2R23;0;327;8;
RM-60TailleAcWE2R24;0;327;8;
RM-60TrAcWWR5;0;326;8;
RM-60TrAcWWR6;0;326;8;
RM-60TrAcWWR7;0;326;8;
RM-60TrAcWWR8;0;326;8;
RM-60TrAcWWR9;0;326;8;
RM-60TrAcWWR10;0;326;8;
RM-60TrAcWWR11;0;326;8;
RM-60TrAcWWR12;0;326;8;
RM-60TrAcWWR13;0;326;8;
RM-80TrAcWR37;0;324;8;
RM-80TrAcWR38;0;324;8;
RM-80TrAcWR39;0;324;8;
RM-80TrAcWR40;0;324;8;
RM-60TrAcWER0;0;324;8;
RM-60TrAcWER1;0;324;8;
RM-60TrAcWER2;0;324;8;
RM-60TrAcWER3;0;324;8;
RM-60TrAcWER4;0;324;8;
RM-60TrAcWER5;0;324;8;
RM-60TrAcWER6;0;324;8;
RM-100TailleAWW1R6;0;321;8;
RM-100TailleAWW1R7;0;321;8;
RM-74-StNE-TREFR21;0;320;8;
RM-74-StNE-TREFR22;0;320;8;
RM-74-StNE-TREFR24;0;320;8;
RM-74-StNE-TREFR25;0;320;8;
RM-60TailleAcWE7R28;0;331;7;
RM-60TailleAcWE7R29;0;331;7;
RM-60TailleAcWE7R30;0;331;7;
RM-60TailleAcWE7R31;0;331;7;
RM-60TailleAcWE7R32;0;331;7;
RM-60TailleAcWE7R33;0;331;7;
RM-60TailleAcWE7R34;0;331;7;
RM-60TailleAcWE7R35;0;331;7;
RM-60TailleAcWE7R36;0;331;7;
RM-60TailleAcWE7R37;0;331;7;
RM-60TailleAcWE7R38;0;331;7;
RM-60TailleAcWE9R23;0;331;7;
RM-60TailleAcWE9R24;0;331;7;
RM-60TailleAcWE9R25;0;331;7;
RM-60TailleAcWE9R26;0;331;7;
RM-60TailleAcWE9R27;0;331;7;
RM-60TailleAcWE9R28;0;331;7;
RM-60TailleAcWE9R29;0;331;7;
RM-60TailleAcWE9R30;0;331;7;
RM-60TailleAcWE9R31;0;331;7;
RM-60TailleAcWE9R32;0;331;7;
RM-60TailleAcWE9R33;0;331;7;
RM-60TailleAcWE9R34;0;331;7;
RM-60TailleAcWE9R35;0;331;7;
RM-60TailleAcWE9R36;0;331;7;
RM-60TailleAcWE9R37;0;331;7;
RM-60TailleAcWE9R38;0;331;7;
RM-60TailleAcWE9R39;0;331;7;
RM-60TailleAcWE9R40;0;331;7;
RM-60TailleAcWE9R41;0;331;7;
RM-60TailleAcCW5R13;0;330;7;
RM-60TailleAcCW5R14;0;330;7;
RM-60TailleAcCW5R17;0;330;7;
RM-60TailleAcCW5R18;0;330;7;
RM-60TailleAcCW6R18;0;330;7;
RM-60TailleAcCW6R19;0;330;7;
RM-60TailleAcCW6R20;0;330;7;
RM-60TailleAcCW6R21;0;330;7;
RM-60TailleAcCW6R22;0;330;7;
RM-60TailleAcCW6R23;0;330;7;
RM-60TailleAcCW6R24;0;330;7;
RM-60TailleAcCW6R27;0;330;7;
RM-60TailleAcCW6R28;0;330;7;
RM-60TailleAcCW6R29;0;330;7;
RM-60TailleAcCW6R25;0;330;7;
RM-60TailleAcCW6R26;0;330;7;
RM-60TailleAcCW6R30;0;330;7;
RM-60TailleAcCW6R31;0;330;7;
RM-60TailleAcCW6R32;0;330;7;
RM-60TailleAcCW6R33;0;330;7;
RM-60TailleAcCW6R34;0;330;7;
RM-60TailleAcCW6R35;0;330;7;
RM-60TailleAcCW6R36;0;330;7;
RM-60TailleAcCW6R37;0;330;7;
RM-60TailleAcCW6R38;0;330;7;
RM-60TailleAcCW6R39;0;330;7;
RM-60TailleAcCW6R40;0;330;7;
RM-60TailleAcCW6R41;0;330;7;
RM-60TailleAcCW6R42;0;330;7;
RM-60TailleAcCW8R7;0;330;7;
RM-60TailleAcCW8R8;0;330;7;
RM-60TailleAcCW8R9;0;330;7;
RM-60TailleAcCW8R10;0;330;7;
RM-60TailleAcCW8R11;0;330;7;
RM-100TailleACE2R2;0;328;7;
RM-60TailleAcWE7R16;0;327;7;
RM-60TailleAcWE7R17;0;327;7;
RM-60TailleAcWE7R18;0;327;7;
RM-60TailleAcWE7R19;0;327;7;
RM-60TailleAcWE7R20;0;327;7;
RM-60TailleAcWE7R21;0;327;7;
RM-60TailleAcWE7R22;0;327;7;
RM-80TrExWET1R1;0;320;7;
RM-80TrExWET1R2;0;320;7;
RM-80TrExWET1R3;0;320;7;
RM-80TrExWET1R4;0;320;7;
RM-80TrExWET1R5;0;320;7;
RM-80TrExWET1R6;0;320;7;
RM-80TrExWET1R7;0;320;7;
RM-80TrExWET1R8;0;320;7;
RM-60TailleAcCE6R2;0;319;7;
RM-60TailleAcCE6R3;0;319;7;
RM-60TailleAcWE7R23;0;327;6;
RM-60TailleAcWE7R24;0;327;6;
RM-60TailleAcWE7R25;0;327;6;
RM-60TailleAcWE7R26;0;327;6;
RM-60TailleAcWE7R27;0;327;6;
RM-60TailleAcWE9R14;0;327;6;
RM-60TailleAcWE9R15;0;327;6;
RM-60TailleAcWE9R16;0;327;6;
RM-60TailleAcWE9R17;0;327;6;
RM-60TailleAcWE9R18;0;327;6;
RM-60TailleAcWE9R19;0;327;6;
RM-60TailleAcWE9R20;0;327;6;
RM-60TailleAcWE9R21;0;327;6;
RM-60TailleAcWE9R22;0;327;6;
RM-125Taille1TrWFR11;0;325;6;
RM-125Taille1TrWFR20;0;325;6;
RM-125Taille1TrWFR12;0;325;6;
RM-125Taille1TrWFR21;0;325;6;
RM-125Taille1TrWFR13;0;325;6;
RM-125Taille1TrWFR22;0;325;6;
RM-125Taille1TrWFR14;0;325;6;
RM-125Taille1TrWFR23;0;325;6;
RM-125Taille1TrWFR15;0;325;6;
RM-125Taille1TrWFR24;0;325;6;
RM-125Taille1TrWFR16;0;325;6;
RM-125Taille1TrWFR25;0;325;6;
RM-125Taille1TrWFR17;0;325;6;
RM-125Taille1TrWFR26;0;325;6;
RM-125Taille1TrWFR18;0;325;6;
RM-125Taille1TrWFR27;0;325;6;
RM-125Taille1TrWFR19;0;325;6;
RM-60TailleAcCE6R10;0;319;6;
RM-60TailleAcCE6R11;0;319;6;
RM-60TailleAcCE6R12;0;319;6;
RM-60TailleAcCE6R13;0;319;6;
RM-60TailleAcCE6R14;0;319;6;
RM-60TailleAcCE6R15;0;319;6;
RM-60TailleAcWW6R1;0;334;5;
RM-60TailleAcWW6R2;0;334;5;
RM-60TailleAcWW6R3;0;334;5;
RM-60TailleAcWW6R4;0;334;5;
RM-60TailleAcWW6R5;0;334;5;
RM-60TailleAcWW6R6;0;334;5;
RM-60TailleAcWW6R7;0;334;5;
RM-60TailleAcWW6R8;0;334;5;
RM-60TailleAcWW6R9;0;334;5;
RM-60TailleAcWW6R10;0;334;5;
RM-60TailleAcWW6R11;0;334;5;
RM-60TailleAcWW6R12;0;334;5;
RM-60TailleAcWW6R13;0;334;5;
RM-60TailleAcWW6R14;0;334;5;
RM-60TailleAcWW6R15;0;334;5;
RM-60TailleAcWW6R16;0;334;5;
RM-60TailleAcWW6R17;0;334;5;
RM-60TailleAcWW6R18;0;334;5;
RM-60TailleAcWW6R19;0;334;5;
RM-60TailleAcWW6R20;0;334;5;
RM-60TailleAcWW6R21;0;334;5;
RM-60TailleAcWW6R22;0;334;5;
RM-60TailleAcWW6R23;0;334;5;
RM-60TailleAcWW6R24;0;334;5;
RM-60TailleAcWW7R1;0;334;5;
RM-60TailleAcWW7R2;0;334;5;
RM-60TailleAcWW7R3;0;334;5;
RM-60TailleAcWW7R4;0;334;5;
RM-60TailleAcWW7R5;0;334;5;
RM-60TailleAcWW7R6;0;334;5;
RM-60TailleAcWW7R7;0;334;5;
RM-60TailleAcWW7R8;0;334;5;
RM-60TailleAcWW7R9;0;334;5;
RM-60TailleAcWW7R10;0;334;5;
RM-60TailleAcWW7R11;0;334;5;
RM-60TailleAcWW7R12;0;334;5;
RM-60TailleAcWW7R13;0;334;5;
RM-60TailleAcWW7R14;0;334;5;
RM-60TailleAcWW7R15;0;334;5;
RM-60TailleAcWW7R16;0;334;5;
RM-60TailleAcWW7R17;0;334;5;
RM-60TailleAcWW10R22;0;334;5;
RM-60TailleAcWW10R23;0;334;5;
RM-60TailleAcWW10R24;0;334;5;
RM-60TailleAcWW10R25;0;334;5;
RM-60TailleAcWW10R26;0;334;5;
RM-60TailleAcWW10R27;0;334;5;
RM-60TailleAcWW10R28;0;334;5;
RM-60TailleAcWW10R29;0;334;5;
RM-80TailleAcWW2R1;0;333.4;5;
RM-80TailleAcWW2R2;0;333.4;5;
RM-80TailleAcWW2R3;0;333.4;5;
RM-80TailleAcWW2R4;0;333.4;5;
RM-80TailleAcWW2R5;0;333.4;5;
RM-80TailleAcWW2R6;0;333.4;5;
RM-80TailleAcWW2R7;0;333.4;5;
RM-80TailleAcWW2R8;0;333.4;5;
RM-80TailleAcWW2R9;0;333.4;5;
RM-80TailleAcWW2R10;0;333.4;5;
RM-80TailleAcWW2R14;0;333.4;5;
RM-80TailleAcWW2R15;0;333.4;5;
RM-80TailleAcWW3R10;0;333.4;5;
RM-80TailleAcWW3R11;0;333.4;5;
RM-80TailleAcWW3R12;0;333.4;5;
RM-80TailleAcWW3R13;0;333.4;5;
RM-80TailleAcWW3R14;0;333.4;5;
RM-80TailleAcWW3R15;0;333.4;5;
RM-80TailleAcWW3R16;0;333.4;5;
RM-80TailleAcWW3R17;0;333.4;5;
RM-80TailleAcWW3R20;0;333.4;5;
RM-40DecR164;0;333.2;5;
RM-80Taille1ET1R13;0;333;5;
RM-80Taille1ET1R9;0;333;5;
RM-80Taille1ET1R10;0;333;5;
RM-80Taille1ET1R11;0;333;5;
RM-80Taille1ET1R12;0;333;5;
RM-80TailleAcWE1R11;0;331.5;5;
RM-80TailleAcWE1R12;0;331.5;5;
RM-80TailleAcWE1R13;0;331.5;5;
RM-80TailleAcWE1R14;0;331.5;5;
RM-80TailleAcWE1R15;0;331.5;5;
RM-80TailleAcWE1R16;0;331.5;5;
RM-60TailleAcWE7R39;0;331;5;
RM-60TailleAcWE7R40;0;331;5;
RM-60TailleAcWE7R41;0;331;5;
RM-60TailleAcWE7R42;0;331;5;
RM-60TailleAcWE7R43;0;331;5;
RM-60TailleAcWE7R44;0;331;5;
RM-60TailleAcWE7R45;0;331;5;
RM-60TailleAcCWR32;0;330;5;
RM-60TailleAcCWR33;0;330;5;
RM-60TailleAcCWR34;0;330;5;
RM-60TailleAcCWR35;0;330;5;
RM-60TailleAcCW7R15;0;330;5;
RM-60TailleAcCW7R16;0;330;5;
RM-60TailleAcCW7R17;0;330;5;
RM-60TailleAcCW7R18;0;330;5;
RM-60TailleAcCW7R19;0;330;5;
RM-60TailleAcCW7R20;0;330;5;
RM-60TailleAcCW7R21;0;330;5;
RM-60TailleAcCW7R22;0;330;5;
RM-60TailleAcCW7R23;0;330;5;
RM-60TailleAcCW7R24;0;330;5;
RM-60TailleAcWW10R30;0;330;5;
RM-60TailleAcWW10R31;0;330;5;
RM-60TailleAcWW10R32;0;330;5;
RM-60TailleAcWW10R33;0;330;5;
RM-60TailleAcWW10R34;0;330;5;
RM-60TailleAcWW10R35;0;330;5;
RM-60TailleAcWW10R36;0;330;5;
RM-60TailleAcWW10R37;0;330;5;
RM-60TailleAcWW10R38;0;330;5;
RM-60TailleAcWW10R39;0;330;5;
RM-60TailleAcWW10R40;0;330;5;
RM-60TailleAcWW10R41;0;330;5;
RM-60TailleAcWW10R42;0;330;5;
RM-100TailleACE1R1;0;328;5;
RM-100TailleACE1R2;0;328;5;
RM-100TailleACE1R3;0;328;5;
RM-100TailleACE1R4;0;328;5;
RM-100TailleACE1R5;0;328;5;
RM-100TailleACE1R6;0;328;5;
RM-100TailleACE1R7;0;328;5;
RM-100TailleACE1R14;0;328;5;
RM-100TailleACE2R1;0;328;5;
RM-100TailleACE3R3;0;328;5;
RM-100TailleACE3R4;0;328;5;
RM-100TailleACE3R7;0;328;5;
RM-100TailleACE3R8;0;328;5;
RM-60TailleAcWE6R1;0;327;5;
RM-60TailleAcWE6R2;0;327;5;
RM-60TailleAcWE6R3;0;327;5;
RM-60TailleAcWE6R4;0;327;5;
RM-60TailleAcWE6R5;0;327;5;
RM-60TailleAcWE6R6;0;327;5;
RM-60TailleAcWE6R7;0;327;5;
RM-60TailleAcWE6R8;0;327;5;
RM-60TailleAcWE6R9;0;327;5;
RM-60TailleAcWE6R10;0;327;5;
RM-60TailleAcWE6R11;0;327;5;
RM-60TailleAcWE7R1;0;327;5;
RM-60TailleAcWE7R2;0;327;5;
RM-60TailleAcWE7R3;0;327;5;
RM-60TailleAcWE7R4;0;327;5;
RM-60TailleAcWE7R5;0;327;5;
RM-60TailleAcWE7R6;0;327;5;
RM-60TailleAcWE7R7;0;327;5;
RM-125taille1WT1R9;0;327;5;
RM-125taille1WT1R10;0;327;5;
RM-125taille1WT1R11;0;327;5;
RM-125taille1WT1R12;0;327;5;
RM-125taille1WT1R13;0;327;5;
RM-125taille1WT1R14;0;327;5;
RM-125taille1WT1R15;0;327;5;
RM-125taille1WT1R16;0;327;5;
RM-125taille1WT1R17;0;327;5;
RM-125taille1WT1R18;0;327;5;
RM-125taille1WT1R19;0;327;5;
RM-125taille1WT1R20;0;327;5;
RM-125taille1WT1R21;0;327;5;
RM-125taille1WT1R22;0;327;5;
RM-67-StNE-TREFR51;0;326;5;
RM-67-StNE-TREFR52;0;326;5;
RM-67-StNE-TREFR53;0;326;5;
RM-67-StNE-TREFR54;0;326;5;
RM-67-StNE-TREFR55;0;326;5;
RM-67-StNE-TRWFR35;0;326;5;
RM-67-StNE-TRWFR36;0;326;5;
RM-67-StNE-TRWFR37;0;326;5;
RM-67-StNE-TRWFR38;0;326;5;
RM-67-StNE-TRWFR39;0;326;5;
RM-67-StNE-TRWFR40;0;326;5;
RM-67-StNE-TRWFR41;0;326;5;
RM-67-StNE-TRWFR42;0;326;5;
RM-67-StNE-TRWFR43;0;326;5;
RM-67-StNE-TRWFR44;0;326;5;
RM-67-StNE-TRWFR45;0;326;5;
RM-67-StNE-TRWFR46;0;326;5;
RM-67-StNE-TRWFR47;0;326;5;
RM-67-StNE-TRWFR48;0;326;5;
RM-67-StNE-TRWFR49;0;326;5;
RM-67-StNE-TRWFR50;0;326;5;
RM-67-StNE-TRWFR51;0;326;5;
RM-67-StNE-TRWFR52;0;326;5;
RM-67-StNE-TRWFR53;0;326;5;
RM-67-StNE-TRWFR54;0;326;5;
RM-67-StNE-TRWFR55;0;326;5;
RM-67-StNE-TRWFR56;0;326;5;
RM-67-StNE-TRWFR57;0;326;5;
RM-67-StNE-TRWFR58;0;326;5;
RM-67-StNE-TRWFR59;0;326;5;
RM-67-StNE-TRWFR60;0;326;5;
RM-67-StNE-TRWFR61;0;326;5;
RM-67-StNE-TRWFR62;0;326;5;
RM-67-StNE-TRWFR63;0;326;5;
RM-67-StNE-TRWFR64;0;326;5;
RM-67-StNE-TRWFR65;0;326;5;
RM-67-StNE-TRWFR66;0;326;5;
RM-67-StNE-TRWFR67;0;326;5;
RM-67-StNE-TRWFR68;0;326;5;
RM-67-StNE-TRWFR69;0;326;5;
RM-67-StNE-TRWFR70;0;326;5;
RM-67-StNE-TRWFR71;0;326;5;
RM-67-StNE-TRWFR72;0;326;5;
RM-67-StNE-TRWFR73;0;326;5;
RM-40DecR163;0;324.23;5;
RM-80TrExWWT1R1;0;320;5;
RM-80TrExWWT1R2;0;320;5;
RM-80TrExWWT1R3;0;320;5;
RM-80TrExWWT1R4;0;320;5;
RM-80TrExWWT1R5;0;320;5;
RM-80TrExWWT1R6;0;320;5;
RM-80TrExWWT1R7;0;320;5;
RM-80TrExWWT1R8;0;320;5;
RM-80TrExWWT1R9;0;320;5;
RM-80TrExWWT1R10;0;320;5;
RM-80TrExWWT1R11;0;320;5;
RM-80TrExWWT1R12;0;320;5;
RM-80TrExWWT1R13;0;320;5;
RM-80TrExWWT1R14;0;320;5;
RM-80TrExWWT2R1;0;320;5;
RM-80TrExWWT2R2;0;320;5;
RM-80TrExWWT2R3;0;320;5;
RM-80TrExWWT2R4;0;320;5;
RM-80TrExWWT2R5;0;320;5;
RM-80TrExWWT2R6;0;320;5;
RM-80TrExWWT2R7;0;320;5;
RM-80TrExWWT2R8;0;320;5;
RM-80TrExWWT2R9;0;320;5;
RM-80TrExWWT2R10;0;320;5;
RM-80TrExWWT2R11;0;320;5;
RM-74-StNE-TREFR11;0;320;5;
RM-74-StNE-TREFR12;0;320;5;
RM-74-StNE-TREFR13;0;320;5;
RM-74-StNE-TREFR14;0;320;5;
RM-74-StNE-TREFR15;0;320;5;
RM-74-StNE-TREFR16;0;320;5;
RM-57-StNE-TRWFR6;0;320;5;
RM-57-StNE-TRWFR7;0;320;5;
RM-57-StNE-TRWFR8;0;320;5;
RM-57-StNE-TRWFR9;0;320;5;
RM-57-StNE-TRWFR10;0;320;5;
RM-57-StNE-TRWFR11;0;320;5;
RM-57-StNE-TRWFR12;0;320;5;
RM-57-StNE-TRWFR13;0;320;5;
RM-57-StNE-TREFR1;0;320;5;
RM-57-StNE-TREFR2;0;320;5;
RM-57-StNE-TREFR3;0;320;5;
RM-57-StNE-TREFR4;0;320;5;
RM-57-StNE-TREFR5;0;320;5;
RM-57-StNE-TREFR6;0;320;5;
RM-57-StNE-TREFR7;0;320;5;
RM-57-StNE-TREFR8;0;320;5;
RM-57-StNE-TREFR9;0;320;5;
RM-57-StNE-TREFR10;0;320;5;
RM-57-StNE-TREFR11;0;320;5;
RM-57-StNE-TREFR12;0;320;5;
RM-57-StNE-TREFR13;0;320;5;
RM-57-StNE-TREFR14;0;320;5;
RM-57-StNE-TREFR15;0;320;5;
RM-57-StNE-TREFR16;0;320;5;
RM-57-StNE-TREFR17;0;320;5;
RM-57-StNE-TREFR18;0;320;5;
RM-57-StNE-TREFR19;0;320;5;
RM-57-StNE-TREFR20;0;320;5;
RM-57-StNE-TREFR21;0;320;5;
RM-57-StNE-TREFR22;0;320;5;
RM-57-StNE-TREFR25;0;320;5;
RM-57-StNE-TREFR26;0;320;5;
RM-57-StNE-TREFR27;0;320;5;
RM-57-StNE-TREFR28;0;320;5;
RM-57-StNE-TREFR29;0;320;5;
RM-57-StNE-TREFR30;0;320;5;
RM-57-StNE-TREFR31;0;320;5;
RM-57-StNE-TREFR32;0;320;5;
RM-57-StNE-TREFR33;0;320;5;
RM-57-StNE-TREFR34;0;320;5;
RM-57-StNE-TREFR35;0;320;5;
RM-57-StNE-TREFR36;0;320;5;
RM-57-StNE-TREFR37;0;320;5;
RM-57-StNE-TREFR38;0;320;5;
RM-57-StNE-TREFR39;0;320;5;
RM-57-StNE-TREFR40;0;320;5;
RM-57-StNE-TREFR41;0;320;5;
RM-57-StNE-TREFR42;0;320;5;
RM-57-StNE-TREFR43;0;320;5;
RM-57-StNE-TREFR44;0;320;5;
RM-57-StNE-TREFR45;0;320;5;
RM-57-StNE-TREFR46;0;320;5;
RM-57-StNE-TREFR47;0;320;5;
RM-57-StNE-TREFR48;0;320;5;
RM-57-StNE-TREFR49;0;320;5;
RM-57-StNE-TREFR50;0;320;5;
RM-57-StNE-TREFR51;0;320;5;
RM-57-StNE-TREFR52;0;320;5;
RM-57-StNE-TREFR53;0;320;5;
RM-57-StNE-TREFR54;0;320;5;
RM-57-StNE-TREFR55;0;320;5;
RM-57-StNE-TREFR56;0;320;5;
RM-57-StNE-TREFR57;0;320;5;
RM-57-StNE-TREFR58;0;320;5;
RM-57-StNE-TREFR59;0;320;5;
RM-57-StNE-TREFR60;0;320;5;
RM-57-StNE-TREFR61;0;320;5;
RM-57-StNE-TREFR62;0;320;5;
RM-57-StNE-TREFR63;0;320;5;
RM-57-StNE-TREFR64;0;320;5;
RM-57-StNE-TREFR65;0;320;5;
RM-57-StNE-TREFR66;0;320;5;
RM-57-StNE-TREFR67;0;320;5;
RM-57-StNE-TREFR68;0;320;5;
RM-57-StNE-TREFR69;0;320;5;
RM-57-StNE-TREFR70;0;320;5;
RM-57-StNE-TREFR71;0;320;5;
RM-57-StNE-TREFR72;0;320;5;
RM-57-StNE-TREFR73;0;320;5;
RM-57-StNE-TREFR74;0;320;5;
RM-57-StNE-TREFR75;0;320;5;
RM-57-StNE-TREFR76;0;320;5;
RM-57-StNE-TREFR77;0;320;5;
RM-57-StNE-TREFR78;0;320;5;
RM-57-StNE-TREFR79;0;320;5;
RM-57-StNE-TREFR80;0;320;5;
RM-57-StNE-TREFR81;0;320;5;
RM-57-StNE-TREFR82;0;320;5;
RM-57-StNE-TREFR83;0;320;5;
RM-57-StNE-TREFR84;0;320;5;
RM-57-StNE-TREFR85;0;320;5;
RM-57-StNE-TREFR87;0;320;5;
RM-57-StNE-TREFR88;0;320;5;
RM-57-StNE-TREFR89;0;320;5;
RM-60TailleAcCE3R1;0;319;5;
RM-60TailleAcCE3R2;0;319;5;
RM-60TailleAcCE3R3;0;319;5;
RM-60TailleAcCE3R4;0;319;5;
RM-60TailleAcCE3R5;0;319;5;
RM-60TailleAcCE3R6;0;319;5;
RM-60TailleAcCE3R7;0;319;5;
RM-60TailleAcCE3R8;0;319;5;
RM-60TailleAcCE3R9;0;319;5;
RM-60TailleAcCE3R10;0;319;5;
RM-60TailleAcCE3R11;0;319;5;
RM-60TailleAcCE3R12;0;319;5;
RM-60TailleAcCE3R13;0;319;5;
RM-60TailleAcCE3R14;0;319;5;
RM-60TailleAcCE3R15;0;319;5;
RM-60TailleAcCE3R16;0;319;5;
RM-60TailleAcCE3R17;0;319;5;
RM-60TailleAcCE3R18;0;319;5;
RM-60TailleAcCE4R1;0;319;5;
RM-60TailleAcCE4R2;0;319;5;
RM-60TailleAcCE4R3;0;319;5;
RM-60TailleAcCE4R4;0;319;5;
RM-60TailleAcCE4R5;0;319;5;
RM-60TailleAcCE4R6;0;319;5;
RM-60TailleAcCE4R7;0;319;5;
RM-60TailleAcCE4R8;0;319;5;
RM-60TailleAcCE4R9;0;319;5;
RM-60TailleAcCE4R10;0;319;5;
RM-60TailleAcCE4R11;0;319;5;
RM-60TailleAcCE4R12;0;319;5;
RM-60TailleAcCE4R13;0;319;5;
RM-60TailleAcCE4R14;0;319;5;
RM-60TailleAcCE4R15;0;319;5;
RM-60TailleAcCE4R16;0;319;5;
RM-60TailleAcCE4R17;0;319;5;
RM-60TailleAcCE4R18;0;319;5;
RM-60TailleAcCE4R19;0;319;5;
RM-60TailleAcCE4R20;0;319;5;
RM-60TailleAcCE4R21;0;319;5;
RM-60TailleAcCE4R22;0;319;5;
RM-60TailleAcCE4R23;0;319;5;
RM-60TailleAcCE4R24;0;319;5;
RM-60TailleAcCE4R25;0;319;5;
RM-60TailleAcCE4R26;0;319;5;
RM-60TailleAcCE4R27;0;319;5;
RM-60TailleAcCE4R28;0;319;5;
RM-60TailleAcCE4R29;0;319;5;
RM-60TailleAcCE4R30;0;319;5;
RM-60TailleAcCE4R31;0;319;5;
RM-60TailleAcCE4R32;0;319;5;
RM-60TailleAcCE4R33;0;319;5;
RM-60TailleAcCE4R34;0;319;5;
RM-60TailleAcCE5R1;0;319;5;
RM-60TailleAcCE5R2;0;319;5;
RM-60TailleAcCE5R3;0;319;5;
RM-60TailleAcCE5R4;0;319;5;
RM-60TailleAcCE5R5;0;319;5;
RM-60TailleAcCE5R6;0;319;5;
RM-60TailleAcCE5R7;0;319;5;
RM-60TailleAcCE5R8;0;319;5;
RM-60TailleAcCE5R9;0;319;5;
RM-60TailleAcCE5R10;0;319;5;
RM-60TailleAcCE5R11;0;319;5;
RM-60TailleAcCE5R12;0;319;5;
RM-60TailleAcCE5R13;0;319;5;
RM-60TailleAcCE5R14;0;319;5;
RM-60TailleAcCE5R15;0;319;5;
RM-60TailleAcCE5R16;0;319;5;
RM-60TailleAcCE5R17;0;319;5;
RM-60TailleAcCE5R18;0;319;5;
RM-60TailleAcCE5R19;0;319;5;
RM-60TailleAcCE5R20;0;319;5;
RM-60TailleAcCE5R21;0;319;5;
RM-60TailleAcCE5R22;0;319;5;
RM-60TailleAcCE5R23;0;319;5;
RM-60TailleAcCE5R24;0;319;5;
RM-60TailleAcCE5R25;0;319;5;
RM-60TailleAcCE5R26;0;319;5;
RM-60TailleAcCE5R27;0;319;5;
RM-60TailleAcCE5R28;0;319;5;
RM-60TailleAcCE5R29;0;319;5;
RM-60TailleAcCE5R30;0;319;5;
RM-60TailleAcCE5R31;0;319;5;
RM-60TailleAcCE5R32;0;319;5;
RM-60TailleAcCE5R33;0;319;5;
RM-60TailleAcCE5R34;0;319;5;
RM-60TailleAcCE5R35;0;319;5;
RM-60TailleAcCE5R36;0;319;5;
RM-60TailleAcCE5R37;0;319;5;
RM-60TailleAcCE7R26;0;319;5;
RM-60TailleAcCE7R27;0;319;5;
RM-60TailleAcCE7R28;0;319;5;
RM-60TailleAcCE7R29;0;319;5;
RM-60TailleAcCE7R30;0;319;5;
RM-60TailleAcCE7R31;0;319;5;
RM-60TailleAcCE8R1;0;319;5;
RM-60TailleAcCE8R2;0;319;5;
RM-60TailleAcCE8R3;0;319;5;
RM-60TailleAcCE8R4;0;319;5;
RM-60TailleAcCE8R5;0;319;5;
RM-60TailleAcCE8R6;0;319;5;
RM-60TailleAcCE8R7;0;319;5;
RM-60TailleAcCE8R8;0;319;5;
RM-60TailleAcCE8R9;0;319;5;
RM-60TailleAcCE8R10;0;319;5;
RM-60TailleAcCE8R11;0;319;5;
RM-60TailleAcCE8R12;0;319;5;
RM-60TailleAcCE8R13;0;319;5;
RM-60TailleAcCE8R14;0;319;5;
RM-60TailleAcCE8R17;0;319;5;
RM-60TailleAcCE8R18;0;319;5;
RM-67-StNE-TREFR27;0;315;5;
RM-67-StNE-TREFR28;0;315;5;
RM-67-StNE-TREFR29;0;315;5;
RM-67-StNE-TREFR30;0;315;5;
RM-67-StNE-TREFR31;0;315;5;
RM-67-StNE-TREFR32;0;315;5;
RM-67-StNE-TREFR33;0;315;5;
RM-67-StNE-TREFR34;0;315;5;
RM-67-StNE-TREFR35;0;315;5;
RM-67-StNE-TREFR36;0;315;5;
RM-67-StNE-TREFR37;0;315;5;
RM-67-StNE-TREFR38;0;315;5;
RM-67-StNE-TREFR39;0;315;5;
RM-67-StNE-TREFR40;0;315;5;
RM-67-StNE-TREFR41;0;315;5;
RM-67-StNE-TREFR42;0;315;5;
RM-67-StNE-TREFR43;0;315;5;
RM-67-StNE-TREFR44;0;315;5;
RM-67-StNE-TREFR45;0;315;5;
RM-67-StNE-TREFR46;0;315;5;
RM-67-StNE-TREFR47;0;315;5;
RM-67-StNE-TREFR48;0;315;5;
RM-67-StNE-TREFR49;0;315;5;
RM-67-StNE-TREFR50;0;315;5;
RM-67-StNE-TRWFR1;0;315;5;
RM-67-StNE-TRWFR2;0;315;5;
RM-67-StNE-TRWFR3;0;315;5;
RM-67-StNE-TRWFR4;0;315;5;
RM-67-StNE-TRWFR5;0;315;5;
RM-67-StNE-TRWFR6;0;315;5;
RM-67-StNE-TRWFR7;0;315;5;
RM-67-StNE-TRWFR8;0;315;5;
RM-67-StNE-TRWFR9;0;315;5;
RM-67-StNE-TRWFR10;0;315;5;
RM-67-StNE-TRWFR11;0;315;5;
RM-67-StNE-TRWFR12;0;315;5;
RM-67-StNE-TRWFR13;0;315;5;
RM-67-StNE-TRWFR14;0;315;5;
RM-67-StNE-TRWFR15;0;315;5;
RM-67-StNE-TRWFR16;0;315;5;
RM-67-StNE-TRWFR17;0;315;5;
RM-67-StNE-TRWFR18;0;315;5;
RM-67-StNE-TRWFR19;0;315;5;
RM-67-StNE-TRWFR20;0;315;5;
RM-67-StNE-TRWFR21;0;315;5;
RM-67-StNE-TRWFR22;0;315;5;
RM-67-StNE-TRWFR23;0;315;5;
RM-67-StNE-TRWFR24;0;315;5;
RM-74-StNE-TREFR26;0;308;5;
RM-74-StNE-TREFR27;0;308;5;
RM-74-StNE-TREFR28;0;308;5;
RM-74-StNE-TREFR29;0;308;5;
RM-74-StNE-TREFR30;0;308;5;
RM-74-StNE-TREFR31;0;308;5;
RM-74-StNE-TREFR33;0;308;5;
RM-74-StNE-TREFR34;0;308;5;
RM-74-StNE-TREFR35;0;308;5;
RM-74-StNE-TREFR36;0;308;5;
RM-74-StNE-TREFR37;0;308;5;
RM-74-StNE-TREFR38;0;308;5;
RM-74-StNE-TREFR39;0;308;5;
RM-74-StNE-TREFR40;0;308;5;
RM-74-StNE-TREFR41;0;308;5;
RM-74-StNE-TREFR42;0;308;5;
RM-74-StNE-TREFR43;0;308;5;
RM-74-StNE-TREFR44;0;308;5;
RM-74-StNE-TREFR45;0;308;5;
RM-74-StNE-TREFR46;0;308;5;
RM-74-StNE-TREFR47;0;308;5;
RM-74-StNE-TREFR48;0;308;5;
RM-74-StNE-TREFR49;0;308;5;
RM-74-StNE-TREFR50;0;308;5;
RM-74-StNE-TREFR51;0;308;5;
RM-74-StNE-TREFR52;0;308;5;
RM-74-StNE-TREFR53;0;308;5;
RM-74-StNE-TREFR54;0;308;5;
RM-74-StNE-TREFR55;0;308;5;
RM-74-StNE-TREFR56;0;308;5;
RM-74-StNE-TREFR57;0;308;5;
RM-74-StNE-TREFR58;0;308;5;
RM-74-StNE-TREFR59;0;308;5;
RM-74-StNE-TREFR60;0;308;5;
RM-74-StNE-TREFR61;0;308;5;
RM-74-StNE-TREFR62;0;308;5;
RM-74-StNE-TREFR63;0;308;5;
RM-74-StNE-TREFR64;0;308;5;
RM-74-StNE-TREFR65;0;308;5;
RM-74-StNE-TREFR66;0;308;5;
RM-74-StNE-TREFR67;0;308;5;
RM-74-StNE-TREFR68;0;308;5;
RM-74-StNE-TREFR69;0;308;5;
RM-74-StNE-TREFR70;0;308;5;
RM-74-StNE-TREFR71;0;308;5;
RM-74-StNE-TREFR72;0;308;5;
RM-74-StNE-TREFR73;0;308;5;
RM-74-StNE-TREFR74;0;308;5;
RM-74-StNE-TREFR75;0;308;5;
RM-74-StNE-TREFR76;0;308;5;
RM-74-StNE-TREFR77;0;308;5;
RM-74-StNE-TREFR78;0;308;5;
RM-74-StNE-TREFR79;0;308;5;
RM-74-StNE-TREFR80;0;308;5;
RM-74-StNE-TREFR81;0;308;5;
RM-74-StNE-TREFR82;0;308;5;
RM-74-StNE-TREFR83;0;308;5;
RM-74-StNE-TREFR84;0;308;5;
RM-74-StNE-TREFR85;0;308;5;
RM-74-StNE-TREFR86;0;308;5;
RM-74-StNE-TREFR87;0;308;5;
RM-74-StNE-TREFR88;0;308;5;
RM-74-StNE-TREFR89;0;308;5;
RM-74-StNE-TREFR90;0;308;5;
RM-74-StNE-TREFR91;0;308;5;
RM-74-StNE-TREFR92;0;308;5;
RM-74-StNE-TREFR93;0;308;5;
RM-74-StNE-TREFR94;0;308;5;
RM-74-StNE-TREFR95;0;308;5;
RM-67-StNE-TRWFR25;0;305;5;
RM-67-StNE-TRWFR26;0;305;5;
RM-67-StNE-TRWFR27;0;305;5;
RM-67-StNE-TRWFR28;0;305;5;
RM-67-StNE-TRWFR29;0;305;5;
RM-67-StNE-TRWFR30;0;305;5;
RM-67-StNE-TRWFR31;0;305;5;
RM-67-StNE-TRWFR32;0;305;5;
RM-67-StNE-TRWFR33;0;305;5;
RM-67-StNE-TRWFR34;0;305;5;
RM-38-StNE-TREFR0;0;130;5;
RM-38-StNE-TREFR1;0;130;5;
RM-38-StNE-TREFR2;0;130;5;
RM-38-StNE-TREFR3;0;130;5;
RM-38-StNE-TREFR4;0;130;5;
RM-38-StNE-TREFR5;0;130;5;
RM-38-StNE-TREFR6;0;130;5;
RM-38-StNE-TREFR7;0;130;5;
RM-38-StNE-TREFR8;0;130;5;
RM-38-StNE-TREFR9;0;130;5;
RM-38-StNE-TREFR10;0;130;5;
RM-38-StNE-TREFR11;0;130;5;
RM-38-StNE-TREFR12;0;130;5;
RM-38-StNE-TREFR13;0;130;5;
RM-38-StNE-TREFR14;0;130;5;
RM-38-StNE-TREFR15;0;130;5;
RM-38-StNE-TREFR16;0;130;5;
RM-38-StNE-TREFR17;0;130;5;
RM-38-StNE-TREFR18;0;130;5;
RM-38-StNE-TREFR19;0;130;5;
RM-38-StNE-TREFR20;0;130;5;
RM-38-StNE-TREFR21;0;130;5;
RM-38-StNE-TREFR22;0;130;5;
RM-38-StNE-TREFR23;0;130;5;
RM-38-StNE-TREFR24;0;130;5;
RM-38-StNE-TREFR25;0;130;5;
RM-38-StNE-TREFR26;0;130;5;
RM-38-StNE-TREFR27;0;130;5;
RM-38-StNE-TREFR28;0;130;5;
RM-38-StNE-TREFR29;0;130;5;
RM-38-StNE-TREFR30;0;130;5;
RM-38-StNE-TREFR31;0;130;5;
RM-38-StNE-TREFR32;0;130;5;
RM-38-StNE-TREFR33;0;130;5;
RM-38-StNE-TREFR34;0;130;5;
RM-38-StNE-TREFR35;0;130;5;
RM-38-StNE-TREFR36;0;130;5;
RM-38-StNE-TREFR37;0;130;5;
RM-38-StNE-TREFR38;0;130;5;
RM-38-StNE-TREFR39;0;130;5;
RM-38-StNE-TREFR40;0;130;5;
RM-38-StNE-TREFR41;0;130;5;
RM-38-StNE-TREFR42;0;130;5;
RM-38-StNE-TREFR43;0;130;5;
RM-38-StNE-TREFR44;0;130;5;
RM-38-StNE-TREFR45;0;130;5;
RM-38-StNE-TREFR46;0;130;5;
RM-38-StNE-TREFR47;0;130;5;
RM-38-StNE-TREFR48;0;130;5;
RM-38-StNE-TREFR49;0;130;5;
RM-38-StNE-TREFR50;0;130;5;
RM-38-StNE-TREFR51;0;130;5;
RM-38-StNE-TREFR52;0;130;5;
RM-38-StNE-TREFR53;0;130;5;
RM-38-StNE-TRWFR0;0;130;5;
RM-38-StNE-TRWFR1;0;130;5;
RM-38-StNE-TRWFR2;0;130;5;
RM-38-StNE-TRWFR3;0;130;5;
RM-38-StNE-TRWFR4;0;130;5;
RM-38-StNE-TRWFR5;0;130;5;
RM-38-StNE-TRWFR6;0;130;5;
RM-38-StNE-TRWFR7;0;130;5;
RM-38-StNE-TRWFR8;0;130;5;
RM-38-StNE-TRWFR9;0;130;5;
RM-38-StNE-TRWFR10;0;130;5;
RM-38-StNE-TRWFR11;0;130;5;
RM-38-StNE-TRWFR12;0;130;5;
RM-38-StNE-TRWFR13;0;130;5;
RM-38-StNE-TRWFR14;0;130;5;
RM-38-StNE-TRWFR15;0;130;5;
RM-38-StNE-TRWFR16;0;130;5;
RM-38-StNE-TRWFR17;0;130;5;
RM-38-StNE-TRWFR18;0;130;5;
RM-38-StNE-TRWFR19;0;130;5;
RM-38-StNE-TRWFR20;0;130;5;
RM-38-StNE-TRWFR21;0;130;5;
RM-38-StNE-TRWFR22;0;130;5;
RM-38-StNE-TRWFR23;0;130;5;
RM-38-StNE-TRWFR24;0;130;5;
RM-38-StNE-TRWFR25;0;130;5;
RM-38-StNE-TRWFR26;0;130;5;
RM-38-StNE-TRWFR27;0;130;5;
RM-38-StNE-TRWFR28;0;130;5;
RM-38-StNE-TRWFR29;0;130;5;
RM-38-StNE-TRWFR30;0;130;5;
RM-38-StNE-TRWFR31;0;130;5;
RM-38-StNE-TRWFR32;0;130;5;
RM-38-StNE-TRWFR33;0;130;5;
RM-38-StNE-TRWFR34;0;130;5;
RM-38-StNE-TRWFR35;0;130;5;
RM-38-StNE-TRWFR36;0;130;5;
RM-38-StNE-TRWFR37;0;130;5;
RM-38-StNE-TRWFR38;0;130;5;
RM-38-StNE-TRWFR39;0;130;5;
RM-38-StNE-TRWFR40;0;130;5;
RM-38-StNE-TRWFR41;0;130;5;
RM-38-StNE-TRWFR42;0;130;5;
RM-38-StNE-TRWFR43;0;130;5;
RM-38-StNE-TRWFR44;0;130;5;
RM-38-StNE-TRWFR45;0;130;5;
RM-38-StNE-TRWFR46;0;130;5;
RM-38-StNE-TRWFR47;0;130;5;
RM-38-StNE-TRWFR48;0;130;5;
RM-38-StNE-TRWFR49;0;130;5;
RM-38-StNE-TRWFR50;0;130;5;
RM-38-StNE-TRWFR51;0;130;5;
RM-38-StNE-TRWFR52;0;130;5;
RM-38-StNE-TRWFR53;0;130;5;
RM-38-StNE-TRWFR54;0;130;5;
RM-38-StNE-TRWFR55;0;130;5;
RM-38-StNE-TRWFR56;0;130;5;
RM-100TailleACE1R8;0;328;4;
RM-100TailleACE1R9;0;328;4;
RM-100TailleACE1R10;0;328;4;
RM-100TailleACE1R11;0;328;4;
RM-100TailleACE1R12;0;328;4;
RM-100TailleACE4R8;0;326;4;
RM-100TailleACE4R9;0;326;4;
RM-100TailleACE4R10;0;326;4;
RM-60TailleAcCW5R29;0;330;2;
RM-60TailleAcCW5R30;0;330;2;
RM-60TailleAcCW5R31;0;330;2;
RM-60TailleAcCW5R32;0;330;2;
RM-60TailleAcCW5R33;0;330;2;
RM-60TailleAcCW5R34;0;330;2;
RM-60TailleAcCW5R35;0;330;2;
RM-60TailleAcCW5R36;0;330;2;
RM-60TailleAcCW5R37;0;330;2;
RM-60TailleAcCW5R38;0;330;2;
RM-74-StNE-TRWFR15;0;320;2;
RM-74-StNE-TRWFR16;0;320;2;
RM-74-StNE-TRWFR18;0;320;2;
RM-74-StNE-TRWFR19;0;320;2;
RM-60TailleAcCE5R38;0;319;2;
RM-60TailleAcCE5R39;0;319;2;
RM-60TailleAcCE5R40;0;319;2;
RM-60TailleAcCE5R41;0;319;2;
RM-60TailleAcCE5R42;0;319;2;
RM-60TailleAcCE5R43;0;319;2;
RM-60TailleAcCE5R44;0;319;2;
RM-60TailleAcCE5R45;0;319;2;
RM-60TailleAcCE5R46;0;319;2;
RM-60TailleAcCE5R47;0;319;2;
RM-60TailleAcCE5R48;0;319;2;
RM-60TailleAcCE5R49;0;319;2;
RM-60TailleAcCE5R50;0;319;2;
RM-60TailleAcCE5R51;0;319;2;
RM-60TailleAcCE5R52;0;319;2;
RM-60TailleAcCE5R53;0;319;2;
RM-60TailleAcCE5R54;0;319;2;
RM-60TailleAcCE5R55;0;319;2;
RM-40TrAcEF12;0;359;0;
RM-40TrAcEF14;0;359;0;
RM-40TrAcEF11;0;358;0;
RM-40TrRW5F2;0;358;0;
RM-40TrRW5F3;0;358;0;
RM-40TrAcEF10;0;357;0;
RM-40RW5;0;353.93;0;
RM-40TrRW5F4;0;352;0;
RM-40TrRW5F6;0;352;0;
RM-40TrRW5F5;0;350;0;
RM-40TrRW5F7;0;350;0;
RM-40TrRE-5F29;0;349.32;0;
RM-40TrRE-1F6;0;348;0;
RM-40TrAcEF9;0;347;0;
RM-40RE9;0;346.6;0;
RM-40RE5;0;346.01;0;
RM-40TrRW5F8;0;346;0;
RM-40TrAcEF22;0;345.74;0;
RM-40TrRE-7F14;0;345;0;
RM-40TrRE-7F15;0;345;0;
RM-40TrRE-7F16;0;345;0;
RM-40TrRE-1F7;0;344;0;
RM-40TrRE-7F17;0;343;0;
RM-40TrRW5F9;0;343;0;
RM-40TrAcEF57;0;342.32;0;
RM-40TrRE-5F28;0;342.18;0;
RM-40TrAcEF58;0;342.09;0;
RM-40TrRE0F2;0;342;0;
RM-40TrRE-7F13;0;342;0;
RM-40TrRW5F10;0;342;0;
RM-40RW6;0;341.8;0;
RM-40TrAcEF59;0;341.38;0;
RM-40TrRE0F7;0;341;0;
RM-40TrRE-7F18;0;341;0;
RM-40TrRE7F7;0;341;0;
RM-40TrRW5F12;0;341;0;
RM-40TrRE-5F30;0;340.88;0;
RM-40TrAcEF56;0;340.4;0;
RM-40TrAcEF45;0;340.02;0;
RM-40TrRE0F1;0;340;0;
RM-40TrRE7F5;0;340;0;
RM-40TrRE7F6;0;340;0;
RM-40TrRE-8F6;0;340;0;
RM-40TrRW5F11;0;340;0;
RM-40TrRW5F13;0;340;0;
RM-40TrAcEF46;0;339.86;0;
RM-40TrAcEF60;0;339.8;0;
RM-40RE3;0;339.7;0;
RM-40TrRE0F4;0;339;0;
RM-40TrRE0F5;0;339;0;
RM-40TrRE0F6;0;339;0;
RM-40TrRE0F8;0;339;0;
RM-40TrRE-7F12;0;339;0;
RM-40TrRE7F4;0;339;0;
RM-40TrRW5F14;0;339;0;
RM-40TrAcEF55;0;338.94;0;
RM-40TrAcEF61;0;338.75;0;
RM-40TrAcEF48;0;338.45;0;
RM-40TrAcEF52;0;338.23;0;
RM-40TrRE-2F6;0;338;0;
RM-40TrRE-2F7;0;338;0;
RM-40TrRE7F2;0;338;0;
RM-40TrRE-8F11;0;338;0;
RM-40TrRE-8F5;0;338;0;
RM-40TrRE-8F7;0;338;0;
RM-40TrRE-8F8;0;338;0;
RM-40TrRW5F15;0;338;0;
RM-40TrAcEF54;0;337.71;0;
RM-40TrAcEF44;0;337.6;0;
RM-40TrAcEF51;0;337.6;0;
RM-40RE8;0;337.21;0;
RM-40TrAcEF7;0;337;0;
RM-40TrRE-2F5;0;337;0;
RM-40TrRE-3F9;0;337;0;
RM-40TrRE-4F11;0;337;0;
RM-40TrRE7F1;0;337;0;
RM-40TrRE-8F10;0;337;0;
RM-40TrRE-8F12;0;337;0;
RM-40TrRE-8F14;0;337;0;
RM-40TrRE-8F15;0;337;0;
RM-40RE6;0;336.94;0;
RM-40TrAcEF47;0;336.82;0;
RM-40TrAcEF53;0;336.49;0;
RM-40TrAcEF40;0;336.43;0;
RM-40TrRE-10F33;0;336.04;0;
RM-40TrRE0F9;0;336;0;
RM-40TrRE-2F14;0;336;0;
RM-40TrRE-2F9;0;336;0;
RM-40TrRE-4F10;0;336;0;
RM-40TrRE-4F12;0;336;0;
RM-40TrRE-5F23;0;336;0;
RM-40TrRE7F3;0;336;0;
RM-40TrRE-8F13;0;336;0;
RM-40TrRE-8F4;0;336;0;
RM-40TrRE-8F9;0;336;0;
RM-40TrRW4F3;0;336;0;
RM-40TrRW4F7;0;336;0;
RM-40TrRW-8F2;0;336;0;
RM-40TrAcEF43;0;335.64;0;
RM-40TrRW2F10;0;335.58;0;
RM-40TrRE-10F34;0;335.55;0;
RM-40TrRE-5F31;0;335.53;0;
RM-40TrAcEF41;0;335.35;0;
RM-40TrAcEF49;0;335.2;0;
RM-40TrAcEF42;0;335.09;0;
RM-40TrRE-1F5;0;335;0;
RM-40TrRE-2F8;0;335;0;
RM-40TrRE-8F1;0;335;0;
RM-40TrRE-8F3;0;335;0;
RM-40TrRW4F5;0;335;0;
RM-40TrRW4F6;0;335;0;
RM-40TrRW4F8;0;335;0;
RM-40TrRW7F1;0;335;0;
RM-40TrRW7F2;0;335;0;
RM-40TrRW2F9;0;334.96;0;
RM-40TrRW2F1;0;334.46;0;
RM-40TrAcEF50;0;334.42;0;
RM-40TrAcEF39;0;334.19;0;
RM-40TrRW3F10;0;334.16;0;
RM-40TrRE-2F13;0;334;0;
RM-40TrRE-3F8;0;334;0;
RM-40TrRE-4F22;0;334;0;
RM-40TrRE-5F27;0;334;0;
RM-40TrRE-6F1;0;334;0;
RM-40TrRW4F2;0;334;0;
RM-40TrRW7F5;0;334;0;
RM-40TrRW7F6;0;334;0;
RM-40TrRW7F7;0;334;0;
RM-40TrRW2F3;0;333.8;0;
RM-40TrRW9F30;0;333.68;0;
RM-40TrRE-10F35;0;333.6;0;
RM-40TrRE-10F36;0;333.59;0;
RM-40TrAcEF26;0;333.59;0;
RM-40TrRW3F2;0;333.41;0;
RM-40TrAcEF38;0;333.13;0;
RM-40TrAcEF29;0;333.03;0;
RM-40RE1;0;333;0;
RM-40TrAcEF6;0;333;0;
RM-40TrRE-10F30;0;333;0;
RM-40TrRE-2F10;0;333;0;
RM-40TrRE-2F4;0;333;0;
RM-40TrRE-4F13;0;333;0;
RM-40TrRE-6F2;0;333;0;
RM-40TrRE-8F2;0;333;0;
RM-40TrRW7F3;0;333;0;
RM-40TrAcEF28;0;332.88;0;
RM-40TrRW3F3;0;332.86;0;
RM-40TrAcEF37;0;332.8;0;
RM-40TrRW2F4;0;332.57;0;
RM-40RE2;0;332.5;0;
RM-40TrAcEF35;0;332.46;0;
RM-40TrAcEF23;0;332.38;0;
RM-40RW3;0;332.16;0;
RM-40TrRW3F6;0;332.08;0;
RM-40TrRW3F8;0;332.05;0;
RM-40TrRW2F2;0;332.03;0;
RM-40TrRE-10F29;0;332;0;
RM-40TrRE-2F11;0;332;0;
RM-40TrRE-2F12;0;332;0;
RM-40TrRE-3F1;0;332;0;
RM-40TrRE-6F3;0;332;0;
RM-40TrRE-6F4;0;332;0;
RM-40TrRW4F4;0;332;0;
RM-40TrRW7F8;0;332;0;
RM-40TrAcEF31;0;331.96;0;
RM-40TrRW9F29;0;331.86;0;
RM-40TrRW3F1;0;331.84;0;
RM-40TrRE-10F37;0;331.69;0;
RM-40TrRW3F9;0;331.68;0;
RM-40TrAcEF30;0;331.65;0;
RM-40TrRE2F2;0;331.45;0;
RM-40TrAcEF20;0;331.26;0;
RM-40TrRE2F8;0;331.24;0;
RM-40TrRW3F7;0;331.14;0;
RM-40TrAcEF27;0;331.06;0;
RM-40TrRW9F42;0;331.05;0;
RM-40TrRE2F1;0;331.01;0;
RM-40TrRE0F10;0;331;0;
RM-40TrRE-10F27;0;331;0;
RM-40TrRE-10F28;0;331;0;
RM-40TrRE-10F31;0;331;0;
RM-40TrRE-10F32;0;331;0;
RM-40TrRE-5F24;0;331;0;
RM-40TrRE-5F26;0;331;0;
RM-40TrRE-5F32;0;331;0;
RM-40TrRE-6F5;0;331;0;
RM-40TrRW-8F1;0;331;0;
RM-40TrAcEF36;0;331;0;
RM-40TrAcEF32;0;330.89;0;
RM-40TrRW3F5;0;330.79;0;
RM-40TrRE-10F39;0;330.76;0;
RM-40TrAcEF33;0;330.67;0;
RM-40TrRW3F4;0;330.5;0;
RM-40TrAcEF24;0;330.43;0;
RM-40RW7;0;330.39;0;
RM-40TrRE2F4;0;330.37;0;
RM-40TrRW2F11;0;330.31;0;
RM-40TrRW2F12;0;330.31;0;
RM-40TrRW2F13;0;330.31;0;
RM-40TrRE-10F38;0;330.2;0;
RM-40TrRW9F31;0;330.13;0;
RM-40TrRE-10F40;0;330.06;0;
RM-40RW2;0;330.05;0;
RM-40TrAcEF5;0;330;0;
RM-40TrRE-10F26;0;330;0;
RM-40TrRE-3F7;0;330;0;
RM-40TrRE-4F14;0;330;0;
RM-40TrRE-5F25;0;330;0;
RM-40TrRE-9F18;0;330;0;
RM-40TrRE-9F19;0;330;0;
RM-40TrRE-9F21;0;330;0;
RM-40TrRE-9F22;0;330;0;
RM-40TrRW7F10;0;330;0;
RM-40TrRW7F11;0;330;0;
RM-40TrRW7F4;0;330;0;
RM-40TrRW2F5;0;329.99;0;
RM-40TrRW2F6;0;329.99;0;
RM-40TrRW2F7;0;329.99;0;
RM-40TrRW2F8;0;329.99;0;
RM-40TrRE2F3;0;329.63;0;
RM-40TrRE2F5;0;329.63;0;
RM-40TrRE2F6;0;329.61;0;
RM-40TrAcEF34;0;329.11;0;
RM-40TrRE0F11;0;329;0;
RM-40TrRE-3F2;0;329;0;
RM-40TrRE-3F6;0;329;0;
RM-40TrRE-4F21;0;329;0;
RM-40TrRE-6F11;0;329;0;
RM-40TrRE-6F6;0;329;0;
RM-40TrRE-9F16;0;329;0;
RM-40TrRE-9F17;0;329;0;
RM-40TrRE-9F24;0;329;0;
RM-40TrRW7F9;0;329;0;
RM-40TrRE-10F41;0;328.82;0;
RM-40TrAcEF25;0;328.81;0;
RM-40TrRW2F14;0;328.58;0;
RM-40TrRE2F7;0;328.45;0;
RM-40RE7;0;328.32;0;
RM-40TrAcEF4;0;328;0;
RM-40TrRE0F12;0;328;0;
RM-40TrRE-2F1;0;328;0;
RM-40TrRE-2F2;0;328;0;
RM-40TrRE-3F4;0;328;0;
RM-40TrRE-3F5;0;328;0;
RM-40TrRE-4F18;0;328;0;
RM-40TrRE-4F19;0;328;0;
RM-40TrRE-6F10;0;328;0;
RM-40TrRE-6F8;0;328;0;
RM-40TrRE-9F20;0;328;0;
RM-40TrRE-9F23;0;328;0;
RM-40TrRW9F43;0;327.58;0;
RM-40TrRW9F28;0;327.46;0;
RM-40TrRW9F34;0;327.43;0;
RM-40TrRE-3F3;0;327;0;
RM-40TrRE-4F20;0;327;0;
RM-40TrRE-6F7;0;327;0;
RM-40TrRE-6F9;0;327;0;
RM-40TrRE-9F25;0;327;0;
RM-40TrRW9F40;0;326.84;0;
RM-40TrRW9F35;0;326.68;0;
RM-40TrRE-10F42;0;326.63;0;
RM-40TrRW9F33;0;326.4;0;
RM-40TrRE2F9;0;326.29;0;
RM-40TrAcEF3;0;326;0;
RM-40TrRE0F13;0;326;0;
RM-40TrRE-2F3;0;326;0;
RM-40TrRW4F1;0;326;0;
RM-40TrRE-10F43;0;325.95;0;
RM-40TrRW9F45;0;325.47;0;
RM-40TrAcWF1;0;325;0;
RM-40TrAcWF3;0;325;0;
RM-40TrRE-4F15;0;325;0;
RM-40TrRE-4F16;0;325;0;
RM-40TrRE-4F17;0;325;0;
RM-40TrRW0F1;0;324.98;0;
RM-40TrRW9F44;0;324.88;0;
RM-40TrRE-10F44;0;324.86;0;
RM-40TrRW9F26;0;324.25;0;
RM-40TrRW9F27;0;324.12;0;
RM-40TrAcWF23;0;324;0;
RM-40TrAcWF4;0;324;0;
RM-40TrAcWF5;0;324;0;
RM-40TrAcWF6;0;324;0;
RM-40TrAcWF7;0;324;0;
RM-40TrRE0F14;0;324;0;
RM-40TrRE0F15;0;324;0;
RM-40TrRE-1F1;0;324;0;
RM-40TrRW8F12;0;324;0;
RM-40TrRW8F13;0;324;0;
RM-40RW1;0;323.92;0;
RM-40TrRE-10F56;0;323.74;0;
RM-40TrRE-10F49;0;323.65;0;
RM-40TrAcEF19;0;323.59;0;
RM-40TrRW9F47;0;323.36;0;
RM-40TrRW0F7;0;323.34;0;
RM-40TrRW0F6;0;323.34;0;
RM-40TrRW9F32;0;323.13;0;
RM-40TrAcEF2;0;323;0;
RM-40TrAcWF10;0;323;0;
RM-40TrAcWF2;0;323;0;
RM-40TrRE-1F2;0;323;0;
RM-40TrRE-1F4;0;323;0;
RM-40TrRE-10F55;0;322.84;0;
RM-40TrRW9F46;0;322.54;0;
RM-40TrRE-10F58;0;322.37;0;
RM-40TrRE-10F45;0;322.31;0;
RM-40RW4;0;322.31;0;
RM-40TrRE-10F54;0;322.31;0;
RM-40TrRE-10F50;0;322.22;0;
RM-40TrAcWF21;0;322;0;
RM-40TrAcWF24;0;322;0;
RM-40TrAcWF31;0;322;0;
RM-40TrAcWF32;0;322;0;
RM-40TrAcWF33;0;322;0;
RM-40TrRE-10F63;0;321.73;0;
RM-40TrRE-10F61;0;321.69;0;
RM-40TrRE-10F57;0;321.67;0;
RM-40TrRE-10F46;0;321.6;0;
RM-40TrRE-10F51;0;321.55;0;
RM-40TrRE-10F62;0;321.54;0;
RM-40TrRW9F39;0;321.32;0;
RM-40TrRW0F5;0;321.31;0;
RM-40TrRW0F2;0;321.31;0;
RM-40TrRW9F48;0;321.31;0;
RM-40TrRW9F38;0;321.16;0;
RM-40TrRE-10F52;0;321.14;0;
RM-40TrRW0F3;0;321.05;0;
RM-40TrAcEF1;0;321;0;
RM-40TrAcWF19;0;321;0;
RM-40TrAcWF20;0;321;0;
RM-40TrAcWF22;0;321;0;
RM-40TrAcWF8;0;321;0;
RM-40TrRE-10F48;0;321;0;
RM-40TrRE-10F53;0;320.68;0;
RM-40TrRE-10F47;0;320.58;0;
RM-40TrRE-10F60;0;320.58;0;
RM-40TrRW9F36;0;320.19;0;
RM-40TrRW9F56;0;320.07;0;
RM-40TrAcWF13;0;320;0;
RM-40TrAcWF25;0;320;0;
RM-40TrAcWF30;0;320;0;
RM-40TrAcWF34;0;320;0;
RM-40TrAcWF9;0;320;0;
RM-40TrRE-1F3;0;320;0;
RM-40TrRW9F25;0;319.7;0;
RM-40TrRE-10F59;0;319.43;0;
RM-40TrAcWF17;0;319;0;
RM-40TrAcWF18;0;319;0;
RM-40TrAcWF26;0;319;0;
RM-40TrAcWF29;0;319;0;
RM-40TrRW9F61;0;318.67;0;
RM-40R0;0;318.5;0;
RM-40TrRW0F4;0;318.05;0;
RM-40TrAcWF14;0;318;0;
RM-40TrAcWF27;0;318;0;
RM-40TrRW9F37;0;317.87;0;
RM-40TrRW9F49;0;317.87;0;
RM-40TrRW9F54;0;317.8;0;
RM-40TrRW9F59;0;317.71;0;
RM-40TrRW9F50;0;317.19;0;
RM-40TrAcWF15;0;317;0;
RM-40TrRW9F57;0;316.91;0;
RM-40TrRW9F55;0;316.88;0;
RM-40TrRW9F52;0;316.55;0;
RM-40RE4;0;316.49;0;
RM-40TrRW9F58;0;316.39;0;
RM-40TrAcWF12;0;316;0;
RM-40TrRW8F14;0;316;0;
RM-40TrRW9F60;0;315.47;0;
RM-40TrRW9F51;0;315.29;0;
RM-40TrAcWF16;0;315;0;
RM-40TrAcWF35;0;315;0;
RM-40TrRW8F19;0;315;0;
RM-40TrRW8F20;0;315;0;
RM-40TrRW9F53;0;314.97;0;
RM-40RW8;0;314.58;0;
RM-40TrRW8F17;0;314;0;
RM-40TrRW8F18;0;314;0;
RM-40TrRW9F24;0;313.99;0;
RM-40TrRW8F16;0;313;0;
RM-40TrRW8F15;0;312;0;
RM-40RW9;0;311;0;
RM-40TrRW9F21;0;310.54;0;
RM-40TrRW9F23;0;309.74;0;
RM-40TrAcEF18;0;309.16;0;
RM-40TrRW9F22;0;307.86;0;
RM-40TrAcEF17;0;305.95;0;
RM-40TrAcEF15;0;303.76;0;
RM-40TrAcEF16;0;303.67;0;
RM-40TrAcEF13;0;1;0;
TRW_FR1_10;0;150;10;
TRW_FR2_10;0;150;10;
TRW_FR3_10;0;150;10;
TRW_FR4_10;0;150;10;
TRW_FR5_10;0;150;10;
TRW_FR6_10;0;150;10;
TRW_FR7_10;0;150;10;
TRW_FR8_10;0;150;10;
TRW_FR9_10;0;150;10;
TRW_FR10_10;0;150;10;
TRW_FR11_10;0;150;10;
TRE_FR0_10;0;150;10;
TRE_FR1_10;0;150;10;
TRE_FR2_10;0;150;10;
TRE_FR3_10;0;150;10;
